{"type":"FeatureCollection","crs":{"type":"name","properties":{"name":"EPSG:4326"}},"features":[{"type":"Feature","id":1,"geometry":{"type":"Polygon","coordinates":[[[-1.34864814163191,53.5833309390048],[-1.32673312949869,53.5581318185051],[-1.29739018156427,53.5513228544638],[-1.28701306636483,53.5377045607105],[-1.29385862952532,53.5358555388032],[-1.27578924983934,53.5297909852567],[-1.28613979860778,53.5267152794685],[-1.27653204275854,53.5206010109938],[-1.28318515335672,53.5156768061917],[-1.31256494689284,53.5137371357691],[-1.38006931020018,53.5142153165045],[-1.39635606334135,53.5052577243323],[-1.40850669505532,53.5033009870853],[-1.41503538565207,53.4924903996487],[-1.42787619090893,53.4858505370672],[-1.44094171617855,53.4911462297765],[-1.45216313092571,53.4850401210809],[-1.45033258074413,53.4776565654861],[-1.45520404813545,53.4717660187394],[-1.46385048631143,53.4780235171144],[-1.49471619072555,53.4863247461086],[-1.49450717466371,53.4810236189815],[-1.50737193366582,53.4666179952654],[-1.51481376791369,53.4636666406772],[-1.51813066960543,53.4572438419577],[-1.51313081511178,53.451483068174],[-1.52636361733784,53.439093034998],[-1.53189723042172,53.4382967861517],[-1.5459072664036,53.4417564269076],[-1.55120638374277,53.4461925284741],[-1.54736207264402,53.4498805428057],[-1.55138358703796,53.4554550737685],[-1.5404179586744,53.4561127548922],[-1.53909983600302,53.4617013921546],[-1.54963394247996,53.4785166880787],[-1.56601384748656,53.4860778234653],[-1.60661827565131,53.4928848322304],[-1.61448406186811,53.4931172227138],[-1.61497712255068,53.4906209230165],[-1.63383274171107,53.4923907657088],[-1.66851099353557,53.5005466347395],[-1.68880390137396,53.4990979261967],[-1.7011339295711,53.5031416637451],[-1.71116518723187,53.5012125447923],[-1.71980479607422,53.4924825181565],[-1.73181335115496,53.491041967044],[-1.73870779869907,53.4771520403248],[-1.78364830779165,53.4847991330384],[-1.80147073060994,53.4809917132719],[-1.79620994678666,53.5031208296302],[-1.81028733037923,53.5063418279576],[-1.8007795172247,53.5113788497572],[-1.81952371416962,53.5134282248606],[-1.8222288058304,53.521091143843],[-1.804282957208,53.5370133616948],[-1.79757302850525,53.5339218283605],[-1.77187695122711,53.5338525030719],[-1.74133158336255,53.541147504614],[-1.72440376453889,53.552176386692],[-1.72317169644427,53.5598809102776],[-1.70397752640557,53.5602528622188],[-1.69903663565415,53.5538105565303],[-1.66952224688509,53.5532357746454],[-1.66198662971485,53.5536437066276],[-1.66099055788586,53.559678143746],[-1.64811670219448,53.5621921115828],[-1.61569833377895,53.5630437842541],[-1.60966843108445,53.5720932545884],[-1.59619875123466,53.576986883277],[-1.60024169809771,53.5774024420619],[-1.60173525294501,53.5877711433178],[-1.58800815784016,53.5935212812864],[-1.58520661678834,53.6002396976904],[-1.59112526196167,53.6068012978256],[-1.58645311869301,53.6071739355392],[-1.56047090963667,53.6075743650305],[-1.53079031716508,53.5931510844612],[-1.52839535708372,53.5969719462575],[-1.51867575374529,53.5997084153555],[-1.51288311170272,53.596985017766],[-1.50148181706329,53.5998804188897],[-1.49656267469098,53.5973737371621],[-1.49505968900762,53.6031949049886],[-1.49153208673632,53.6027381596923],[-1.49191607514945,53.5967546801246],[-1.48382981665713,53.5948289108079],[-1.44681033822313,53.6128157782608],[-1.43924306269314,53.6070794259374],[-1.43289025856397,53.6089504320575],[-1.42849099426253,53.6049161692325],[-1.40021173508864,53.5986521697817],[-1.37844551967226,53.6066718017589],[-1.36333478770442,53.6013604841251],[-1.35615847316914,53.595372040344],[-1.35143421643799,53.5810810328026],[-1.34864814163191,53.5833309390048]]]},"properties":{"FID":1,"SICBL26CD":"E38000006","SICBL26NM":"NHS South Yorkshire ICB - 02P","ICB26CD":"E54000061","ICB26NM":"NHS South Yorkshire Integrated Care Board","BNG_E":429979,"BNG_N":403330,"LONG":-1.549258,"LAT":53.5258,"GlobalID":"83cad37c-a2c5-4609-8d94-ebf8fa02dbde"}},{"type":"Feature","id":2,"geometry":{"type":"Polygon","coordinates":[[[0.562477425788286,51.6178525368504],[0.561622736998892,51.6124757196442],[0.55664620329661,51.6083947135545],[0.551545294059057,51.6088479683701],[0.549034946196129,51.5965783072185],[0.565566592478146,51.5938582367289],[0.562298082150899,51.5893559165836],[0.568793392742391,51.5873155754972],[0.542989205396766,51.5719198650328],[0.537992473557635,51.5546594096918],[0.544286613221423,51.5464075148068],[0.544256277400809,51.5463578790138],[0.542868599766776,51.5349707041243],[0.535216728093917,51.5311701023267],[0.522551321959993,51.532814661428],[0.51700331906819,51.5301042861007],[0.506059719098647,51.538536163854],[0.491397206330567,51.5402386392218],[0.484841217291532,51.5478756410474],[0.466763559836161,51.54672609449],[0.461617584456966,51.553697090283],[0.446013736217522,51.551177002101],[0.439937173973407,51.5451136583334],[0.431000987147561,51.5497230014767],[0.42769064289859,51.54513128775],[0.426620228512451,51.5518765848208],[0.418247783797672,51.5508176448077],[0.421082748093938,51.5529663552519],[0.417397031904093,51.557133106951],[0.393532517561788,51.5576550076087],[0.391809601316908,51.5672125807826],[0.31303521811723,51.5658181534423],[0.290289907842405,51.5642994078103],[0.286752804167269,51.5734638670377],[0.271288416509419,51.5890303064553],[0.269877967165849,51.5995738955358],[0.25400911953509,51.6015982107055],[0.264560746908838,51.6083204361723],[0.252194293964017,51.6177694286674],[0.224087163329378,51.6317374241621],[0.20031117156704,51.6249358307636],[0.194622646445085,51.6409795571031],[0.175702682997305,51.6557918948318],[0.192990172947834,51.6530989558082],[0.190857208013878,51.6598204114126],[0.208156781341176,51.6609712633065],[0.206787456009265,51.6644860657277],[0.213300691201985,51.6655342153635],[0.215025840818073,51.6748515617159],[0.239133376369343,51.6741726455865],[0.232546411508609,51.6838467941873],[0.240225857393633,51.6827506624843],[0.244948587552903,51.6880545879336],[0.255113070660405,51.6903014653387],[0.257011900053191,51.6966948761535],[0.265382935751344,51.6996371718193],[0.266868690054126,51.6958190953993],[0.283478006546297,51.6941115088557],[0.302124907498489,51.6809654259601],[0.307456202571075,51.6942911529228],[0.323826161277716,51.7097951892593],[0.323062297197672,51.7141676932194],[0.333999325795866,51.7170129408871],[0.338885738484615,51.7015132058446],[0.346633672640943,51.6939050586756],[0.360551543800054,51.6903843931437],[0.377517749695554,51.6987196326759],[0.38182709289844,51.6936465584372],[0.392025423099355,51.6914570725416],[0.401497451373654,51.6824215089875],[0.397826181299638,51.67946031751],[0.404896401410503,51.6786924758562],[0.412560114558661,51.67089604502],[0.400250815656879,51.6622471522368],[0.402761755835296,51.6596554014036],[0.397061537254594,51.6536513412938],[0.402328290688969,51.6509948876712],[0.433808916176382,51.6495103780808],[0.442935531513163,51.6466557655612],[0.446970981995998,51.641678366125],[0.442893785334206,51.6369976442002],[0.446828094118314,51.6266691138283],[0.460824683119472,51.6235827982815],[0.481465063373904,51.625558219851],[0.504829630842054,51.621716137147],[0.504821348852433,51.6243719146808],[0.514680370829631,51.6269670092448],[0.515554854807808,51.624423232432],[0.52025997911639,51.6254104561448],[0.520822563000505,51.6187909983378],[0.540987072005962,51.6208765640233],[0.544432334826411,51.6179047382866],[0.562477425788286,51.6178525368504]]]},"properties":{"FID":2,"SICBL26CD":"E38000007","SICBL26NM":"NHS Essex ICB - 99E","ICB26CD":"E54000066","ICB26NM":"NHS Essex Integrated Care Board","BNG_E":564014,"BNG_N":194421,"LONG":0.368068,"LAT":51.62471,"GlobalID":"0ec7fbda-1454-4d45-aa55-d3ec848a0c29"}},{"type":"Feature","id":3,"geometry":{"type":"Polygon","coordinates":[[[-0.797483545959022,53.4550643167458],[-0.809540245583496,53.4436126940304],[-0.820515917345847,53.4407475626807],[-0.81809219635187,53.4269788380607],[-0.803632434866958,53.4171424776273],[-0.788625370934507,53.4152611216163],[-0.788133587848443,53.4043599766019],[-0.777139171793022,53.396774325919],[-0.777178132659798,53.3897794914032],[-0.790442519087639,53.3858537096136],[-0.775235779742372,53.3777587813449],[-0.786036345211033,53.3745528948934],[-0.791132385037923,53.3635515781455],[-0.780684623848112,53.3612536645784],[-0.774459184477654,53.3644324926381],[-0.75861642532858,53.3538370622978],[-0.764791369606952,53.3460563396218],[-0.756719664313873,53.3396755372468],[-0.76647379007378,53.3301074130428],[-0.760118154376559,53.3246858850948],[-0.74995611768101,53.3242190714212],[-0.754003364648507,53.3134779852114],[-0.74713782463459,53.3043333185457],[-0.750967094673197,53.2936023145234],[-0.758020564302714,53.2928730988794],[-0.759211494512456,53.2984240408755],[-0.763502246173636,53.2994371979212],[-0.766270991790401,53.2925247123315],[-0.778125300512295,53.283854350422],[-0.764279838905781,53.2727390705316],[-0.773098735536268,53.2607361172411],[-0.770175931945936,53.253097404963],[-0.778486987789737,53.2519923087632],[-0.777074410876472,53.2469081646523],[-0.783443302069396,53.225945425734],[-0.775573823106131,53.2149584130579],[-0.780364805331019,53.196397752422],[-0.790077272576641,53.1991467168627],[-0.787292548834167,53.2045653577212],[-0.815723656834554,53.2049186914687],[-0.821572231810743,53.2013491414381],[-0.832060788709336,53.206729869941],[-0.830520888186009,53.212830805611],[-0.836956471346193,53.2136575897146],[-0.830798529857231,53.2175653602767],[-0.839821181150284,53.2189190162886],[-0.848213378815938,53.2186618872236],[-0.848497947192037,53.2153087783492],[-0.857838751472878,53.2122065614295],[-0.87941083762839,53.2210671883068],[-0.894342538183218,53.2235996239952],[-0.94891937000496,53.2141192436774],[-0.947264571726051,53.2258288947766],[-0.967542213739244,53.2353331942913],[-1.00676678067825,53.2361847719501],[-1.02354837004503,53.2478028006094],[-1.0278774005241,53.2610108998398],[-1.07248346909267,53.2409060173102],[-1.1033371240621,53.2357766880398],[-1.11145903371919,53.2304403812988],[-1.11972759614664,53.2320837832203],[-1.12367414892513,53.2246729906338],[-1.14032894558655,53.2257369052735],[-1.17112058750028,53.2189590873601],[-1.20223700108481,53.2161170401889],[-1.20942428900005,53.2176962786913],[-1.20199698189546,53.235555178699],[-1.21302665881078,53.2476725056716],[-1.2024503480121,53.2612194126694],[-1.17468961597313,53.2651651219003],[-1.18154304654222,53.2700318459384],[-1.16648883462477,53.2776548047235],[-1.1801168617714,53.2871347313516],[-1.17156263572688,53.2946373851374],[-1.17662727760555,53.3051316929661],[-1.18720472302291,53.303979922376],[-1.19973836233179,53.3114383962792],[-1.1924847979944,53.3189830576496],[-1.17448182937551,53.3213908915344],[-1.17511091832347,53.3256772429961],[-1.1457152395426,53.3406547118878],[-1.13868641369035,53.3413951427141],[-1.14107096372078,53.3468064611678],[-1.15685090262121,53.344965988493],[-1.16264707584163,53.3568436973828],[-1.15061201777871,53.3544105008161],[-1.13852822234038,53.355840822759],[-1.14047316154618,53.36397993455],[-1.14647459846801,53.3639434490577],[-1.14596104398621,53.3696373820903],[-1.13056566244606,53.3755873594721],[-1.13131074628722,53.3895564207868],[-1.13460867894903,53.3900315311443],[-1.12289119838994,53.3982922411133],[-1.11560759276275,53.3971687585476],[-1.11598081249377,53.4074084929018],[-1.10819671874314,53.4058843767592],[-1.09867187404498,53.4188203620405],[-1.08703750392664,53.4255287176618],[-1.07916001169055,53.4227733851296],[-1.08036408435065,53.4268834908592],[-1.05628457428296,53.4253231109748],[-1.03095124774397,53.4310138106554],[-1.03046151528002,53.4251814153042],[-1.01428361140132,53.4262773300867],[-1.01237665486662,53.4328042725297],[-0.995906460459213,53.4368519510051],[-0.997340573889043,53.4442581977281],[-0.983448729023247,53.4676202805436],[-0.986019321383427,53.4716413568831],[-0.953328228781869,53.4844129827749],[-0.935581687798874,53.5024987008447],[-0.900533859308088,53.4751555814916],[-0.920247180166508,53.4655069843764],[-0.916265386988433,53.4603031433949],[-0.873732279315474,53.4615256820275],[-0.872046123106417,53.4663604720024],[-0.797483545959022,53.4550643167458]]]},"properties":{"FID":3,"SICBL26CD":"E38000008","SICBL26NM":"NHS Nottingham and Nottinghamshire ICB - 02Q","ICB26CD":"E54000060","ICB26NM":"NHS Nottingham and Nottinghamshire Integrated Care Board","BNG_E":468073,"BNG_N":384833,"LONG":-0.978701,"LAT":53.35603,"GlobalID":"afeb3815-568e-4a90-aa9d-f73a711395a4"}},{"type":"Feature","id":4,"geometry":{"type":"Polygon","coordinates":[[[-2.37123622042533,53.6670806822744],[-2.36274637284026,53.655401361417],[-2.36705515904354,53.6450619439876],[-2.37249441261672,53.6422936103685],[-2.3684971246821,53.6380186221024],[-2.3703279182598,53.631534384783],[-2.37913201833297,53.6308703170148],[-2.39784554678761,53.6322083092038],[-2.40120939658533,53.6245991439918],[-2.42160883803288,53.6238663379707],[-2.42635468705647,53.6265156690491],[-2.42614357088288,53.6350103577206],[-2.43872439292529,53.6460453991888],[-2.44993976824631,53.6419042526613],[-2.44849774568147,53.631884974665],[-2.45828914878583,53.6246313303592],[-2.45378097769635,53.6219744819027],[-2.45970014982814,53.6200427108671],[-2.46346649176659,53.6223201294326],[-2.47302530650018,53.6165827406556],[-2.47919526674249,53.6170359586159],[-2.51132311717838,53.6269951187142],[-2.52006162027065,53.6304817475866],[-2.52457326306961,53.64128657314],[-2.5222699414439,53.6481782659373],[-2.53234390664828,53.6649021319603],[-2.5255492524493,53.6746765017955],[-2.51917062008293,53.6762870829224],[-2.51537556092776,53.691668812764],[-2.53193137306388,53.6964428521096],[-2.53979240616219,53.7021917818214],[-2.54326054488418,53.7098957532826],[-2.53959665945905,53.7176240849674],[-2.54707171138288,53.7217311436696],[-2.54631067642022,53.7249765023692],[-2.55599568571716,53.7260574187036],[-2.55715479211331,53.7346120295586],[-2.56459149179868,53.742458886904],[-2.56160140669043,53.746901227632],[-2.55398697836071,53.7497075168564],[-2.55129809883264,53.7563884289287],[-2.54572438208259,53.7594277282687],[-2.52350339176086,53.7603163192134],[-2.50941308222396,53.7692159629282],[-2.49745634288645,53.7689856616402],[-2.48082652354084,53.7739915001333],[-2.4770877894144,53.7810478789595],[-2.46704769342157,53.7814828634977],[-2.44631695274799,53.7665898130267],[-2.45177991242362,53.7564546785994],[-2.44006773945921,53.7494180289646],[-2.44182997108418,53.7423966089971],[-2.43355243878348,53.7276233814896],[-2.4338687771792,53.7191816363616],[-2.41834569067578,53.7114245018035],[-2.42007310777571,53.7084204235348],[-2.40939253561554,53.7039201047699],[-2.40015009911848,53.6924867795761],[-2.39152767915316,53.6886225885732],[-2.37442409614915,53.6872546226562],[-2.37593484789157,53.6756415127759],[-2.37123622042533,53.6670806822744]]]},"properties":{"FID":4,"SICBL26CD":"E38000014","SICBL26NM":"NHS Lancashire and South Cumbria ICB - 00Q","ICB26CD":"E54000048","ICB26NM":"NHS Lancashire and South Cumbria Integrated Care Board","BNG_E":369490,"BNG_N":422806,"LONG":-2.463604,"LAT":53.70081,"GlobalID":"6375c85c-97d7-4e01-95d1-8f2d78cf1cf3"}},{"type":"Feature","id":5,"geometry":{"type":"Polygon","coordinates":[[[-3.05684956475396,53.7765694296919],[-3.05870851817777,53.783725016961],[-3.05878735130784,53.7840280911487],[-3.0566919204234,53.7951057610462],[-3.06101064072763,53.7953291519783],[-3.05691731916426,53.7954965613476],[-3.05733305460964,53.7985057729035],[-3.05731109804318,53.7987809674197],[-3.05630525326159,53.8113824528439],[-3.05634711442795,53.8124004142907],[-3.05661754631359,53.8189753757129],[-3.05662532165961,53.8191643888581],[-3.05647408830484,53.828741776286],[-3.05642095589189,53.8296336795615],[-3.05632705981414,53.8312097809612],[-3.05573119773682,53.8412087768221],[-3.05557594672643,53.8417818814303],[-3.05487928787874,53.8443533782298],[-3.05483158774554,53.8445294376334],[-3.05291024825252,53.8516197547881],[-3.05140103417761,53.857187527476],[-3.05126730626323,53.8577296809169],[-3.04923132709811,53.8659823562587],[-3.04797239678601,53.8755624958862],[-3.03133564676806,53.87472254469],[-3.02691014166033,53.8692556727159],[-3.01968004551301,53.868587705144],[-3.02261877768974,53.8617150596676],[-3.01401390277689,53.8503196482001],[-3.01850729099127,53.8470477145394],[-3.01521669505625,53.8427164276514],[-3.02044790505896,53.8407314957434],[-3.01906099920267,53.8371130316445],[-3.01550727272876,53.8407289675702],[-3.00763984563279,53.8340417561859],[-3.01363392487332,53.8292284363026],[-3.01166691567105,53.8255905111379],[-2.99500454818609,53.8184887606647],[-2.98335728629075,53.7938034996524],[-2.99934604202788,53.7942646532273],[-3.00396675903865,53.7911365298807],[-3.00612354277401,53.7879348543918],[-2.99656058656604,53.7744495027099],[-3.02880162218824,53.7731166287693],[-3.03280142759039,53.7808125307587],[-3.05684956475396,53.7765694296919]]]},"properties":{"FID":5,"SICBL26CD":"E38000015","SICBL26NM":"NHS Lancashire and South Cumbria ICB - 00R","ICB26CD":"E54000048","ICB26NM":"NHS Lancashire and South Cumbria Integrated Care Board","BNG_E":332817,"BNG_N":436634,"LONG":-3.022025,"LAT":53.82163,"GlobalID":"ae5e0b83-dcf5-484f-a0e8-617afd64fb47"}},{"type":"Feature","id":6,"geometry":{"type":"Polygon","coordinates":[[[-2.37913201833297,53.6308703170148],[-2.38340879708385,53.6255780046582],[-2.37630143862951,53.6220625806306],[-2.37942240987163,53.6204277793061],[-2.3630071838459,53.6103405484676],[-2.36828753024721,53.5960817273275],[-2.37689975562999,53.5932855552349],[-2.37399309953738,53.5709458859035],[-2.36097652289501,53.5683055477465],[-2.35599510743096,53.5605688788124],[-2.35897831392,53.5529368215006],[-2.36218618481742,53.5561154253469],[-2.36671477334628,53.5533467260901],[-2.37358897387239,53.5539141472924],[-2.34153995983469,53.5458630856083],[-2.33823594887034,53.5336482406103],[-2.34628345556567,53.5375294575793],[-2.35368196347342,53.535068326171],[-2.3508662300877,53.5296963699458],[-2.35442048391493,53.5262702720954],[-2.38520087000472,53.5314649269087],[-2.39835399071173,53.5383096515529],[-2.43720201547577,53.5421392017591],[-2.44310904432475,53.5323508333625],[-2.45111445654814,53.5286520410684],[-2.50586718604015,53.5389729986334],[-2.51018003711812,53.5340917822962],[-2.51553117044805,53.5358045287732],[-2.51634896669676,53.5288708973311],[-2.53374693425573,53.5231151600041],[-2.54499574751465,53.533401885148],[-2.56176860778501,53.5389141452063],[-2.5596204136659,53.5463749364076],[-2.56960384445467,53.5478552472358],[-2.56104918667156,53.5532911019756],[-2.5633799259584,53.5595399173619],[-2.55960309283406,53.5612501266998],[-2.56847182558238,53.5647143910769],[-2.56573339580722,53.5700547121143],[-2.579135383412,53.5779726816321],[-2.57778704052797,53.5811009825112],[-2.59619271192613,53.588834755028],[-2.61806105350648,53.5911146455189],[-2.6275645347697,53.5894137901822],[-2.62590676980085,53.5936833478179],[-2.61739564090313,53.5958362719513],[-2.615158333153,53.6028238283815],[-2.59592604513984,53.6108151517474],[-2.58283600322426,53.6046143122757],[-2.57400380607908,53.5942905510498],[-2.56927814388952,53.5955968446557],[-2.55940159134754,53.59904314834],[-2.55169995202445,53.6079044647898],[-2.53901906187664,53.6108283630439],[-2.51132311717838,53.6269951187142],[-2.47919526674249,53.6170359586159],[-2.47302530650018,53.6165827406556],[-2.46346649176659,53.6223201294326],[-2.45970014982814,53.6200427108671],[-2.45378097769635,53.6219744819027],[-2.45828914878583,53.6246313303592],[-2.44849774568147,53.631884974665],[-2.44993976824631,53.6419042526613],[-2.43872439292529,53.6460453991888],[-2.42614357088288,53.6350103577206],[-2.42635468705647,53.6265156690491],[-2.42160883803288,53.6238663379707],[-2.40120939658533,53.6245991439918],[-2.39784554678761,53.6322083092038],[-2.37913201833297,53.6308703170148]]]},"properties":{"FID":6,"SICBL26CD":"E38000016","SICBL26NM":"NHS Greater Manchester ICB - 00T","ICB26CD":"E54000057","ICB26NM":"NHS Greater Manchester Integrated Care Board","BNG_E":368353,"BNG_N":409877,"LONG":-2.479506,"LAT":53.58453,"GlobalID":"a9fd98a0-b908-4c16-9762-07439d67289c"}},{"type":"Feature","id":7,"geometry":{"type":"Polygon","coordinates":[[[-0.135009818160834,50.8866345060496],[-0.135283623138147,50.8781049911549],[-0.124209874913441,50.8779752882325],[-0.121800361144401,50.873428002089],[-0.104914944714369,50.8723434772559],[-0.0975189603577462,50.8779453664593],[-0.0849274559544726,50.8731196436158],[-0.0788321209297083,50.8538049858013],[-0.0707789300844857,50.8458187319482],[-0.0734416914789852,50.8412444971842],[-0.0455856114871399,50.844967805959],[-0.0368425200857734,50.8412390539192],[-0.0391037271046526,50.8286325101824],[-0.0459675985686916,50.8218251916127],[-0.0302293702216528,50.817349241543],[-0.0204287148790301,50.8218305034482],[-0.0160026966896328,50.8148750872042],[-0.0379311907483555,50.7994406324021],[-0.0379937235031837,50.7994588591767],[-0.0382291560903875,50.7994865691686],[-0.0384591599137172,50.7991967932014],[-0.0417891981011275,50.7995347382688],[-0.0759894864357226,50.8071262430444],[-0.0768267801802015,50.8073674813997],[-0.0918783287492784,50.8117026369662],[-0.0964162168336907,50.8085198190377],[-0.0969801785307016,50.8083680758669],[-0.106161150905902,50.8095552694096],[-0.0967016239295908,50.8085501574228],[-0.0955761824888017,50.8092857963012],[-0.0940620705341734,50.8106663460102],[-0.10720837465994,50.811579926996],[-0.106386422603212,50.8082656524384],[-0.107744154735857,50.8116171283456],[-0.107512914156387,50.8128077700351],[-0.108088630899957,50.81296787752],[-0.113036375470302,50.8143436880582],[-0.123916328630621,50.816358472124],[-0.136919237385358,50.8185711839272],[-0.13702749035309,50.8185884681303],[-0.156949548928482,50.8217673900676],[-0.16693236130415,50.8230919732627],[-0.167948955059791,50.8231816926636],[-0.181290204728948,50.8243584377691],[-0.188929806150467,50.8252406835102],[-0.191675210816595,50.8255576018978],[-0.208372481546306,50.8266789849051],[-0.208416239165842,50.8266840840491],[-0.216037848219507,50.8275720604581],[-0.216282182593006,50.8275818039112],[-0.216665652058183,50.8329623949833],[-0.235382483874168,50.8524119345497],[-0.23975310453851,50.8619523092809],[-0.245049866957784,50.8639413817277],[-0.23308798817473,50.8757275506606],[-0.225522402134053,50.8780679920431],[-0.214146985605172,50.8751794320774],[-0.213882084407511,50.870464510778],[-0.205401724717061,50.8700873451879],[-0.202637280649566,50.8758569489806],[-0.198987829420622,50.8701206471149],[-0.187734640771827,50.868570351391],[-0.189747536011032,50.8744160131446],[-0.182482975304136,50.8798402941057],[-0.182423193849754,50.8883247486127],[-0.17781360808033,50.8904728193312],[-0.169334246775521,50.8899344144431],[-0.165865263074259,50.8923323783393],[-0.168125999695692,50.8807482341671],[-0.152973091602848,50.8798623973621],[-0.152525941340822,50.8854441385355],[-0.144611688256483,50.8869799990396],[-0.137140869931893,50.8845792955711],[-0.135009818160834,50.8866345060496]]]},"properties":{"FID":7,"SICBL26CD":"E38000021","SICBL26NM":"NHS Surrey and Sussex ICB - 09D","ICB26CD":"E54000069","ICB26NM":"NHS Surrey and Sussex Integrated Care Board","BNG_E":530279,"BNG_N":106850,"LONG":-0.150799,"LAT":50.8465,"GlobalID":"bfda8f21-6f30-413d-914c-f6f3c6222928"}},{"type":"Feature","id":8,"geometry":{"type":"Polygon","coordinates":[[[-2.27178698151189,53.6145140590845],[-2.26164637106285,53.6065434863114],[-2.25098178737067,53.6071775617906],[-2.24526410031222,53.5995611850225],[-2.25553937781245,53.59709120171],[-2.25922157501885,53.5921818567586],[-2.26995281097756,53.591941534737],[-2.26996102546963,53.5891568411838],[-2.27658568112092,53.5915030241498],[-2.28230462552703,53.5839403248146],[-2.27314550298502,53.5793706378512],[-2.26527579243956,53.5857276581304],[-2.25913007647537,53.5852787971733],[-2.24327897102022,53.5716780070072],[-2.24816699138535,53.563238921438],[-2.23645945065969,53.5592754891385],[-2.24165236543665,53.5571623907972],[-2.23410653453533,53.5432826047506],[-2.23722811334853,53.538803883404],[-2.25167076977512,53.5446041549572],[-2.26832219229083,53.537460910051],[-2.26408432478172,53.5247076260237],[-2.24653075236713,53.5292923541788],[-2.25692499691844,53.5179395286693],[-2.27160888925905,53.5174842647479],[-2.29079596319899,53.5120212491505],[-2.30225981449801,53.517087358463],[-2.31047252805188,53.5271871496556],[-2.32454271985376,53.5272956359647],[-2.33823594887034,53.5336482406103],[-2.34153995983469,53.5458630856083],[-2.37358897387239,53.5539141472924],[-2.36671477334628,53.5533467260901],[-2.36218618481742,53.5561154253469],[-2.35897831392,53.5529368215006],[-2.35599510743096,53.5605688788124],[-2.36097652289501,53.5683055477465],[-2.37399309953738,53.5709458859035],[-2.37689975562999,53.5932855552349],[-2.36828753024721,53.5960817273275],[-2.3630071838459,53.6103405484676],[-2.37942240987163,53.6204277793061],[-2.37630143862951,53.6220625806306],[-2.38340879708385,53.6255780046582],[-2.37913201833297,53.6308703170148],[-2.3703279182598,53.631534384783],[-2.3684971246821,53.6380186221024],[-2.37249441261672,53.6422936103685],[-2.36705515904354,53.6450619439876],[-2.36274637284026,53.655401361417],[-2.37123622042533,53.6670806822744],[-2.35557008049373,53.6645070655769],[-2.35333840255424,53.6584829347198],[-2.31675746497072,53.6549874753484],[-2.29902473829682,53.6667254049293],[-2.29382551088262,53.6579715566123],[-2.29763977953498,53.6517061690468],[-2.29527272619481,53.6403949262695],[-2.28351190516752,53.626994362309],[-2.28284374131591,53.6202473909202],[-2.27255085964401,53.6185123507555],[-2.27178698151189,53.6145140590845]]]},"properties":{"FID":8,"SICBL26CD":"E38000024","SICBL26NM":"NHS Greater Manchester ICB - 00V","ICB26CD":"E54000057","ICB26NM":"NHS Greater Manchester Integrated Care Board","BNG_E":379662,"BNG_N":410766,"LONG":-2.308742,"LAT":53.59309,"GlobalID":"480b17ce-13ad-4845-a889-e4bcf14c3e02"}},{"type":"Feature","id":9,"geometry":{"type":"Polygon","coordinates":[[[-1.770086323045,53.7262524171252],[-1.75368405530215,53.7258054458385],[-1.75540181038179,53.7207306946785],[-1.73587180990168,53.7132845889094],[-1.7395309413255,53.6995618511147],[-1.73319947088378,53.6947987491937],[-1.73218405766372,53.6845814723084],[-1.72722499076531,53.6828111758063],[-1.73128291824583,53.680371919132],[-1.74736263188048,53.6945434582003],[-1.7598508165069,53.6926770727195],[-1.77997686589879,53.68363915361],[-1.81072798137239,53.6780738570853],[-1.8258448543488,53.6702381254469],[-1.83557171235446,53.6690044909351],[-1.8537795833173,53.6725991852874],[-1.84359988127459,53.6661083528207],[-1.87499045944285,53.6581050981646],[-1.89466217439256,53.6454271933061],[-1.93424097685299,53.6483801132273],[-1.9420868259064,53.6403367848992],[-1.96305505135951,53.6327618176902],[-1.97274380710701,53.6257733439438],[-1.97955943029099,53.6230289188401],[-2.0045418719684,53.622438501765],[-2.00947066466641,53.6167794203669],[-2.02303593033934,53.6158393331042],[-2.02686862921522,53.6242443543737],[-2.02999663907877,53.6361693772347],[-2.0413232944264,53.6413871689485],[-2.03709529737352,53.6623427789169],[-2.05397776028787,53.6719432157068],[-2.05445806992237,53.6767676772257],[-2.0489017519122,53.6802268014888],[-2.05124223509991,53.6836916255956],[-2.06180588485278,53.6828469027443],[-2.07339867508194,53.6775100939165],[-2.0831652410436,53.6780756854279],[-2.08626356736627,53.6711306241038],[-2.09290631201203,53.6701611069832],[-2.09703982217569,53.6726260036469],[-2.11808495199827,53.671245325781],[-2.13412748550132,53.6857339236763],[-2.14225759353945,53.6780058223948],[-2.14632812119913,53.6822314952384],[-2.1451908297935,53.6921988815055],[-2.16258276466774,53.6992215232901],[-2.1625323884085,53.7072519548993],[-2.17329267251612,53.7230126981727],[-2.15609049406284,53.7353247534607],[-2.1490922561663,53.7338961464102],[-2.14540797950498,53.7360549745369],[-2.1416460769555,53.7457405979151],[-2.13083466972731,53.7520703748933],[-2.13046415087918,53.7723894250549],[-2.13636254217235,53.7801043770713],[-2.12481534222015,53.7880551691941],[-2.12972141052937,53.7916316518481],[-2.12836098371613,53.7990189904201],[-2.08485915207266,53.8185540936188],[-2.06125054275331,53.8256354271531],[-2.03693238264148,53.8145561323385],[-2.03161714671447,53.8091031299974],[-2.00965815317622,53.8071015610392],[-1.98676524422126,53.7961504028538],[-1.9808488763232,53.7863528575963],[-1.95971612675423,53.7842706107619],[-1.92817171647852,53.7875769260328],[-1.91462837926769,53.7815877650986],[-1.87340303216938,53.7786904193177],[-1.86939196771813,53.7597273778534],[-1.87257168493799,53.7548260157508],[-1.85635826727081,53.7511411951617],[-1.85544568263978,53.7483260114245],[-1.85299006339145,53.752425989838],[-1.84021774599277,53.7556408967475],[-1.82785027270159,53.7637002711013],[-1.80949832285495,53.7643324166443],[-1.80099958341741,53.7549073925758],[-1.7945981329668,53.753050429641],[-1.79463719008441,53.7458996807715],[-1.77977033432411,53.7377552179476],[-1.77947436525063,53.7296438245959],[-1.77373354824695,53.7243475339319],[-1.770086323045,53.7262524171252]]]},"properties":{"FID":9,"SICBL26CD":"E38000025","SICBL26NM":"NHS West Yorkshire ICB - 02T","ICB26CD":"E54000054","ICB26NM":"NHS West Yorkshire Integrated Care Board","BNG_E":402615,"BNG_N":424896,"LONG":-1.961852,"LAT":53.72048,"GlobalID":"f90315a5-003b-4704-8191-4e916bc9c768"}},{"type":"Feature","id":10,"geometry":{"type":"Polygon","coordinates":[[[-1.86019232882836,52.7298694001976],[-1.88401046012633,52.7359159791852],[-1.90736376147247,52.7336346657611],[-1.91490443468483,52.7404558279707],[-1.92584486011596,52.7348592325085],[-1.93393426711999,52.7276796734199],[-1.93738502017119,52.7140826101256],[-1.91551051994477,52.7106386887422],[-1.92940940026122,52.7050053042206],[-1.93323513736437,52.6960051643284],[-1.94963255448003,52.6956680881364],[-1.94920311800552,52.6892777584167],[-1.95924989893184,52.6841489916851],[-1.95831049761393,52.6768279432996],[-1.96199900843651,52.6782248436884],[-1.96322536916673,52.6746329562803],[-1.9545691779252,52.6626413156628],[-1.95994511591687,52.6620372378747],[-1.95507372141074,52.6541371200123],[-1.96063571620905,52.6535654281482],[-1.96096319131214,52.6428146492983],[-1.97620599180391,52.6396966775288],[-1.98283030492083,52.6412996919127],[-1.99085585106928,52.6366717126862],[-2.00411053633605,52.6370666930495],[-2.0355088552239,52.6217997484653],[-2.030123402334,52.6169544533261],[-2.05840792211754,52.621781335291],[-2.06865185530742,52.6181905119372],[-2.06732568305211,52.6120765185418],[-2.08100160981904,52.6119049654486],[-2.08839616125478,52.6198311164524],[-2.09560351433718,52.6214888685424],[-2.09924833416194,52.6327618592548],[-2.06542655293192,52.6372597241426],[-2.0525221215112,52.6421271988932],[-2.04373192261721,52.6408306824365],[-2.04462035257251,52.6453342212889],[-2.05567395191872,52.6471449047746],[-2.06541936277228,52.6561076527487],[-2.09201263181697,52.6648443452403],[-2.10010359389703,52.6648180309244],[-2.11003120399549,52.6755224827156],[-2.11414372586735,52.675067267099],[-2.1187417053184,52.6748263042502],[-2.09536521873109,52.6879870393183],[-2.08696002403076,52.6867978433587],[-2.0839537152468,52.6944628493625],[-2.07791703157594,52.6938515332527],[-2.07209336609593,52.7023790872143],[-2.06823214980931,52.7026246820912],[-2.06059157428336,52.7106820622926],[-2.06275213575666,52.7244328215165],[-2.04143816043919,52.7273238346647],[-2.01790588411588,52.7415172016062],[-2.0147803564108,52.7535103160141],[-2.01842601261637,52.7588605326656],[-1.99677599478195,52.7636439953535],[-1.97313019818828,52.7615582204606],[-1.97053552080031,52.7650258228001],[-1.9439439161087,52.7737593321995],[-1.88059646106411,52.7453326980422],[-1.86518772171406,52.7482125570192],[-1.85851571696062,52.7548763911352],[-1.84447029774946,52.7542304836053],[-1.84298102371123,52.7503897349717],[-1.85587520016254,52.7454550687101],[-1.85736644802055,52.73595570835],[-1.86303314549424,52.734436380857],[-1.86019232882836,52.7298694001976]]]},"properties":{"FID":10,"SICBL26CD":"E38000028","SICBL26NM":"NHS Staffordshire and Stoke-on-Trent ICB - 04Y","ICB26CD":"E54000010","ICB26NM":"NHS Staffordshire and Stoke-on-Trent Integrated Care Board","BNG_E":401391,"BNG_N":311481,"LONG":-1.980849,"LAT":52.70102,"GlobalID":"f2c676b8-80c5-4710-95f4-d29994e06ab2"}},{"type":"Feature","id":11,"geometry":{"type":"MultiPolygon","coordinates":[[[[0.625020206562933,51.5365729511396],[0.625344967895722,51.5323853455008],[0.609036015779947,51.5348324870647],[0.624246659383724,51.536505937601],[0.625020206562933,51.5365729511396]]],[[[0.556518160722683,51.5444366825104],[0.553120425433146,51.5418899447446],[0.558490622065176,51.5439905668405],[0.561093994503303,51.5431426147589],[0.573265325521995,51.5391076099465],[0.57793775237292,51.5384302273947],[0.578586903184019,51.5383361012128],[0.579363939653179,51.5382234273201],[0.58526860647012,51.5373670745612],[0.577974215541357,51.5358862991067],[0.593021425881002,51.5352486695534],[0.587276765380473,51.5370997414475],[0.594004051146165,51.5363003032233],[0.600671529909729,51.535507541765],[0.599115251394903,51.5349898857206],[0.601639623482367,51.5348825802962],[0.605839167213014,51.5306972406606],[0.596634915862288,51.5323880337463],[0.596158753155903,51.5306932502548],[0.596103301830521,51.5304958754962],[0.62799011078588,51.5273897639375],[0.632045109717325,51.5246007830741],[0.626139964800194,51.5222337903857],[0.625688818787656,51.5220529329364],[0.625420223401178,51.5219750073255],[0.623764575690877,51.5212814940839],[0.636857597087395,51.5219536923841],[0.627831203866247,51.5204259763216],[0.62505626103033,51.5163690527724],[0.603837058941256,51.5128856104811],[0.603305428397577,51.5127985529861],[0.598898596960852,51.5121854282225],[0.592582646212105,51.5112919644504],[0.589426847631154,51.5108483453399],[0.58565993495466,51.5131501706091],[0.583139737120881,51.5110655036663],[0.581471457904614,51.5096853909531],[0.573330417577274,51.5078289924826],[0.553567185866318,51.509935531092],[0.552363845707282,51.510938487835],[0.549074142429083,51.5136800984199],[0.548493253440849,51.5141641645228],[0.548271120530091,51.5155052557291],[0.545107916464707,51.5169849709706],[0.544218584710803,51.5177259271578],[0.541338070919878,51.5201256500398],[0.538102442649018,51.5199284072848],[0.526703657041381,51.5192141552496],[0.517995305886731,51.5298708489272],[0.521884414014074,51.5315948138152],[0.523833830235696,51.5324588529154],[0.526407792481716,51.5319830906467],[0.529720858474432,51.5313453615801],[0.534497707998393,51.5304256752256],[0.543109534151013,51.5345068081218],[0.54579270796904,51.5467619761387],[0.545841039437665,51.5469826607268],[0.545930697431751,51.5473920419633],[0.546546027318872,51.5472203205405],[0.546616425943708,51.5472006738134],[0.556518160722683,51.5444366825104]]],[[[0.840283360455631,51.5608704454803],[0.831408381104311,51.560229700003],[0.825779682464893,51.5644666807244],[0.828924482692235,51.5722579105355],[0.832185192446322,51.5742820551226],[0.83390647269012,51.5700258627786],[0.840283360455631,51.5608704454803]]],[[[0.837491462473458,51.5851768186781],[0.822949654645002,51.5648819668179],[0.815574616202367,51.576937535551],[0.809380944227351,51.5791159481779],[0.808188771916783,51.585019240947],[0.80806608456375,51.5856266729807],[0.80831692133072,51.585833957491],[0.8183396016295,51.594114380733],[0.830143841661014,51.5959662777654],[0.836353466972412,51.5949034423413],[0.837491462473458,51.5851768186781]]],[[[0.955316883466157,51.6131647775175],[0.929866927769687,51.592446367079],[0.886572783590085,51.5695890784683],[0.88452693288961,51.5693923609419],[0.879213773421223,51.5688813006871],[0.866370064397508,51.5589408408895],[0.853616667684284,51.5569403387352],[0.840146357854457,51.5616364916608],[0.832725148717867,51.5757691456914],[0.838649729441004,51.5814783619258],[0.845546390805885,51.582111746412],[0.847854082061865,51.5776235017874],[0.857277057794513,51.5764724983317],[0.863400351585854,51.5718621584621],[0.857914964913004,51.5772529320335],[0.848433493239577,51.5783019765471],[0.846476496224448,51.5826719666558],[0.840078209534723,51.5820230080523],[0.83799748353139,51.5936189637611],[0.858656809814308,51.5924950426589],[0.866825807789835,51.5951863616669],[0.874374641083865,51.6141508605581],[0.88324248536108,51.6161656409613],[0.887456069692973,51.6155850502793],[0.900768658958486,51.6137496204272],[0.957516615699434,51.6205323075031],[0.955316883466157,51.6131647775175]]],[[[0.764094701830483,51.6368781665093],[0.784418833216513,51.6242963740445],[0.779443551661996,51.6188309544874],[0.785083938735781,51.6236195451581],[0.865747078722512,51.615569766687],[0.86613818278338,51.5992172390152],[0.862526473082407,51.5960522255041],[0.821170513173093,51.598738456382],[0.81628759112688,51.6022475672687],[0.819110570716506,51.5976097670561],[0.80424520359453,51.5893398735251],[0.764643235664927,51.5832242595494],[0.754261683730945,51.5881130376547],[0.751110388228407,51.5864017555792],[0.759762853938451,51.5847350923757],[0.758658619800678,51.5811855979838],[0.758454066102858,51.5805280002518],[0.75118656938199,51.580392317617],[0.75110211047913,51.5803907381496],[0.721834535675819,51.5798396060734],[0.723386242148661,51.578722736989],[0.725591816452817,51.5771351096965],[0.713659116084998,51.5726549189722],[0.74420290155784,51.5787313263302],[0.747727124842997,51.5794317824772],[0.753111432656009,51.5791965914131],[0.759738748545888,51.578906761012],[0.761042448581241,51.5763622837468],[0.764633986224561,51.5805515031226],[0.805932493174082,51.5861220075423],[0.8067791261124,51.5797151724839],[0.793474656566124,51.5763344063093],[0.799139202825337,51.5709152679228],[0.799215522600999,51.570947572543],[0.801883309577967,51.5720767244609],[0.807021941379669,51.5696496310627],[0.80377403805699,51.5672233890333],[0.808220661599484,51.5671359128148],[0.809913915940411,51.569809741407],[0.795668823002866,51.574598505791],[0.808062448680497,51.5787320074323],[0.814382238487829,51.576445398344],[0.821011954719238,51.5643745551755],[0.817822952378417,51.5619967435084],[0.824597755975317,51.5635804434331],[0.829607311249999,51.5585517189391],[0.840125156459378,51.5601619997426],[0.850500488433668,51.5566221891493],[0.848619668975376,51.551392007142],[0.821187634051043,51.5406245731059],[0.821152640103511,51.5406049059301],[0.819168088788702,51.5422063902953],[0.814869407507503,51.5437317582527],[0.810868663707469,51.5401324008362],[0.788986488661959,51.5424473438349],[0.786690116570859,51.5529433427245],[0.761159711771609,51.5529653638513],[0.749072474140008,51.5593609521039],[0.718391557217331,51.5609458589376],[0.705659766349293,51.5674956076447],[0.682605851946064,51.568767988963],[0.675419276051392,51.5701443514081],[0.675333754162071,51.5728679380392],[0.651466749226725,51.5734792216558],[0.638950564698147,51.5768009359272],[0.634646304523988,51.574940616851],[0.631589344833329,51.5699304805991],[0.635576041184841,51.5606495613255],[0.626847186477572,51.5552333318677],[0.624160358910844,51.5476575551147],[0.624935492865901,51.5376652148548],[0.608470309209766,51.534951199643],[0.603235831574634,51.5359090390554],[0.595987500727259,51.5372349123433],[0.594077004416345,51.5375842838308],[0.587812836633999,51.5387295438851],[0.587590685756867,51.5387701514117],[0.578280890194664,51.5400993346865],[0.567026728434538,51.5417051523719],[0.565387923360839,51.5419388912607],[0.564671989990255,51.5421701803327],[0.554169526417849,51.5455622668878],[0.54758298196772,51.5476889494313],[0.545033824433572,51.5476300696817],[0.544286613221423,51.5464075148068],[0.537992473557635,51.5546594096918],[0.542989205396766,51.5719198650328],[0.568793392742391,51.5873155754972],[0.562298082150899,51.5893559165836],[0.565566592478146,51.5938582367289],[0.549034946196129,51.5965783072185],[0.551545294059057,51.6088479683701],[0.55664620329661,51.6083947135545],[0.561622736998892,51.6124757196442],[0.562477425788286,51.6178525368504],[0.566270413037257,51.6225569498083],[0.578483577639065,51.6250072242936],[0.586921781464603,51.6233899034962],[0.588327774927024,51.6309224435054],[0.605739793308875,51.629148664105],[0.605313962050893,51.6290039381463],[0.606325693716892,51.629088930363],[0.607065916989673,51.6290134579699],[0.608094674157458,51.6292375146752],[0.608653158541114,51.6292844183469],[0.637196895887258,51.6316777144345],[0.64749727479055,51.6299163508236],[0.646900263950788,51.6334010102184],[0.6515932186746,51.6359085579207],[0.657129903782556,51.633059162086],[0.656789449283241,51.6352073579162],[0.656837887432395,51.6352060476368],[0.710176138189077,51.6337513858362],[0.711376031938563,51.633718385655],[0.72197606593446,51.6357780928609],[0.733916931392536,51.6309651640805],[0.749473867721246,51.6311752797269],[0.764094701830483,51.6368781665093]]]]},"properties":{"FID":11,"SICBL26CD":"E38000030","SICBL26NM":"NHS Essex ICB - 99F","ICB26CD":"E54000066","ICB26NM":"NHS Essex Integrated Care Board","BNG_E":584568,"BNG_N":190868,"LONG":0.662808,"LAT":51.58644,"GlobalID":"fe78d4a9-f548-43c2-92b1-8ef6eadf66e5"}},{"type":"Feature","id":12,"geometry":{"type":"Polygon","coordinates":[[[-2.56160140669043,53.746901227632],[-2.56459149179868,53.742458886904],[-2.55715479211331,53.7346120295586],[-2.55599568571716,53.7260574187036],[-2.54631067642022,53.7249765023692],[-2.54707171138288,53.7217311436696],[-2.53959665945905,53.7176240849674],[-2.54326054488418,53.7098957532826],[-2.53979240616219,53.7021917818214],[-2.53193137306388,53.6964428521096],[-2.51537556092776,53.691668812764],[-2.51917062008293,53.6762870829224],[-2.5255492524493,53.6746765017955],[-2.53234390664828,53.6649021319603],[-2.5222699414439,53.6481782659373],[-2.52457326306961,53.64128657314],[-2.52006162027065,53.6304817475866],[-2.51132311717838,53.6269951187142],[-2.53901906187664,53.6108283630439],[-2.55169995202445,53.6079044647898],[-2.55940159134754,53.59904314834],[-2.56927814388952,53.5955968446557],[-2.57400380607908,53.5942905510498],[-2.58283600322426,53.6046143122757],[-2.59592604513984,53.6108151517474],[-2.615158333153,53.6028238283815],[-2.61739564090313,53.5958362719513],[-2.62590676980085,53.5936833478179],[-2.63459222823715,53.6082829499978],[-2.66112816654354,53.6032626662546],[-2.68931236737767,53.6043028683785],[-2.69610794249921,53.6046806589719],[-2.69944847426267,53.6142995012108],[-2.69113069489798,53.619763983139],[-2.69456777063347,53.6266454273029],[-2.69564090544919,53.6234479746976],[-2.70969003635772,53.6178089612402],[-2.73616834623069,53.6236848753726],[-2.75873536346951,53.6146522202476],[-2.76619977638528,53.6191546841037],[-2.77950157226158,53.6197832629925],[-2.78100205359331,53.6234714133656],[-2.79322228243274,53.6229699955594],[-2.78727836705701,53.617318557797],[-2.79080055095309,53.6145456504068],[-2.7959531164289,53.6159608859423],[-2.80050673292391,53.6248116705774],[-2.80811406962159,53.6290684809362],[-2.80621424636876,53.6413104357458],[-2.81440669383097,53.6484469481034],[-2.8147706225256,53.6609855904296],[-2.82147289803787,53.6626251128607],[-2.82331437794823,53.6682740656251],[-2.81635493862778,53.6729589656659],[-2.81834238284174,53.678823836254],[-2.82423038855016,53.6806709868435],[-2.82012714968286,53.6871377263755],[-2.79587327959433,53.6874829684635],[-2.78746044511638,53.6913067617544],[-2.7576230816034,53.6928799807869],[-2.751975363576,53.7099387520223],[-2.73219051828191,53.7109274001422],[-2.72840920815655,53.7265847070934],[-2.69305615652664,53.7267049878534],[-2.70049656396227,53.7386076226374],[-2.69020990774671,53.735373864716],[-2.68678156149211,53.7378016229716],[-2.66749242818481,53.7372708067285],[-2.66376635319911,53.7344345479705],[-2.65842009891419,53.7429935372302],[-2.65068322652509,53.743017185676],[-2.64803055190129,53.7338732725186],[-2.63362283278673,53.7257335994565],[-2.62414991929403,53.7266054354879],[-2.61185515214403,53.73857046562],[-2.58745376114216,53.7431031513442],[-2.57680662764486,53.7512738063499],[-2.56160140669043,53.746901227632]]]},"properties":{"FID":12,"SICBL26CD":"E38000034","SICBL26NM":"NHS Lancashire and South Cumbria ICB - 00X","ICB26CD":"E54000048","ICB26NM":"NHS Lancashire and South Cumbria Integrated Care Board","BNG_E":357057,"BNG_N":419723,"LONG":-2.651485,"LAT":53.67222,"GlobalID":"d5376e25-a409-4229-9067-94d80664d341"}},{"type":"Feature","id":13,"geometry":{"type":"Polygon","coordinates":[[[-0.865338703223255,53.6377082364208],[-0.886996123655924,53.6096873475926],[-0.886897031899396,53.6010268382083],[-0.897926453320605,53.5832773514215],[-0.901117589988992,53.5687243594428],[-0.890995092719466,53.5665590621202],[-0.900303034513187,53.5556586769946],[-0.901266038428807,53.5479084803596],[-0.892295399145003,53.5374668264864],[-0.898071096347464,53.5327596913978],[-0.943715960432126,53.5306432275003],[-0.950009321696709,53.5136572243877],[-0.932094372155208,53.5106718560401],[-0.935581687798874,53.5024987008447],[-0.953328228781869,53.4844129827749],[-0.986019321383427,53.4716413568831],[-0.983448729023247,53.4676202805436],[-0.997340573889043,53.4442581977281],[-0.995906460459213,53.4368519510051],[-1.01237665486662,53.4328042725297],[-1.01428361140132,53.4262773300867],[-1.03046151528002,53.4251814153042],[-1.03095124774397,53.4310138106554],[-1.05628457428296,53.4253231109748],[-1.08036408435065,53.4268834908592],[-1.07916001169055,53.4227733851296],[-1.08703750392664,53.4255287176618],[-1.09867187404498,53.4188203620405],[-1.10819671874314,53.4058843767592],[-1.11598081249377,53.4074084929018],[-1.11802870999372,53.4109568595153],[-1.13335534281527,53.4087560750972],[-1.14587397776182,53.4123035253712],[-1.13561979688403,53.4240885820305],[-1.14584592648561,53.4263887320479],[-1.16039998812507,53.4243407779812],[-1.17038715578668,53.4352979275557],[-1.18580614506817,53.4337751308191],[-1.1951021528778,53.4371242617707],[-1.19734353780721,53.431603045422],[-1.21655424561651,53.435087011955],[-1.23805750547541,53.4327774994825],[-1.23733689219527,53.4411758232656],[-1.25242838773606,53.4417475942725],[-1.2518005853729,53.4487846113063],[-1.25818097804122,53.4549563205198],[-1.25214285922282,53.4544872604955],[-1.25932087919097,53.4642396813322],[-1.24991295319564,53.4768791952369],[-1.26973324284639,53.4858907376219],[-1.28090738293109,53.4784234189454],[-1.29849043058772,53.475587328826],[-1.29598913919544,53.4805228599471],[-1.30133063047571,53.4834717991624],[-1.29318949639288,53.4857548240892],[-1.28969695209721,53.4910490162786],[-1.30990287753659,53.4978285558905],[-1.31256494689284,53.5137371357691],[-1.28318515335672,53.5156768061917],[-1.27653204275854,53.5206010109938],[-1.28613979860778,53.5267152794685],[-1.27578924983934,53.5297909852567],[-1.29385862952532,53.5358555388032],[-1.28701306636483,53.5377045607105],[-1.29739018156427,53.5513228544638],[-1.32673312949869,53.5581318185051],[-1.34864814163191,53.5833309390048],[-1.30793969490432,53.5754035963656],[-1.28823964647655,53.5807620097556],[-1.2782555764386,53.5855702647733],[-1.27669398361646,53.5899714511044],[-1.25808569828146,53.5919950628523],[-1.25300912647237,53.597149690189],[-1.25769868834187,53.5998491779566],[-1.24721963795693,53.6007626956209],[-1.25219959399944,53.6071126479479],[-1.24480316282922,53.6081340797925],[-1.24817987974162,53.6162925977935],[-1.22950792968261,53.61623009327],[-1.2328442563944,53.6211121294601],[-1.21746827218315,53.6242243370314],[-1.21938727235697,53.6366873903294],[-1.21564704491663,53.6419826770573],[-1.21089245943628,53.6409564233239],[-1.20982732709975,53.643164004778],[-1.19031342087478,53.635916131513],[-1.15229783247999,53.6427767334053],[-1.13540736294185,53.6327287712035],[-1.12887240376388,53.6349527738925],[-1.12899575144772,53.6429891852851],[-1.12174358263882,53.6467187388943],[-1.08481715815846,53.6517268709838],[-1.06594624231064,53.6489072667647],[-1.05327766063804,53.6515370070029],[-1.04866261671258,53.6560574070253],[-1.02936216399796,53.6549697620212],[-0.99045977565359,53.661223279938],[-0.990234292326216,53.6589834453743],[-0.946844943073489,53.6591416200131],[-0.865338703223255,53.6377082364208]]]},"properties":{"FID":13,"SICBL26CD":"E38000044","SICBL26NM":"NHS South Yorkshire ICB - 02X","ICB26CD":"E54000061","ICB26NM":"NHS South Yorkshire Integrated Care Board","BNG_E":459170,"BNG_N":403735,"LONG":-1.108901,"LAT":53.52697,"GlobalID":"0e931d18-2a85-43dc-a933-f6f791df94f5"}},{"type":"Feature","id":14,"geometry":{"type":"MultiPolygon","coordinates":[[[[-1.98710789633152,50.67927044206],[-1.99062962587833,50.6770585015678],[-1.99670385300853,50.6799707409596],[-1.99385719258704,50.6828744377405],[-1.99534499823341,50.6806280761465],[-1.98710789633152,50.67927044206]]],[[[-2.00135621278217,50.6819738646008],[-2.00275313385562,50.6803376461488],[-2.00294880681497,50.6838916168396],[-2.00135630583715,50.6838610253377],[-1.99977096929804,50.6838305390786],[-2.00135621278217,50.6819738646008]]],[[[-1.98004646465949,50.683523014188],[-1.98898983403101,50.6816735036745],[-1.99114078983005,50.6841503540855],[-1.98615957148271,50.6846588864325],[-1.98004646465949,50.683523014188]]],[[[-2.01223417679183,50.6879656398759],[-2.01738002416466,50.6844262740981],[-2.02200499976065,50.69394884695],[-2.01867644562559,50.6940691361971],[-2.01460775667783,50.6908943695936],[-2.0178461803559,50.6892823716222],[-2.01223417679183,50.6879656398759]]],[[[-1.95676426465836,50.6882194326631],[-1.96664723483653,50.6859154206755],[-1.98354573892022,50.6870749195882],[-1.98808847416946,50.6924532814542],[-1.97416887426422,50.6972277229473],[-1.95815544518318,50.6949304217082],[-1.95676426465836,50.6882194326631]]],[[[-2.29126950706568,51.0770754747598],[-2.26862016129448,51.0687408722958],[-2.24227374056426,51.0711779171814],[-2.20532285836941,51.0427938268215],[-2.19320931379498,51.0377120056674],[-2.1886046081334,51.0185325547192],[-2.17638825520453,51.0128179536201],[-2.17810138419553,51.0082607831446],[-2.17256519720774,51.001073191228],[-2.14814701166282,50.9862782785004],[-2.11976433325727,50.9781906270605],[-2.12315686151174,50.9694681672833],[-2.12067080277636,50.9615395071855],[-2.10179231843534,50.9449855534827],[-2.08297458144823,50.9513184915499],[-2.06831265882686,50.9511940229572],[-2.05832737101998,50.9636433333337],[-2.04122539965529,50.9680676587733],[-2.03655892103686,50.9721769185967],[-1.99403637042289,50.9757279584474],[-1.98520971490847,50.9847555531892],[-1.96535811747866,50.9920368809807],[-1.95682095768327,50.9898299189262],[-1.95546550523442,50.9782663173663],[-1.94482986161157,50.9757484322601],[-1.93922008694929,50.9696570585664],[-1.92988889011408,50.9677958343194],[-1.92084113395546,50.9614073400836],[-1.90918357212935,50.9453265924655],[-1.87880358477861,50.9243256607904],[-1.87370808825135,50.9172529384396],[-1.86272428488929,50.9197877262623],[-1.85418442997012,50.9275113686829],[-1.84183426322409,50.9316605963963],[-1.8262208209309,50.9268687867083],[-1.81075652462514,50.9271609661348],[-1.82040712817833,50.9121058962645],[-1.81654170377701,50.903947722787],[-1.82495331453071,50.8957706178776],[-1.83986969084465,50.8978900390494],[-1.84855551506549,50.8898873740695],[-1.84404344449728,50.8868293905579],[-1.84797725113795,50.8823391403741],[-1.84783230294009,50.8696864350203],[-1.85353303178602,50.8665157459556],[-1.85094384298876,50.8587249479746],[-1.82951847108943,50.8553185934132],[-1.81483244831065,50.858701178513],[-1.81279018936225,50.8645727936238],[-1.80711030382584,50.8633149985922],[-1.80587623736433,50.8526230161756],[-1.80003553305757,50.8483387003327],[-1.80245094512685,50.8428051413796],[-1.79070550802599,50.8363916337484],[-1.79608982618151,50.8303337943519],[-1.80373306477456,50.8299935546864],[-1.80182356954692,50.8208919040425],[-1.80735652089945,50.8162423224833],[-1.80295620873578,50.8134931192463],[-1.81212942765891,50.8064920749931],[-1.80149171704105,50.7996955734764],[-1.80471067195501,50.7957177047234],[-1.80089131602358,50.7942429131549],[-1.805937052926,50.7920746546752],[-1.80096518282228,50.7918846900856],[-1.79747419726987,50.7838601551265],[-1.78786834825065,50.7788546645202],[-1.79074869429312,50.7762129160002],[-1.78801175586255,50.7665239900372],[-1.78366022381617,50.7646312116302],[-1.77615394977428,50.7663439589251],[-1.76895611693602,50.7697671986989],[-1.7701172011759,50.7725488048189],[-1.7489824843132,50.7794901852214],[-1.73909131208523,50.7634968458017],[-1.74468463852198,50.7560431323419],[-1.74416882791262,50.7474554249424],[-1.7178499818704,50.7521353156201],[-1.68180634068559,50.7518203321322],[-1.69195857487848,50.7373011250745],[-1.692547967083,50.7373528291345],[-1.71795343948768,50.735043454087],[-1.72214644922339,50.7346617477398],[-1.72581583253128,50.7326148025241],[-1.72899034207095,50.7322105748852],[-1.74075789837216,50.7243727025576],[-1.74084627765651,50.7242270060607],[-1.74112706155002,50.7240702672374],[-1.7415042066345,50.7238992076345],[-1.74235694252529,50.7237191492197],[-1.74342764381778,50.7282605745807],[-1.75416738664181,50.7274077460852],[-1.75708723392253,50.7301799897126],[-1.7575237039338,50.7235676671496],[-1.76199597926117,50.725288175522],[-1.76029137322098,50.7228341653274],[-1.76433348122147,50.723328893263],[-1.76569577776442,50.7288989494834],[-1.77056819447297,50.7302989612946],[-1.76948369906457,50.7277073350751],[-1.76947331680195,50.7276825216531],[-1.76699749372796,50.7217650247348],[-1.76087326995483,50.7201159542266],[-1.76570925352408,50.7198622336413],[-1.76342930490591,50.7186050078956],[-1.747051486984,50.718034715299],[-1.74464944546178,50.7179732407259],[-1.73937863854752,50.7243069111886],[-1.74399852046442,50.7160973138893],[-1.74884156008202,50.7110424135805],[-1.76682686149852,50.7161068864555],[-1.7670094433145,50.7161261875181],[-1.7670765095365,50.7161449470187],[-1.76767237341724,50.7161962657854],[-1.76862271729031,50.7162967178389],[-1.76927729366597,50.7164718894633],[-1.80256454272012,50.719990427057],[-1.80918698243759,50.7206892224593],[-1.81637018889004,50.7207846844361],[-1.83103784492116,50.7203164130233],[-1.83787868115578,50.7200973825489],[-1.84380058576083,50.7194561194011],[-1.84418563568598,50.7194200904946],[-1.8648799878008,50.717481787038],[-1.86518879585138,50.7174528341996],[-1.87619586403308,50.7154370952176],[-1.87925439854258,50.7146931617203],[-1.90089939925553,50.7094254320018],[-1.90236807493104,50.708773347189],[-1.92054203681289,50.700701273639],[-1.9478094101184,50.6826768805077],[-1.9512774575054,50.6866155081124],[-1.9400074216236,50.6890973367865],[-1.93212740370537,50.6961467443308],[-1.94736876466497,50.7067061965733],[-1.95080281494809,50.7044870892472],[-1.95137583171339,50.7041234364031],[-1.95146331653753,50.7040679154469],[-1.95124010076533,50.7043073799971],[-1.94813836540867,50.7074250592621],[-1.95009202293337,50.705863202318],[-1.95231123573963,50.7040888806312],[-1.95319527899825,50.707903098341],[-1.94965270213855,50.7071451811991],[-1.94896250538668,50.707548700426],[-1.94872956001087,50.7101513524261],[-1.94875157952421,50.7101845548958],[-1.94931345454125,50.7112114641653],[-1.94950161886775,50.7112908984274],[-1.95024424407263,50.7114934525805],[-1.95381654479714,50.7083232945018],[-1.96038207758796,50.7119320259489],[-1.95759451413208,50.7152483339452],[-1.96308045824035,50.715732077392],[-1.97268419341131,50.7104223997238],[-1.99190921550623,50.7124649127161],[-1.98958624706885,50.7188337420251],[-1.98455268530886,50.720306088703],[-1.99225439454616,50.7234067414431],[-1.99232919933465,50.7295307423668],[-1.9989100688029,50.7299087330144],[-2.00135848863344,50.7298050100733],[-2.0050654877711,50.7296478046067],[-2.00135849512244,50.7299577234405],[-1.99924301869114,50.7301344917174],[-1.99195304237092,50.7297869811401],[-1.99596095998786,50.7374884880633],[-2.00135874650887,50.7358933369805],[-2.01033104432467,50.7332409057254],[-2.01051341516365,50.7326990924493],[-2.0118135138978,50.7288361816014],[-2.00552557647054,50.7296010750612],[-2.01140062300153,50.7265844527197],[-2.0072961515772,50.7268509888263],[-2.00316120592022,50.7177461732301],[-2.00135796307638,50.7177464104608],[-1.99378935857664,50.7177468827813],[-1.99456467876081,50.7131714203245],[-1.99319330063883,50.712230596654],[-1.98785303591065,50.710214952299],[-1.98684386519538,50.7098340003593],[-1.98681714250609,50.7097053751706],[-1.98650393151947,50.7081976608028],[-1.9965833991353,50.7072929394319],[-2.00024580232654,50.7107822374518],[-2.00135761900601,50.7107401767465],[-2.01056077280389,50.7103913252628],[-2.04022710741169,50.7190633092175],[-2.03504398861547,50.7228132324549],[-2.03635861400797,50.7252755673914],[-2.03676641316315,50.726039334268],[-2.02686934975375,50.7293263023408],[-2.03518816931244,50.7278796817569],[-2.0347874318929,50.7301307651797],[-2.04257054885649,50.7319005599083],[-2.0499634100888,50.7262745982524],[-2.04999464817064,50.7262508228743],[-2.04946527822753,50.7256908636848],[-2.04679212572895,50.7233693771348],[-2.04593145931004,50.7261276852904],[-2.04214009681879,50.72447271509],[-2.04242122520714,50.7238022094703],[-2.04414728140624,50.7196850417728],[-2.04078210778504,50.7199847898208],[-2.0469427551451,50.7175112257573],[-2.04162630761674,50.7140313032106],[-2.05560360229709,50.7178023103075],[-2.06290249092498,50.7165404624021],[-2.07085857509563,50.7099135676079],[-2.07134514224695,50.7076470784731],[-2.05763246363065,50.7056197137789],[-2.07216256498224,50.705044061278],[-2.07105417883749,50.6979179027715],[-2.08321695539036,50.6933009071103],[-2.07938921330364,50.6943791958545],[-2.07841551537164,50.6887170601655],[-2.08423845320731,50.6905771897885],[-2.08119723467529,50.6862807533317],[-2.06572311975732,50.6867204675315],[-2.05452015138048,50.699802833566],[-2.0430183313153,50.7030236269469],[-2.0398754054458,50.7071578736399],[-2.02624887114515,50.7074353384961],[-2.01808342163337,50.701574645515],[-2.03320283190619,50.7021141727165],[-2.02917923490779,50.7011818959708],[-2.03028242951334,50.6970557053115],[-2.02605662255407,50.698216871293],[-2.02399668090646,50.690673264326],[-2.02786329779625,50.6888719774974],[-2.02445650976953,50.6876362428331],[-2.0368983521882,50.680502381746],[-2.04638811694223,50.6814368002527],[-2.05267156124091,50.6779789827883],[-2.04646638667178,50.6789960985862],[-2.05111742503945,50.6778753624333],[-2.04731336228987,50.6740487785234],[-2.04651929459752,50.6780797212309],[-2.03510252849509,50.6790919868835],[-2.02515846425187,50.6843742592336],[-2.02472109046026,50.6846065449658],[-2.02518930262437,50.684239061565],[-2.02980720060183,50.680614224986],[-2.02690618820669,50.6815052637102],[-2.02659802536249,50.6780594276342],[-2.03269818322415,50.6734224302609],[-2.03015486607401,50.6740273064877],[-2.02945816509605,50.6741929901449],[-2.02881674209937,50.6743455240795],[-2.02487719419422,50.6726053900738],[-2.02725902776199,50.6679636508213],[-2.02279401118179,50.6724377107342],[-2.02600208799139,50.6747158232319],[-2.02320707157072,50.6775995657851],[-2.02102967907273,50.6762312748262],[-2.02206573400334,50.6820953916632],[-2.01144856812292,50.6827705569047],[-2.00399558679415,50.6777997944529],[-2.01296626572092,50.674200146152],[-2.00941841700842,50.6747040701809],[-2.00957605365196,50.6709091257385],[-2.00716549497617,50.6754056989428],[-2.00135592981925,50.6762353586155],[-1.99857355043308,50.6766325904142],[-1.99578429352828,50.6733806834671],[-2.0013556749288,50.6709698061147],[-2.00189198901538,50.6707377048835],[-2.00135564866512,50.6704257769809],[-1.99573233029697,50.667154850184],[-1.99191676934153,50.6727051185359],[-1.97836639693774,50.6769452904709],[-1.98524947183026,50.6699013757219],[-1.98077598558238,50.6638565647221],[-1.97470842811473,50.6651458531892],[-1.97820587676979,50.6592633630798],[-1.97276774428805,50.6642532815651],[-1.96811958846347,50.6604966299168],[-1.9711021926418,50.6694130103393],[-1.96348419121847,50.6704755349481],[-1.96134087344713,50.6748983530975],[-1.95805415916443,50.6723360077091],[-1.94982786014496,50.6801175400248],[-1.94201167401933,50.6732944703837],[-1.94177233292476,50.6729903824874],[-1.95229801001409,50.6564190250501],[-1.95131677494268,50.6528469110177],[-1.95184316555674,50.6500707299757],[-1.950170748594,50.6486742889189],[-1.94939373939346,50.6458448183267],[-1.94082790755989,50.6406895887111],[-1.92375945775831,50.6420339891584],[-1.93096305140739,50.6333601735635],[-1.93316107638848,50.6309104902458],[-1.93625235149157,50.630352230366],[-1.94379298898675,50.6291698353383],[-1.94501056750243,50.6280074060277],[-1.94738898541318,50.6274245112291],[-1.95672646623215,50.6170018293874],[-1.9567044084763,50.6168364128624],[-1.9569925773645,50.6165608027923],[-1.95687422161285,50.6162934677178],[-1.95719095749694,50.6159872565173],[-1.95556577276682,50.6082958756976],[-1.95327604312428,50.608164800678],[-1.95300998424176,50.607563632463],[-1.94409002078993,50.6074581457996],[-1.94591083577559,50.6060775326367],[-1.95089028735692,50.6036961199457],[-1.95091958991871,50.6022791273214],[-1.95259119415066,50.6010112714801],[-1.95132317428598,50.5944867089763],[-1.96095414372905,50.5909949618938],[-2.0057068314502,50.5917106911202],[-2.02634590356957,50.5890017803394],[-2.02659905398048,50.588884551933],[-2.0396372380934,50.5801739517557],[-2.04520547027925,50.5788621696253],[-2.05507800488321,50.5766209106639],[-2.05839442848833,50.578777010947],[-2.05957744234904,50.5796399699934],[-2.06190176013987,50.5815174692763],[-2.06336423178075,50.5931833746926],[-2.06401831366094,50.5931225365324],[-2.06412503853541,50.5937346186691],[-2.06990379678929,50.5925749392055],[-2.07290611017534,50.5922954786002],[-2.07578427243577,50.5944874928585],[-2.07678109809482,50.5954676138492],[-2.09299605430256,50.5965369015937],[-2.09838489581834,50.5981245848557],[-2.10217691418502,50.5971413571297],[-2.10301950083739,50.5971967889533],[-2.10271212143003,50.6003475060925],[-2.10349625132467,50.5973207416282],[-2.12724571028067,50.6042669687938],[-2.13255837184342,50.6104529920038],[-2.13345659528205,50.6122810066099],[-2.13398155500058,50.6121098516802],[-2.13441579481619,50.6126153635384],[-2.14603487208705,50.6084933353132],[-2.14743780917319,50.6093202093888],[-2.1473571487792,50.6105241271904],[-2.14950466035989,50.6105383111628],[-2.15777257274533,50.6154100067058],[-2.18032889796215,50.6149829682452],[-2.18744507083764,50.6149163508883],[-2.18482578439966,50.6182104075363],[-2.18515930571548,50.6183953442744],[-2.18513463583148,50.6184280932072],[-2.18533673771239,50.6185073657859],[-2.18529618676386,50.6185669610778],[-2.1866509460658,50.6190228403644],[-2.1877844042799,50.6194673973826],[-2.18796397925824,50.6195436861953],[-2.19306800106179,50.6217118150679],[-2.19310295647943,50.6217266616421],[-2.19492645275048,50.6218070285953],[-2.19751592820478,50.6226780357898],[-2.2022801255101,50.6221308350209],[-2.20720616949285,50.6223474813413],[-2.22040504508313,50.6201550600027],[-2.22068933994694,50.6199536621571],[-2.22076538353235,50.6199407175503],[-2.22078513172991,50.6198111053219],[-2.22114512823358,50.6194853247958],[-2.22421792189496,50.6167043116726],[-2.23005014874897,50.6164353803356],[-2.24093461070533,50.6162769805884],[-2.24327236651376,50.6164498227288],[-2.24603313254466,50.6190420947036],[-2.24604332648209,50.6193448121679],[-2.2462261182195,50.6192232907037],[-2.24639251348996,50.6193795182114],[-2.24655887421718,50.6192297384805],[-2.24672516632833,50.6194222252015],[-2.24817078677504,50.617930404882],[-2.24951541401889,50.6170363743277],[-2.25980331046406,50.6192149345751],[-2.26065361088392,50.6194038302299],[-2.27307138505907,50.6221615845375],[-2.28408795295836,50.6228275508919],[-2.32422149324107,50.6252513030374],[-2.3387413069399,50.631984761855],[-2.36564621584343,50.6309770883632],[-2.39361565997597,50.6366773664091],[-2.39447813505477,50.636550230395],[-2.39473639292615,50.6366025360449],[-2.39852319907529,50.6359538598628],[-2.41116505616438,50.6341141450762],[-2.41124436115413,50.6341257357451],[-2.42336640411731,50.6358967202074],[-2.42410189837537,50.6355098683438],[-2.42426391607881,50.6355382266256],[-2.42613711650536,50.6344393345829],[-2.44092134151304,50.6266602397879],[-2.44386857348169,50.6241968686119],[-2.44405107510572,50.6239608085445],[-2.44410007484704,50.6238974275274],[-2.44433552318795,50.6237592008421],[-2.44780406330131,50.6191058498143],[-2.4480141451832,50.6188340494879],[-2.45257047745202,50.6129382342591],[-2.45046285487011,50.6086306532973],[-2.44384344594559,50.6090231617835],[-2.44380113253741,50.6090142418248],[-2.45074656273898,50.6044630073708],[-2.45074258530172,50.6042849273537],[-2.45073191472192,50.604243025611],[-2.45081476180996,50.6042071559231],[-2.44958088925018,50.602093360567],[-2.44947270466472,50.6019054747037],[-2.44943919736782,50.6018506083632],[-2.44925041650156,50.601788509156],[-2.44904679006509,50.6014501295639],[-2.43508548622471,50.5970835274657],[-2.43343615910021,50.5965255769843],[-2.43631576866582,50.5973123207524],[-2.44986935612726,50.6012432523804],[-2.45020500927417,50.601105638798],[-2.4522018663959,50.5999887031765],[-2.46479899393446,50.5932113347169],[-2.46622619671967,50.5918161348064],[-2.47134348957411,50.5846514529303],[-2.47240168316337,50.5845239007629],[-2.48780209308723,50.5911048688616],[-2.498853708766,50.5974229929206],[-2.49569810090449,50.6028558565277],[-2.50139023881387,50.6068577097223],[-2.5067918842434,50.6061165816184],[-2.5083818440201,50.6112223147002],[-2.51153418936816,50.6106074868138],[-2.51363667229913,50.6101973635421],[-2.51749165634176,50.6178577972011],[-2.53168607861517,50.6174654639395],[-2.53334650822574,50.6184738615025],[-2.5455685179787,50.6258943418863],[-2.54884797415127,50.6248851482577],[-2.55186643539135,50.627429419764],[-2.54676526038894,50.6276684794264],[-2.5452841781843,50.6308877321338],[-2.55805549075413,50.6308343407125],[-2.56049586822828,50.6391465597955],[-2.56700387285589,50.638090478692],[-2.57025846980974,50.6375621889033],[-2.59844616891511,50.6491232947873],[-2.59822095003597,50.6539986722266],[-2.61145256570102,50.6540468041876],[-2.56691819973587,50.6309777057935],[-2.54272780372315,50.6184302027338],[-2.51676475231603,50.6049501301777],[-2.50258235457206,50.5975808736631],[-2.4699438170759,50.5781327193252],[-2.46952607904143,50.5824275895456],[-2.46160362760313,50.5724644348615],[-2.46059593843725,50.5710611768796],[-2.46053034550992,50.5710467833476],[-2.44594463552729,50.568297142663],[-2.44374030297137,50.5687825837889],[-2.441894603885,50.5685329151275],[-2.44102485148575,50.569380513502],[-2.43894316980154,50.5698388367004],[-2.43919518936263,50.56936687512],[-2.43450716776718,50.5706425346641],[-2.43869958825597,50.5693704979422],[-2.43663794118654,50.5687110836372],[-2.4374044069385,50.5682968101778],[-2.43568451900889,50.5684061143024],[-2.43333926949784,50.5676558930482],[-2.42243385201977,50.5692189355418],[-2.42863588225113,50.5670393032524],[-2.42791412884526,50.566298561267],[-2.4283771063158,50.5660591314972],[-2.41985228721061,50.5557960436282],[-2.41567517095136,50.5491850657224],[-2.41820961398214,50.5427316362226],[-2.42956852919961,50.5359959830111],[-2.43120052357666,50.5340756596096],[-2.43714167624136,50.5301835586801],[-2.4424103224134,50.5208805576971],[-2.44276915999556,50.5204580286842],[-2.44381829723276,50.519899406281],[-2.45715544224948,50.513437056867],[-2.45883478409799,50.5168660663883],[-2.45764045943431,50.5219489602937],[-2.45566832991544,50.5255144293779],[-2.4558657084285,50.5295000497992],[-2.45366447569657,50.5388623614846],[-2.45641134328987,50.5424577818374],[-2.45440507917932,50.5463806430038],[-2.44824913567452,50.5574954965745],[-2.448797747396,50.5584023437031],[-2.44856514729884,50.5588886264817],[-2.44876210505181,50.5590218129648],[-2.44870660319066,50.5591416807916],[-2.44961518411439,50.5597534842882],[-2.45052675443307,50.5612601201718],[-2.45136278004965,50.5617877788303],[-2.45149861175842,50.5622729953779],[-2.50400156431645,50.5965532093116],[-2.50854204588974,50.5989780474888],[-2.51749288201308,50.6041624668666],[-2.5230963463445,50.6069955027331],[-2.5297409144206,50.6111763732349],[-2.55017564683175,50.6211924734106],[-2.56690774271143,50.6301100784474],[-2.59087244179783,50.6428722751303],[-2.6170260438203,50.6543938739751],[-2.62549444869254,50.6586587115603],[-2.6307774542113,50.6606226922959],[-2.63549417868498,50.6629263134488],[-2.64228809650018,50.6655117430782],[-2.65255110326318,50.6700254260414],[-2.68468027812175,50.6816286507274],[-2.7397849623078,50.7025390016342],[-2.75160574620647,50.7057513281111],[-2.76024894377038,50.7088620517008],[-2.76297014237951,50.7097202228627],[-2.76171464070388,50.7112665534135],[-2.7632813807675,50.7098183505749],[-2.77680226264135,50.7140796011372],[-2.77917780784563,50.7144579528962],[-2.77970224546285,50.7146673149754],[-2.78641295788526,50.7156368952409],[-2.79363775591863,50.7179641227891],[-2.80004729591288,50.7177795073541],[-2.82644837107409,50.7219755853981],[-2.8289789052487,50.7228003293572],[-2.83100946659873,50.7226997997226],[-2.83119103156659,50.722728624204],[-2.83385072828841,50.7234826726242],[-2.83495854752569,50.723326672448],[-2.85142186961313,50.7259385691504],[-2.87430715736885,50.7295651136952],[-2.87445750308911,50.7296022943579],[-2.87473724087942,50.729633219811],[-2.89445578432034,50.7327538265181],[-2.89478578847851,50.7327422484131],[-2.90093572129414,50.732526315672],[-2.90852007740465,50.7333626885896],[-2.91386258410585,50.7320713714979],[-2.92089930437522,50.7318231179364],[-2.92486895326067,50.7295608087597],[-2.92631341784768,50.7290607022984],[-2.92720322526802,50.7288454764025],[-2.92721374988731,50.7287489713692],[-2.92741933452239,50.7286777884563],[-2.92749843450687,50.7280620684759],[-2.93710253200577,50.7225866751842],[-2.93826289023484,50.7192588277296],[-2.93424955442062,50.7191108990536],[-2.94739597248986,50.7182874283825],[-2.95301393801806,50.7283751230576],[-2.93778282186793,50.7440519459342],[-2.94055021517102,50.7498627155203],[-2.93506331699497,50.7542660040005],[-2.95603865434338,50.7636422056275],[-2.9543772882148,50.7677054339658],[-2.9320059339921,50.781839082447],[-2.89778597305707,50.7860308921877],[-2.88664413054623,50.7948073310434],[-2.89277066149403,50.8047582309832],[-2.91855605451238,50.8056307182679],[-2.93840179197636,50.8098349172847],[-2.94796081098713,50.8154258161925],[-2.96130304531907,50.8155550109983],[-2.95432120333644,50.8211725080072],[-2.94736935092066,50.8236920110091],[-2.94172447687945,50.8358650515048],[-2.93438159179492,50.8364745448941],[-2.93015779259126,50.8409286125783],[-2.92520533293997,50.8394502027136],[-2.91025989386283,50.8447870389147],[-2.90306115322993,50.8437977274899],[-2.88624471659283,50.8505895173494],[-2.87905459625496,50.8464490782698],[-2.87702479297073,50.8493231569402],[-2.84519572760377,50.8515943004114],[-2.84284616896202,50.8473460580831],[-2.82895659798603,50.8486602220582],[-2.82894537669744,50.851704800516],[-2.81772991942822,50.8556148767373],[-2.81142499375798,50.8634097728276],[-2.80559020072403,50.8618926920262],[-2.8078414858144,50.8586796182731],[-2.79229422652433,50.8528182326224],[-2.78078052089886,50.8601458517345],[-2.7614153579322,50.8609032351852],[-2.75749887225936,50.8669025545815],[-2.75093703669975,50.8638379546573],[-2.72309188379561,50.8661906839958],[-2.71455603963266,50.8638948377374],[-2.71438984268762,50.8711435677554],[-2.70714484159066,50.8697664136275],[-2.69572633763641,50.8759908523253],[-2.67896588040882,50.8774799329447],[-2.66061158345118,50.8871047705778],[-2.65041927289555,50.8833078308443],[-2.64710451167332,50.8883521945271],[-2.62796097579058,50.8863057655664],[-2.62412930432114,50.8792590919213],[-2.61610123803383,50.8816335405345],[-2.60957224912606,50.891554403991],[-2.61485244586787,50.8932896845333],[-2.62406527733493,50.9078668749972],[-2.61661506826137,50.9133629749167],[-2.61480518413227,50.923256534541],[-2.60404179534641,50.92672483881],[-2.60626761280551,50.9346743286868],[-2.61609379019349,50.9405812844074],[-2.61158805644211,50.9401936134917],[-2.60717451656929,50.9457574562392],[-2.59820029415011,50.9485745119193],[-2.59869535620825,50.9589375951224],[-2.59491010765149,50.9622284440195],[-2.59988260178154,50.9674016019657],[-2.59805759542065,50.9736130140577],[-2.60338713698545,50.976344474112],[-2.59584519356888,50.9813399819106],[-2.58602392020116,50.9768693798109],[-2.57493880583112,50.9833181362885],[-2.57463038684032,50.9866936659574],[-2.56237156581908,50.97771098151],[-2.55620700548961,50.9795351450643],[-2.54542356614697,50.9850805319001],[-2.54473210580783,50.991672660625],[-2.55192417469512,50.993698040412],[-2.54743503338994,50.9995417344331],[-2.53516734577015,50.9993729296347],[-2.53556159092018,50.994022830563],[-2.52641649205121,50.9919083154046],[-2.51731312625612,50.9946091509592],[-2.50234655646245,50.9938362968403],[-2.48833270969411,50.9757564516633],[-2.4903452904278,50.972772802102],[-2.47457762034237,50.9625077823356],[-2.47474218665168,50.9579515130804],[-2.46681786328405,50.9598105462061],[-2.45620379833908,50.9493438991345],[-2.44286762982946,50.9596600717471],[-2.44717758566512,50.9678502396459],[-2.42799302318965,50.9713864110976],[-2.41492768339424,50.9605834353528],[-2.38354174751526,50.9723592159681],[-2.34455680285368,50.9788292499597],[-2.34391354275961,50.9847698270722],[-2.35489713784814,50.9908805318446],[-2.37692077420858,50.9907647982471],[-2.38134845251002,51.0049218243419],[-2.37566955669791,51.0092535923023],[-2.37804729957506,51.0117143448527],[-2.36911406698428,51.0142985071359],[-2.36067372729414,51.0251746326795],[-2.33001454261576,51.0413445913426],[-2.33317813302888,51.0514865678309],[-2.34010872731904,51.0560627377582],[-2.3444821962964,51.0554807510161],[-2.34925588414307,51.0612432278392],[-2.34995804183649,51.0688009619866],[-2.34367036000047,51.0746401591285],[-2.33437189944145,51.0752615254563],[-2.32585267619138,51.07967546872],[-2.29126950706568,51.0770754747598]]]]},"properties":{"FID":14,"SICBL26CD":"E38000045","SICBL26NM":"NHS Dorset ICB - 11J","ICB26CD":"E54000041","ICB26NM":"NHS Dorset Integrated Care Board","BNG_E":375748,"BNG_N":99796,"LONG":-2.345476,"LAT":50.79721,"GlobalID":"12c511ce-109e-401d-90a3-b0de1bbf33c7"}},{"type":"Feature","id":15,"geometry":{"type":"Polygon","coordinates":[[[0.0690612319178215,51.984042541712],[0.0768456513640122,51.9808122205763],[0.0964597528395555,51.9843260806041],[0.0978455967215272,51.9772098879353],[0.107011832224757,51.9718176114601],[0.104491645865349,51.9655862826437],[0.114553544950142,51.9563101012391],[0.120270476695726,51.9265683778615],[0.124847604506923,51.9236085365254],[0.121764003790524,51.9111950875366],[0.124760970459364,51.8845855072217],[0.139592882959518,51.8853917929421],[0.141503460132448,51.8881964166327],[0.146981804752102,51.8866991092643],[0.17934887356434,51.8955541668418],[0.183881157306774,51.8931607078032],[0.174976239541274,51.8828125866085],[0.193409800995871,51.8732529074054],[0.190860855835791,51.8718299494887],[0.195594254601549,51.8680863659221],[0.186371764119066,51.86351372746],[0.182887159082527,51.8651008572341],[0.170467508342511,51.8616221515503],[0.173398495005573,51.8497698940041],[0.16483121790358,51.849644277344],[0.160908604881764,51.8340092858076],[0.166118935892299,51.8306096037135],[0.161200967156333,51.8259968391791],[0.164735690662936,51.819240026368],[0.173304343758956,51.8175374843197],[0.167008170365222,51.8132796638604],[0.158318842272083,51.8135215084395],[0.150614900343824,51.7969279839967],[0.125694607391535,51.7951834308981],[0.120519942709818,51.7901763540628],[0.10791791818028,51.7881349713352],[0.0992540060634979,51.78323077992],[0.0636833628562943,51.7839531877938],[0.0517480334809838,51.7760546374177],[0.0267988683695827,51.7741798878001],[0.0181371689201033,51.7696951409099],[0.012991949539822,51.7574653590198],[0.00232236744232437,51.7542284309716],[0.00106622919241138,51.7449743077461],[-0.00623378779264418,51.7417099587349],[-0.0132138232150807,51.7425760342528],[-0.0197430727854953,51.7032157243],[-0.0119185003082996,51.6808778620513],[-0.0491812807166705,51.6842717967797],[-0.0620178302781488,51.6830078331081],[-0.0839109719094556,51.6899648023697],[-0.104848781179775,51.6918505649259],[-0.149370295870573,51.6855180809973],[-0.163493489063572,51.6881151127181],[-0.163118533889791,51.699857854758],[-0.183327450424726,51.706521591222],[-0.219914417708808,51.7137236321618],[-0.23427093757865,51.7107605997833],[-0.238971512796857,51.7061417407993],[-0.241110501472534,51.7157398048506],[-0.255135641559201,51.7295376057484],[-0.250366092888548,51.7325470414986],[-0.244427573841521,51.7318919465203],[-0.246513383683826,51.7382076579491],[-0.241641155018163,51.742405684904],[-0.245594727649514,51.7517768941617],[-0.253171441832466,51.747730741598],[-0.255873261495693,51.7492637450556],[-0.261251938900407,51.7585253107091],[-0.258639875473153,51.7602456938722],[-0.277318486266131,51.7760450810212],[-0.271219895772206,51.7910290355076],[-0.277504810909542,51.7978646484223],[-0.256461121840969,51.8032626458855],[-0.243551617584094,51.8099989651046],[-0.264063906569478,51.8329681976822],[-0.319461655214364,51.8366437002265],[-0.323231540826863,51.8448563638064],[-0.339485928243629,51.8496055839011],[-0.355215272234672,51.8672554716711],[-0.354614550268452,51.8751637807557],[-0.349899442185669,51.8787082484181],[-0.365134310797758,51.8943774294333],[-0.377489917580582,51.8984330438986],[-0.389072786390471,51.9256530148453],[-0.405607075305831,51.9324544139121],[-0.402482228980273,51.9334101692414],[-0.406299445424446,51.9412937119482],[-0.399439417792934,51.9676716028567],[-0.393432621418545,51.9685769830776],[-0.390266314354754,51.9777287717919],[-0.380686380065278,51.9794322663056],[-0.37820544640017,51.9716359104771],[-0.382911939901576,51.9514137638953],[-0.37358321179824,51.9478214792537],[-0.350225463578636,51.9575781506211],[-0.34926409874888,51.971169450805],[-0.363732258385604,51.9752093763038],[-0.367157671894378,51.9837606950329],[-0.358721805279696,51.9855462885801],[-0.311556125157742,51.9821098184804],[-0.30681554083012,51.9890688258891],[-0.295325553466247,51.9954042658607],[-0.300054137682577,52.0007805613357],[-0.296089126632458,52.0021924103193],[-0.28241634009257,52.0015639192825],[-0.28348178044685,51.9968211144021],[-0.272298353262319,51.988159773899],[-0.274917636982155,51.9829454992794],[-0.270625678969547,51.9796219808327],[-0.260255083492411,51.9797048517918],[-0.257461642897173,51.9853425386783],[-0.247982955313016,51.9850799890882],[-0.244078799126257,51.9990233928121],[-0.236867926456393,51.9979470458845],[-0.213635841188008,52.0088591317049],[-0.201255999232523,52.0098247127112],[-0.219524518498782,52.0366835218098],[-0.19498248042838,52.0624150513388],[-0.172619038399709,52.0602100407166],[-0.164165713552271,52.0770355077641],[-0.157345982095864,52.0805157101242],[-0.14750935751772,52.0694499379031],[-0.15512066460437,52.053061146242],[-0.144576007425161,52.0469906493632],[-0.13373000983073,52.0462328828637],[-0.122338763437071,52.0296356458817],[-0.126566801585129,52.0209216490248],[-0.100916445886017,52.014607914867],[-0.0899428436635357,52.0084111830889],[-0.0732634841332045,52.0059141463122],[-0.0704257406203974,51.9972181745935],[-0.0606000320920631,51.9955353103252],[-0.0479529971643185,51.9797367392584],[-0.0306298361283023,51.9838138123446],[-0.0237339658025971,51.9971696787485],[-0.00303640269631109,51.9934458151915],[0.00246930903752838,51.9830535100138],[0.0232707755354042,51.9843706459107],[0.0215716518751298,51.9889430880843],[0.0322696690599607,51.987038281656],[0.0350259754131068,51.9896289759759],[0.0385406545346549,51.9864001935959],[0.0445730201407911,51.9869440400996],[0.0437138577847114,51.9848070024382],[0.0669076036099753,51.9798073174669],[0.0690612319178215,51.984042541712]]]},"properties":{"FID":15,"SICBL26CD":"E38000049","SICBL26NM":"NHS Central East ICB - 06K","ICB26CD":"E54000065","ICB26NM":"NHS Central East Integrated Care Board","BNG_E":531970,"BNG_N":221973,"LONG":-0.084098,"LAT":51.88072,"GlobalID":"816b3799-04be-4a6f-8829-b429737740e5"}},{"type":"Feature","id":16,"geometry":{"type":"Polygon","coordinates":[[[-2.06125054275331,53.8256354271531],[-2.08485915207266,53.8185540936188],[-2.12836098371613,53.7990189904201],[-2.12972141052937,53.7916316518481],[-2.12481534222015,53.7880551691941],[-2.13636254217235,53.7801043770713],[-2.13046415087918,53.7723894250549],[-2.13083466972731,53.7520703748933],[-2.1416460769555,53.7457405979151],[-2.14540797950498,53.7360549745369],[-2.1490922561663,53.7338961464102],[-2.15609049406284,53.7353247534607],[-2.17329267251612,53.7230126981727],[-2.1625323884085,53.7072519548993],[-2.16258276466774,53.6992215232901],[-2.1451908297935,53.6921988815055],[-2.14632812119913,53.6822314952384],[-2.16393854216492,53.6547656704073],[-2.16135310003049,53.6413741802669],[-2.18539566847738,53.6382241505733],[-2.18046759685905,53.6405494910562],[-2.18240742207722,53.6482574961939],[-2.18958411719021,53.6480253675206],[-2.2052285843196,53.6543490230391],[-2.20716177392961,53.6607342057943],[-2.21772829254484,53.6689812935811],[-2.2258240483464,53.6707678335379],[-2.24587901856211,53.6635194220404],[-2.26986573446646,53.6461365258137],[-2.26299772647451,53.6250118165826],[-2.25676944274846,53.6203977956353],[-2.25791657360429,53.616465721473],[-2.27178698151189,53.6145140590845],[-2.27255085964401,53.6185123507555],[-2.28284374131591,53.6202473909202],[-2.28351190516752,53.626994362309],[-2.29527272619481,53.6403949262695],[-2.29763977953498,53.6517061690468],[-2.29382551088262,53.6579715566123],[-2.29902473829682,53.6667254049293],[-2.31675746497072,53.6549874753484],[-2.35333840255424,53.6584829347198],[-2.35557008049373,53.6645070655769],[-2.37123622042533,53.6670806822744],[-2.37593484789157,53.6756415127759],[-2.37442409614915,53.6872546226562],[-2.39152767915316,53.6886225885732],[-2.40015009911848,53.6924867795761],[-2.40939253561554,53.7039201047699],[-2.42007310777571,53.7084204235348],[-2.41834569067578,53.7114245018035],[-2.4338687771792,53.7191816363616],[-2.43355243878348,53.7276233814896],[-2.44182997108418,53.7423966089971],[-2.44006773945921,53.7494180289646],[-2.45177991242362,53.7564546785994],[-2.44631695274799,53.7665898130267],[-2.46704769342157,53.7814828634977],[-2.4770877894144,53.7810478789595],[-2.48082652354084,53.7739915001333],[-2.49745634288645,53.7689856616402],[-2.50941308222396,53.7692159629282],[-2.52350339176086,53.7603163192134],[-2.54572438208259,53.7594277282687],[-2.55129809883264,53.7563884289287],[-2.56363452958587,53.757273133458],[-2.56427244808233,53.7620116856846],[-2.54554331014273,53.7692045873857],[-2.54750572401056,53.7758709184145],[-2.58086251753877,53.7755446893954],[-2.58529606955713,53.7827185621625],[-2.59294692204762,53.7790172375579],[-2.59896653120474,53.7810815856471],[-2.60178160667655,53.7896824669528],[-2.59260036474553,53.7964755593898],[-2.58233809741776,53.7896946795],[-2.57541988382383,53.7895598063364],[-2.5783896712514,53.8009437505783],[-2.56440065505087,53.7985674880254],[-2.55467768968408,53.8086714260154],[-2.53086522756618,53.804045323792],[-2.53058776274046,53.8111070986086],[-2.51945783900183,53.8097281214787],[-2.51515281834459,53.8145400497171],[-2.52758200821994,53.8141088225845],[-2.52508386030752,53.8168181109062],[-2.53519521192479,53.8320952508213],[-2.53479651149941,53.8586010732208],[-2.5285095697983,53.8629965663954],[-2.52803207828896,53.8728719234271],[-2.53411345924847,53.8831599728696],[-2.54262231714064,53.8874983291749],[-2.5340062095211,53.8892854721065],[-2.52690217061749,53.901623855264],[-2.53044886801768,53.9042155099702],[-2.52858424659573,53.9128933187838],[-2.51970992847683,53.9181020920518],[-2.52896034382371,53.9344505073853],[-2.51863547399359,53.9384067110651],[-2.51678539976014,53.9448535999488],[-2.51104644971263,53.9475703059551],[-2.50056565536769,53.9472322900434],[-2.49962507827536,53.9577582740979],[-2.50995202789093,53.9690320381719],[-2.49481099196789,53.9798815663656],[-2.49840993161216,53.9888503964971],[-2.49074174322259,53.9867688090832],[-2.47361746836061,53.9967937813959],[-2.45773276100179,53.999481808204],[-2.45239480087857,54.0088278072582],[-2.42916260407807,54.0020499449404],[-2.43166478969559,53.9953208847988],[-2.41757978954511,53.9978000544249],[-2.41437567008352,54.0035300664082],[-2.41511633904063,54.007909519323],[-2.42972887742124,54.0129012685587],[-2.44040029452687,54.0256106227024],[-2.4539596897792,54.0251843475663],[-2.47709132515978,54.039019375923],[-2.49107419538066,54.040738912478],[-2.469549664594,54.0462125116437],[-2.4587750750016,54.0404955941671],[-2.432733828863,54.0415932127534],[-2.42582629111081,54.0380950377223],[-2.37407229749618,54.0490883823262],[-2.36199942120066,54.0406697222008],[-2.35732326856055,54.0191169555499],[-2.34354061851956,54.0173276090013],[-2.33956024400996,54.0094332945444],[-2.34076003204109,54.0074624423029],[-2.35028883288908,54.0122003939825],[-2.35231049001432,54.0105390653509],[-2.35235740584863,53.9946738270487],[-2.3399233069841,53.9894277878199],[-2.31915113219434,53.9938419286139],[-2.29673343528743,53.9805542813565],[-2.29885470049929,53.9765605291474],[-2.29431965971552,53.9744329092698],[-2.2303454265255,53.981530257884],[-2.22106299281463,53.9779277540579],[-2.23201537597896,53.971230017457],[-2.22594790757528,53.9672536345437],[-2.22573632770186,53.9610994922786],[-2.21442000906803,53.9650990759005],[-2.20963910817202,53.9628990023404],[-2.2006353321291,53.9701264062411],[-2.19601957652622,53.9695762084359],[-2.19179725248671,53.9586820073716],[-2.17946868970694,53.9459854045506],[-2.18396480080202,53.945115240087],[-2.18392284155645,53.9366198635435],[-2.17594508457988,53.9342601898503],[-2.17167933247296,53.9376884662584],[-2.16412015993123,53.9346353662441],[-2.16287669194198,53.9272699625026],[-2.15171623590603,53.9294841190776],[-2.14943301938037,53.9260281615435],[-2.14179851624694,53.9256745879524],[-2.13997781843913,53.9283254075072],[-2.12435029041973,53.9232006563581],[-2.12175821180882,53.9173309146469],[-2.11334598357663,53.9156269822769],[-2.10746731360746,53.9080424856852],[-2.11317600325158,53.9046114654552],[-2.10301902284851,53.8909414292064],[-2.08251173061815,53.8776426408425],[-2.08991503020994,53.868182085264],[-2.08119133162645,53.8699714526493],[-2.07484954547751,53.8623671795219],[-2.04613123426088,53.8501417062834],[-2.04692486500578,53.8295103187116],[-2.06125054275331,53.8256354271531]]]},"properties":{"FID":16,"SICBL26CD":"E38000050","SICBL26NM":"NHS Lancashire and South Cumbria ICB - 01A","ICB26CD":"E54000048","ICB26NM":"NHS Lancashire and South Cumbria Integrated Care Board","BNG_E":378788,"BNG_N":436559,"LONG":-2.323725,"LAT":53.82487,"GlobalID":"3726acf2-2117-4507-adf9-4ede91b82ae4"}},{"type":"Feature","id":17,"geometry":{"type":"Polygon","coordinates":[[[-0.495026518200818,52.640236103932],[-0.517397312264087,52.6423794651607],[-0.523420097471446,52.6350920880715],[-0.540260791155507,52.6259658014141],[-0.539056883919724,52.6178754993626],[-0.550131070645429,52.6122506715567],[-0.547559188259854,52.6069561113202],[-0.55293880312722,52.6013489383643],[-0.542929478693586,52.5956834779183],[-0.544173563895507,52.5928883596111],[-0.558117764647155,52.5944839949205],[-0.562286286870465,52.5864611009624],[-0.571903500735076,52.5858034515956],[-0.577955904845962,52.5878980465095],[-0.581546904304758,52.5958683001025],[-0.588633872575001,52.5868058758938],[-0.603018909509496,52.5885911053013],[-0.638082008073977,52.5717755018947],[-0.646760998610091,52.5737917036907],[-0.649376688678319,52.5705427952421],[-0.660888473727551,52.5689219162184],[-0.671287189291007,52.5641060389044],[-0.67266348604234,52.5590308766826],[-0.677562568539917,52.5582919754481],[-0.688449283380691,52.5461372342591],[-0.697833478502912,52.5457022228193],[-0.696430564007663,52.5385465074998],[-0.701130307262463,52.5376774855059],[-0.70143918682985,52.5335524346963],[-0.715759757239099,52.5223443026722],[-0.726833368372141,52.5231635888863],[-0.757215625896606,52.5109491913842],[-0.774867355183957,52.5182763375647],[-0.788674869427597,52.5136580316669],[-0.808942181558086,52.5192516436515],[-0.8116862997456,52.5162595481446],[-0.820323186156778,52.515623043309],[-0.830627080136561,52.5194587660029],[-0.848387741557327,52.5202620820733],[-0.861551042046677,52.527947661788],[-0.868699345295689,52.5270030184297],[-0.872610588891274,52.5183994891052],[-0.883443136892834,52.5139701279219],[-0.878952403314605,52.4979936228172],[-0.882125699433406,52.4931658665864],[-0.895226007886411,52.4922127861565],[-0.898047322932328,52.4869183029962],[-0.884534751990181,52.4813070311959],[-0.882395503013113,52.4712828434211],[-0.889556847615321,52.4704405400305],[-0.900913458864006,52.4598413488414],[-0.904577900037688,52.4628793515562],[-0.909884988467514,52.4614886412394],[-0.942191889798865,52.4677725636159],[-0.951908140667443,52.4774239764626],[-0.967892011154814,52.4772039952712],[-0.979111761196151,52.4701323254843],[-1.00069268657567,52.4709405196336],[-1.0056366938463,52.4650260030659],[-1.02765810949275,52.4585775021551],[-1.04451069567765,52.4457481109689],[-1.03513359592376,52.4432462934804],[-1.03427369698768,52.436285201244],[-1.04949652415899,52.4258402422723],[-1.04998527250696,52.4222087374628],[-1.05997601064214,52.4235199227079],[-1.06932529427064,52.4335462725254],[-1.08438191926183,52.4362980752191],[-1.0980811662467,52.4251073153935],[-1.12926961122675,52.4161033449013],[-1.13853567999411,52.4020438192998],[-1.14935337761862,52.3970404761837],[-1.1565821229328,52.4000510779813],[-1.16422081108109,52.3992037596264],[-1.18399188710427,52.392171153072],[-1.18938145490413,52.3963823517099],[-1.20161346760503,52.396731869975],[-1.24074319437584,52.4401351739454],[-1.30594811446755,52.4933953531322],[-1.26117307963991,52.5303212102672],[-1.24024568504866,52.5209883030865],[-1.22094986918709,52.5168955730284],[-1.21212470571297,52.5158484063604],[-1.20399492212247,52.5234211423054],[-1.20259493289214,52.5291890138139],[-1.21119075387313,52.542321663452],[-1.23083592071656,52.5561492038088],[-1.22327652124504,52.5687064548344],[-1.23005483130827,52.5953782509054],[-1.23598127522182,52.5930281428439],[-1.24771643006728,52.610327987162],[-1.2543840493701,52.613430527129],[-1.25844089624468,52.6112002220593],[-1.26503921923923,52.6149665813675],[-1.25741326177214,52.6162534086602],[-1.261569537832,52.6284567931463],[-1.24075770042742,52.6336169822978],[-1.26180172161237,52.6370663138879],[-1.2416722148041,52.6418421554766],[-1.23219778526596,52.6407473233931],[-1.22314492643235,52.6462621345933],[-1.22862646456604,52.6490659516137],[-1.21594774504962,52.6520152228821],[-1.20259398902467,52.6639487136259],[-1.18520802758943,52.6606426436456],[-1.18291944234084,52.653015957613],[-1.19065597113646,52.640393801146],[-1.20089990802143,52.6398437795382],[-1.20725120826973,52.6425882510699],[-1.21598058245653,52.6345336223541],[-1.16555901177212,52.6130815389124],[-1.1640476438044,52.6094532143387],[-1.17104515893346,52.6058182116274],[-1.16536626595953,52.603040681622],[-1.17422450827386,52.5929262321497],[-1.15955182528366,52.5917137115456],[-1.15571591809775,52.5863556735431],[-1.16094153615742,52.5825304651473],[-1.15309936718407,52.5806688232567],[-1.1412654446828,52.5900032352443],[-1.12666984812103,52.5910833097563],[-1.12679791492814,52.5956441438529],[-1.12017132144771,52.5975428226454],[-1.10365087792184,52.5959119221212],[-1.09370536395325,52.6086864111712],[-1.09837840871654,52.6111117042116],[-1.09661365519004,52.6164914286219],[-1.07436612744571,52.6134259342986],[-1.05446522044017,52.6257369712252],[-1.05602138936234,52.6325691719101],[-1.04696224210028,52.6346199706265],[-1.04616476697622,52.6381033753906],[-1.05162369235507,52.644081763591],[-1.04861273070825,52.6549958210555],[-1.05894518234222,52.6564260022788],[-1.05675448702401,52.6638379424999],[-1.07507869877577,52.6696257729691],[-1.07053434292739,52.6812198272512],[-1.10867246776768,52.6922378053898],[-1.11014560155499,52.7002688376527],[-1.11967947004333,52.7024570965476],[-1.1198968782821,52.7091460821111],[-1.09863802734884,52.7031090952804],[-1.08407457723177,52.7102112550911],[-1.07659048070039,52.7086735433041],[-1.07243402362147,52.7134308399478],[-1.07053560261021,52.7111639924801],[-1.040713203025,52.7133988660386],[-1.01774379283328,52.7104113370375],[-1.00102648710192,52.7202687220972],[-1.00105078531373,52.7236618321417],[-1.01724442853753,52.724467650464],[-1.01991114724055,52.7269802266643],[-1.02745289592684,52.7349407733131],[-1.01958204300799,52.7350485562972],[-1.01942285126662,52.7371301045056],[-1.03305299900724,52.7497893745494],[-1.03038215091582,52.7561863878472],[-1.03684160307394,52.7583712875909],[-1.04142347429573,52.7660587706678],[-1.04590714563607,52.7660319394878],[-1.03795071882022,52.7750341787725],[-1.04662342120453,52.7809547920842],[-1.0362894364442,52.8158773905947],[-1.02193320485252,52.8220515390454],[-0.99567600054548,52.8212704226511],[-0.989241693477427,52.818214346428],[-0.982709074240901,52.8206748001475],[-0.974777803064393,52.8299390994328],[-0.977074652434594,52.8407377636903],[-0.970612634481973,52.844985248714],[-0.959504034724749,52.8437818034079],[-0.9527715322648,52.8504093840528],[-0.941175276894076,52.8539592230615],[-0.940826973266535,52.8615637723833],[-0.928121455179321,52.8660834522298],[-0.940573953201612,52.8768560894637],[-0.916924968504128,52.8789315583632],[-0.911976248140395,52.8835605910605],[-0.858913406212323,52.9048058223728],[-0.861863879050931,52.9143275802788],[-0.841373436027722,52.9283829943338],[-0.834889277216012,52.9393456266],[-0.822540119142775,52.9441430937923],[-0.833867619990585,52.9457936913397],[-0.832229284054509,52.9502067671121],[-0.819808034560656,52.9605814344986],[-0.81285086800783,52.9574641706325],[-0.809812238651519,52.9659795246439],[-0.797319694607315,52.9761752924011],[-0.778278872708424,52.9769232002225],[-0.778437532605699,52.9593137810567],[-0.754950305912771,52.9495561460518],[-0.765922974447862,52.9286315515265],[-0.76291930585438,52.9237968003899],[-0.767483180802581,52.9224643879909],[-0.776859457348674,52.9048089447785],[-0.758468512766142,52.9004899264525],[-0.766591956508612,52.8867984738814],[-0.742723022421436,52.8831570216128],[-0.733485392000414,52.8666999856152],[-0.710189791733462,52.8458379028314],[-0.698388248466123,52.8259990707546],[-0.682248079878123,52.812164612943],[-0.68310663406952,52.7946830088341],[-0.674109337821794,52.787767916685],[-0.675659248063124,52.7775399904554],[-0.662596532488964,52.7554955983704],[-0.61028852409369,52.7598214557948],[-0.605443940770065,52.7504928844287],[-0.589565990480861,52.7537745218634],[-0.57263651096169,52.7531090646715],[-0.566110729576838,52.7449877076509],[-0.560034240268345,52.7454723496286],[-0.539973965446908,52.7384014749356],[-0.542433687401473,52.7232813502035],[-0.512641078349337,52.7196803306087],[-0.50986167264993,52.7153547472087],[-0.494530774299842,52.7096533958567],[-0.451092222119288,52.7095802367627],[-0.444722202545363,52.7061730035666],[-0.430443344448092,52.7054219112365],[-0.434054649848898,52.6837051613495],[-0.456191197216643,52.6703934495203],[-0.494711579451353,52.664632330304],[-0.493866008489345,52.6607168460192],[-0.506674846297501,52.659525958468],[-0.519017274963189,52.6665262111947],[-0.523585861389332,52.6652337562523],[-0.495026518200818,52.640236103932]]]},"properties":{"FID":17,"SICBL26CD":"E38000051","SICBL26NM":"NHS Leicester, Leicestershire and Rutland ICB - 03W","ICB26CD":"E54000015","ICB26NM":"NHS Leicester, Leicestershire and Rutland Integrated Care Board","BNG_E":483655,"BNG_N":310188,"LONG":-0.763955,"LAT":52.68296,"GlobalID":"561ad605-3947-46cd-b9b8-7ea82890d2e2"}},{"type":"Feature","id":18,"geometry":{"type":"MultiPolygon","coordinates":[[[[-0.245242629594788,53.7364921945427],[-0.250254178957516,53.7333181059796],[-0.24434257793185,53.7374952017948],[-0.245242629594788,53.7364921945427]]],[[[-0.360037661500794,54.1531202948164],[-0.346397562325092,54.1468731808335],[-0.323841865781986,54.1502969228148],[-0.322652980789717,54.1452765656882],[-0.313766135029412,54.1464026571374],[-0.304337133452137,54.1362705475516],[-0.290564901547635,54.1397558076427],[-0.269069141045002,54.1383334984074],[-0.265420915026874,54.1405585171439],[-0.23722472338345,54.1372494311022],[-0.229747214869704,54.1324398350784],[-0.229066269174597,54.1357272317901],[-0.221691699585515,54.1379730848976],[-0.212594582054687,54.1576057768359],[-0.187070880227468,54.1536986212564],[-0.170541827208613,54.1507115424853],[-0.164250107913006,54.1483982639905],[-0.144336101840824,54.1410726316085],[-0.144018577685348,54.1409695602955],[-0.136777001144208,54.1386185311829],[-0.126402957146894,54.1348084045855],[-0.125930999857961,54.1347183924935],[-0.125754662553233,54.1346543648732],[-0.122895394278954,54.1341098263854],[-0.113646167363796,54.131104266202],[-0.110957672641625,54.1318354240119],[-0.107827749406132,54.1312388666589],[-0.106652845732454,54.1296272528281],[-0.10576605605432,54.1300029534806],[-0.105660417882926,54.1298349967059],[-0.102770362116031,54.1302747332487],[-0.0952561751679772,54.1288417645927],[-0.0930206601224368,54.1278279583998],[-0.0810480184349721,54.1184443100301],[-0.0809998859486279,54.1178165840613],[-0.0797781756372164,54.1174487451465],[-0.0780371674347588,54.1160836758034],[-0.0771028581482827,54.1142692112098],[-0.105149133914301,54.1040103529591],[-0.140362192246847,54.1043832971431],[-0.164806205165983,54.0995799191185],[-0.166461256398675,54.0983360574796],[-0.183786441695684,54.0853092627993],[-0.183820927589165,54.0852833226859],[-0.184728007200933,54.0846009960692],[-0.18638064419422,54.0796501260011],[-0.186497304849422,54.0799444579657],[-0.187281417917482,54.0811384986938],[-0.189155174667137,54.0811161818227],[-0.19118582166173,54.0812001143747],[-0.187675102606745,54.0799835687447],[-0.191826242363418,54.0799574849663],[-0.1921566350738,54.0799812490145],[-0.193034058129892,54.0788863641604],[-0.198424021765174,54.077918637462],[-0.208530564194227,54.0638167121634],[-0.208547268716686,54.0637579714746],[-0.215782592214267,54.0382981998507],[-0.215280435365951,54.0227594214871],[-0.215056738521342,54.0158348958395],[-0.210782911673391,54.0065841167032],[-0.210778213568267,54.0065551302576],[-0.210716883490835,54.0064462081043],[-0.210524109487386,54.0060435725578],[-0.189265247000427,53.9600581371874],[-0.189015372773465,53.9596288669422],[-0.173700828359774,53.9333008383486],[-0.153965034285028,53.8993206902959],[-0.142132159463466,53.887424822309],[-0.128170898330497,53.8712991620615],[-0.116524254678768,53.8609576428273],[-0.115178324417579,53.8595413162124],[-0.109233072509156,53.8543093994834],[-0.101814308553969,53.8468334643009],[-0.101648491134643,53.8466663323354],[-0.101530908865809,53.8465478186301],[-0.0954686017463823,53.8411374398235],[-0.0447117182891563,53.7957771451289],[-0.0442714974922277,53.7953832113591],[0.116999388408663,53.6622591240029],[0.117250966291247,53.6618506027618],[0.119787535900109,53.6577311677029],[0.141776539465768,53.6219856284916],[0.145636725129037,53.6085629765115],[0.146176112960342,53.6042110239787],[0.144831199100521,53.5980724429679],[0.141762505315534,53.5954159652675],[0.112896651109966,53.5747345223],[0.108346644001934,53.5714719452091],[0.107731131211551,53.57513186109],[0.113075316840731,53.578319288932],[0.137202440564732,53.5926996569703],[0.142047140119261,53.5962608774508],[0.145277307007693,53.6058468689192],[0.144688573137885,53.6085617946956],[0.124564050067233,53.62341542006],[0.115513383586415,53.62713173199],[0.0892392031458801,53.6379127529813],[0.0344835459387661,53.6492119943178],[0.019476619775574,53.6452506885127],[0.000576480566651833,53.6548606844262],[0.0173273886953013,53.6449156440165],[-0.0496809524193124,53.6321006887886],[-0.0538014838796825,53.6292146052584],[-0.056993793697097,53.6293838079768],[-0.103546755829809,53.6353418756986],[-0.124927139497302,53.6458124357864],[-0.130765634770085,53.652097035527],[-0.130790357765193,53.6521236429162],[-0.132503404838851,53.6512250781394],[-0.133379766101127,53.6507831715094],[-0.139367540614961,53.654492285499],[-0.151321275088268,53.6622232129936],[-0.16943088526352,53.6739277726658],[-0.173697985169477,53.6803169647549],[-0.184388099800018,53.6866946822366],[-0.210113909377048,53.7020309969032],[-0.227254981760063,53.7084938188361],[-0.236940426960676,53.7267051994924],[-0.235336509128956,53.7283770359741],[-0.243194652524143,53.7295764720248],[-0.242770216361124,53.7388085045054],[-0.243048048285932,53.73892797179],[-0.243167776819211,53.7387994806974],[-0.243285147555143,53.7386735177603],[-0.247339020365734,53.7418202033195],[-0.24140324495254,53.7549089073177],[-0.254201193639358,53.7635005007392],[-0.252324780693818,53.7813282669116],[-0.265659183111588,53.7823547498345],[-0.268325503824024,53.7850463978881],[-0.278250098687215,53.7820602841901],[-0.303459162144331,53.7980836737949],[-0.31613505387263,53.8132700498601],[-0.346083577741707,53.8106250075659],[-0.362337887518629,53.8049283180777],[-0.365132514916703,53.7987045882111],[-0.359405273146436,53.7934041367075],[-0.392212590937623,53.791133637468],[-0.388109566913529,53.7693454132886],[-0.398265001515813,53.7675964992172],[-0.408573464028434,53.760587963999],[-0.418203850951267,53.7606324517191],[-0.422275871050112,53.7509801522812],[-0.401939199076716,53.7499873387696],[-0.410936215360412,53.7463554871855],[-0.422301171400426,53.7315043715849],[-0.419106716456088,53.7195928568126],[-0.419205999581549,53.7195768855887],[-0.431982494037863,53.7168247385855],[-0.434125316645708,53.7189904175466],[-0.434176024387595,53.7161944502047],[-0.447459519589752,53.7138639930056],[-0.463263622905399,53.7167493476005],[-0.464447031825057,53.716735813714],[-0.486189042977969,53.7164850769238],[-0.486747220804939,53.7164785880966],[-0.54255251540347,53.7084426891874],[-0.558576588921484,53.7115197276792],[-0.55920037838788,53.7116394593597],[-0.585354396382515,53.7271761688452],[-0.620730516014218,53.7302285864774],[-0.636989422503798,53.7277327105251],[-0.637838288512636,53.727582159233],[-0.672996309752412,53.7213403417837],[-0.687279326995338,53.7078813821736],[-0.700123518700436,53.7037597983977],[-0.742598638987552,53.7069814821203],[-0.779052120573226,53.6974662906486],[-0.789652372073199,53.7029339413737],[-0.794093339293045,53.7052239096623],[-0.80255167490414,53.7048066162599],[-0.811885120280041,53.7043454484476],[-0.789777762957166,53.6985611617531],[-0.775042839074174,53.6947026934224],[-0.753001777748803,53.701303919504],[-0.746257025151885,53.7033227340909],[-0.744372325533886,53.7034437756038],[-0.730587335042768,53.7043281696673],[-0.699975897211583,53.6988664795252],[-0.699897323849443,53.6961572984365],[-0.699725328190598,53.6956934031491],[-0.698493610813827,53.6846112501455],[-0.696202468034578,53.6895874363059],[-0.694138256500247,53.6859920988413],[-0.704311583585888,53.6815092697707],[-0.702457731661357,53.6774914795964],[-0.72176788792076,53.6793602339779],[-0.723191056304625,53.6737290711524],[-0.746607519564478,53.6696122669125],[-0.758978292679779,53.6643666299852],[-0.753243251323521,53.6626989930128],[-0.774499499825807,53.6562093194374],[-0.772136015287184,53.6640752253721],[-0.788743396330516,53.6592097264982],[-0.801541892012569,53.6527264077318],[-0.805805582474241,53.6463556054468],[-0.829153051507333,53.6432357840436],[-0.848263912505967,53.6330367025473],[-0.865338703223255,53.6377082364208],[-0.946844943073489,53.6591416200131],[-0.990234292326216,53.6589834453743],[-0.99045977565359,53.661223279938],[-1.02936216399796,53.6549697620212],[-1.04866261671258,53.6560574070253],[-1.06023022988381,53.6592686996452],[-1.07119000480126,53.657905049138],[-1.07106028301956,53.6600216147216],[-1.08563981107625,53.662392774206],[-1.091518283121,53.6686823094269],[-1.10357111247837,53.669556420157],[-1.10199014791412,53.6743942267444],[-1.08104593957662,53.684614746096],[-1.08501806824084,53.68695868403],[-1.07493429636652,53.7039961643428],[-1.06966329691673,53.7028768665837],[-1.06165852391281,53.7067659010741],[-1.05362284434542,53.6968513604856],[-1.04575798527603,53.6986226663248],[-1.03892643712253,53.6938819703201],[-1.022404187724,53.6980358913501],[-1.00682340519206,53.6953005943839],[-1.00021657716712,53.6989003165799],[-0.980328069909779,53.6969423665393],[-0.980486776064261,53.7050392830267],[-0.967865331989642,53.7067211237756],[-0.970098305242525,53.7022137623644],[-0.96265061107951,53.7007956445269],[-0.957673541832671,53.7050532319727],[-0.961272560192541,53.7076961821498],[-0.957714860528992,53.7148353687507],[-0.944083805738365,53.7125259627395],[-0.92429920289769,53.7185682016709],[-0.903656169489086,53.7185160222429],[-0.910951205311436,53.7326702316396],[-0.936511582193809,53.731977472193],[-0.960738271601387,53.7360165645206],[-0.963113612663128,53.7464691160496],[-0.973606011959407,53.7498769685185],[-0.950442378921153,53.7541539236125],[-0.928254372645149,53.7655984408921],[-0.929275274931616,53.7735648140465],[-0.936664681432725,53.779553823254],[-0.92804447808067,53.7970926163745],[-0.934499277125311,53.801777480826],[-0.920106112771399,53.8160929771249],[-0.94061170258036,53.8235183180355],[-0.940303640262089,53.8327028127187],[-0.947026906695046,53.8436552303538],[-0.941996547952293,53.8548124400394],[-0.944971754266532,53.8575413502529],[-0.895317360417143,53.8675188026336],[-0.895364358078698,53.8734761215786],[-0.846399119391495,53.8609741556505],[-0.841224842563572,53.868286200246],[-0.818623716244762,53.8797152275829],[-0.821041126475175,53.8855896173781],[-0.804178836132904,53.8858742187699],[-0.80862598358372,53.9011660752594],[-0.799077281618687,53.9029081434781],[-0.790882912335132,53.8983089742573],[-0.783097166449957,53.9003923467223],[-0.777758352718477,53.8986644426267],[-0.76353408021274,53.9171335791525],[-0.735700790197535,53.9276162004601],[-0.713959708399469,53.9152377493435],[-0.705676621699522,53.9135265495506],[-0.701600952267258,53.9180007364402],[-0.688186496893329,53.9105719008206],[-0.721936346229945,53.8994006397691],[-0.712607659680656,53.8850599623158],[-0.694135699475748,53.8869791798521],[-0.676672024253555,53.8806699729221],[-0.631907146136903,53.895710360205],[-0.617256183208994,53.9037376027708],[-0.637962435524676,53.9141514847552],[-0.644026742606073,53.9224561094059],[-0.626006081991732,53.9277156337347],[-0.632566075568382,53.9411150259981],[-0.624935673149759,53.9522088165723],[-0.628912900399618,53.9607221469642],[-0.627462180216688,53.9802150059151],[-0.685153599768981,53.9715970038521],[-0.70665189716796,53.9751502290667],[-0.707204908613382,53.9815812294031],[-0.69983627715653,53.9896138871421],[-0.685267602314696,53.9935839629109],[-0.694792908839087,54.0007192610197],[-0.704833262277091,54.0025923054864],[-0.726137327242575,54.0002886860335],[-0.70490269245841,54.0060721379229],[-0.682990805543517,54.0090981975351],[-0.678349723749045,54.0180214169657],[-0.688373553801524,54.0237308577087],[-0.687039167094701,54.0307676229211],[-0.676815814422905,54.0376916888962],[-0.659484738505762,54.0371702769313],[-0.658017425707412,54.0436448176701],[-0.64465386546479,54.0551131146646],[-0.660315791576375,54.0630995125621],[-0.615524254807271,54.0704931195101],[-0.591005521688143,54.0870620055321],[-0.566483210259797,54.090302921212],[-0.563137244962249,54.0939995578781],[-0.541816844353544,54.0915283499071],[-0.534030662714113,54.087179922397],[-0.52792771672869,54.08933904272],[-0.524617431879239,54.085474295846],[-0.489850765882331,54.1008848348528],[-0.465943215372793,54.1076328058657],[-0.46832514275584,54.1112507746466],[-0.454351169982552,54.116762587459],[-0.458539640415565,54.125973536108],[-0.427094252395225,54.1374429185661],[-0.433168835640414,54.1640725805571],[-0.422927436172336,54.1663148474057],[-0.424556668164742,54.1695751907062],[-0.418109730020976,54.171220225225],[-0.418427885696291,54.1740255995319],[-0.390783238346476,54.1765310914131],[-0.374525937982985,54.162564141304],[-0.37492727666248,54.1541124872402],[-0.360037661500794,54.1531202948164]]]]},"properties":{"FID":18,"SICBL26CD":"E38000052","SICBL26NM":"NHS Humber and North Yorkshire ICB - 02Y","ICB26CD":"E54000051","ICB26NM":"NHS Humber and North Yorkshire Integrated Care Board","BNG_E":504976,"BNG_N":462637,"LONG":-0.398127,"LAT":54.04904,"GlobalID":"8f1f772c-30ed-4e88-a9b5-85b57535f575"}},{"type":"Feature","id":19,"geometry":{"type":"Polygon","coordinates":[[[-1.70415785356229,52.7320784712036],[-1.72584591670537,52.7289507943478],[-1.72311422882875,52.7220777334073],[-1.73063906021145,52.7179510730824],[-1.73277836797673,52.7060018621162],[-1.74534471840285,52.7004810893171],[-1.76040872597804,52.7023752844735],[-1.77624950120804,52.6954827224864],[-1.78284377735413,52.697414530607],[-1.78000325968611,52.6997171098796],[-1.80349875379744,52.706966091647],[-1.81723608720982,52.7012076688994],[-1.82088551394653,52.7032733588836],[-1.82985041985562,52.7003633640748],[-1.83591732470105,52.7019630753335],[-1.8464694536839,52.6972306633804],[-1.84941214684551,52.7006689850312],[-1.85380552723567,52.6986212249974],[-1.86560688301904,52.707717781403],[-1.85375454187903,52.7112988322817],[-1.84654611826944,52.721265144062],[-1.86019232882836,52.7298694001976],[-1.86303314549424,52.734436380857],[-1.85736644802055,52.73595570835],[-1.85587520016254,52.7454550687101],[-1.84298102371123,52.7503897349717],[-1.84447029774946,52.7542304836053],[-1.85851571696062,52.7548763911352],[-1.86518772171406,52.7482125570192],[-1.88059646106411,52.7453326980422],[-1.9439439161087,52.7737593321995],[-1.95206493989812,52.7801635361683],[-1.94527628679907,52.7893524303132],[-1.95069259807089,52.7897764510877],[-1.94804339944623,52.7934239323087],[-1.95813080825038,52.7984912169454],[-1.95263090189234,52.8006382127745],[-1.95141532077055,52.8081178100278],[-1.96788437997689,52.8243012246312],[-1.95314615566941,52.8323209791234],[-1.95114419708006,52.8437291950783],[-1.93678493696609,52.8480937826643],[-1.93987333466005,52.8516875585793],[-1.9333304753706,52.8544418674504],[-1.93763674861531,52.8588650293053],[-1.93598460429175,52.8706096448991],[-1.95242144177298,52.8684343124206],[-1.96053677475576,52.8702266677678],[-1.9683760725766,52.8748466967537],[-1.97007241903975,52.8851079049492],[-1.97965981710775,52.8932789316413],[-1.98594197981216,52.8952976215448],[-1.9997036731195,52.8922686482626],[-2.00272915102038,52.8968558465285],[-2.01696906404956,52.9023050290289],[-2.01275012285487,52.9065816469395],[-2.04265043766708,52.9157261767762],[-2.04152659342085,52.9174770527449],[-2.03496046787953,52.9178134122605],[-2.03388433066442,52.9224183888016],[-2.02589879069374,52.9248274645025],[-2.00420029072777,52.9277662614429],[-1.99365004795886,52.9339280885089],[-1.97740591767187,52.9345971175498],[-1.97111612841404,52.9407916750496],[-1.94050989909652,52.9314762926884],[-1.93436535546653,52.9316693353069],[-1.92689308505826,52.9412965873871],[-1.9101874962118,52.9398093666505],[-1.90354904077602,52.9460131671855],[-1.91780584083392,52.9518847454871],[-1.91739587344253,52.9573504667038],[-1.92803075374218,52.9597452164456],[-1.92545179725049,52.9631958456967],[-1.91686876308573,52.965955708531],[-1.90966832019599,52.9625463925041],[-1.89920603771399,52.971643310459],[-1.87996999191599,52.9699292401135],[-1.8709116007403,52.9744156319711],[-1.86249337970277,52.974273814807],[-1.85990878154603,52.9777694096744],[-1.86977118865947,52.9865843699944],[-1.86938240768513,52.9915541226516],[-1.88059510813547,52.9946024989538],[-1.87620574000949,53.0044681314047],[-1.88533808563749,53.0133106763504],[-1.88417695082028,53.0200551323354],[-1.87159526501031,53.0200324706935],[-1.85603260988065,53.034097041616],[-1.84508099635823,53.0303267470105],[-1.83048213418159,53.032972469802],[-1.8211447871871,53.0287401357454],[-1.81313880652983,53.0293871601673],[-1.79600020956737,53.0132084216468],[-1.79471372738901,53.0204285609059],[-1.78486498054064,53.0245837144046],[-1.79110608461126,53.0263790137057],[-1.78792043106027,53.0298995196553],[-1.79345209038392,53.0324000605485],[-1.79466008588238,53.0393361315253],[-1.79091592897028,53.0383136417775],[-1.79018956060783,53.0428950637547],[-1.77898143433986,53.0448442925565],[-1.77873397647745,53.0430139732364],[-1.76819404680335,53.0440375342136],[-1.75893163610223,53.0373158048737],[-1.76154348270827,53.0333995504125],[-1.75718799732444,53.0287956295327],[-1.7637309993428,53.0214281240319],[-1.75774607556177,53.01699793998],[-1.76607992559213,53.0090987815937],[-1.76240427293082,52.9998568129752],[-1.78935240255181,52.9927602085948],[-1.78752139143578,52.9894264623138],[-1.79339111952365,52.9896415788593],[-1.79678008153853,52.9851041164011],[-1.80480471310627,52.9854746632456],[-1.80154517826156,52.9829756238353],[-1.80570178430092,52.9804713880238],[-1.82678081065749,52.9770857200464],[-1.83018579215506,52.9713465099346],[-1.82554519686167,52.9618219022359],[-1.8344357150287,52.9548895505901],[-1.82981859530997,52.9456720720088],[-1.83558252906214,52.9452644834687],[-1.83318689909447,52.9411819996609],[-1.83912813396184,52.9414913023252],[-1.84912224184535,52.9357267731634],[-1.85573328908432,52.9270883198006],[-1.85547132812438,52.9204493539738],[-1.84784175788708,52.9203364994266],[-1.84796270922952,52.9129878272485],[-1.84260788013594,52.9129887635343],[-1.84760489145183,52.9090084645768],[-1.83614995321934,52.904194913954],[-1.82999888532882,52.8965883073256],[-1.83416095468217,52.8955255574383],[-1.83271423583364,52.8870993621923],[-1.82655878019002,52.8840406247913],[-1.82234732689913,52.8861747357641],[-1.82341593497524,52.8827347901378],[-1.81171110063443,52.8805964852171],[-1.80185861142545,52.8861466413214],[-1.78833070464771,52.8800819293496],[-1.78373006141525,52.883964132678],[-1.77711649800997,52.8837929562194],[-1.77385384393103,52.8791094819261],[-1.75125959535612,52.8740809366331],[-1.75251834735813,52.8689269747207],[-1.74577426924566,52.8695015974161],[-1.74949666565108,52.8667418408097],[-1.73978489039571,52.8676685964398],[-1.739080349679,52.8647774956401],[-1.72642335772301,52.8630548866164],[-1.72532285461899,52.8596630400228],[-1.72216929206958,52.8632602400231],[-1.7169689581605,52.8607862906593],[-1.71631307311683,52.8654952230057],[-1.70434490347808,52.8666802922003],[-1.70060862777638,52.8605833875107],[-1.69027180243227,52.8644693646696],[-1.6363918915494,52.853109811497],[-1.62695175388176,52.854482056245],[-1.62823499223001,52.8518619996069],[-1.6175899821632,52.8446897841452],[-1.60606999052687,52.8429285778406],[-1.60173692983841,52.8374125292746],[-1.59189415128317,52.8362983789777],[-1.59229203166123,52.8324919051996],[-1.58546272574483,52.8316295939337],[-1.60245279241209,52.8265718598272],[-1.61049467910625,52.8164043763668],[-1.59182737912321,52.8094903349528],[-1.58887046796525,52.799865897741],[-1.59351320750567,52.7969316327241],[-1.5978502312998,52.7983442580961],[-1.60354941829145,52.7954553116573],[-1.60265822958179,52.7919851483729],[-1.61434569381077,52.7882736782361],[-1.60940586988198,52.7844497111387],[-1.61112937641202,52.7814037932727],[-1.61928916324862,52.785167927167],[-1.6269578658611,52.7797724696878],[-1.63824283051638,52.7867285313856],[-1.65204802500694,52.7795014648241],[-1.66653669714811,52.7847229889659],[-1.67075961942302,52.7810164364537],[-1.67017905869012,52.7733955831214],[-1.68206671460658,52.770191408905],[-1.68596762261474,52.7590125353766],[-1.69686252750027,52.7527410872986],[-1.69223511045186,52.7441225065164],[-1.69761935567535,52.7437632648025],[-1.69788588738455,52.7353819389962],[-1.70415785356229,52.7320784712036]]]},"properties":{"FID":19,"SICBL26CD":"E38000053","SICBL26NM":"NHS Staffordshire and Stoke-on-Trent ICB - 05D","ICB26CD":"E54000010","ICB26NM":"NHS Staffordshire and Stoke-on-Trent Integrated Care Board","BNG_E":412597,"BNG_N":321671,"LONG":-1.81463,"LAT":52.79248,"GlobalID":"d33084a0-31b9-413a-982e-3741ccea185a"}},{"type":"Feature","id":20,"geometry":{"type":"Polygon","coordinates":[[[-1.6657543945251,51.9874888626855],[-1.6689432228175,51.9752727491434],[-1.66252889649809,51.9640049478498],[-1.65237437932094,51.9615121566226],[-1.65536679373132,51.957503529218],[-1.64892656760453,51.9589248637704],[-1.63249051480431,51.9556514853686],[-1.61518907827564,51.9376818794026],[-1.64552998318358,51.9222940594455],[-1.64118224581513,51.9215618850817],[-1.64486586114032,51.9136898856555],[-1.63417065050213,51.911653260029],[-1.63305010260347,51.8992253903288],[-1.64488287940201,51.8946017116287],[-1.65865173403781,51.8965512737527],[-1.66895699435766,51.8815045127596],[-1.66711193343739,51.877000083006],[-1.68686752299361,51.8655000108072],[-1.67638494449648,51.850309589067],[-1.68646102459171,51.8344558226475],[-1.6811199406292,51.8160526209597],[-1.67685970352272,51.8170246886795],[-1.68193140763182,51.8039926750022],[-1.69344970694054,51.7941494454545],[-1.71948866637283,51.7832120615431],[-1.70070477656539,51.7705847167627],[-1.69486563814323,51.7485750573774],[-1.68702070531161,51.7398839847226],[-1.6857859419893,51.7299048753019],[-1.69587100197734,51.7235373248623],[-1.68800016003306,51.7120447791251],[-1.66545167613839,51.6972629575402],[-1.65743834798511,51.6964513199307],[-1.64825383282081,51.6840871020789],[-1.66844031785437,51.6804354125908],[-1.67520860544698,51.6825350799851],[-1.67601558390591,51.6884070581376],[-1.68268874667124,51.6900524087552],[-1.6968306375577,51.6920419196649],[-1.70966035673058,51.68165678477],[-1.7111246178112,51.6717501839403],[-1.72755354378316,51.6672097704154],[-1.73921251439678,51.6674258630551],[-1.7491752650434,51.6629752409034],[-1.76608577860056,51.6626394580483],[-1.77027545300921,51.6679695003167],[-1.77692647920342,51.669379152511],[-1.78914004263978,51.6673616370266],[-1.81117290873028,51.6974817015458],[-1.80749340201522,51.6991543711251],[-1.81194311960852,51.7031454867041],[-1.81848824398582,51.7023097168137],[-1.8193661560759,51.6942608707729],[-1.81247169574242,51.6859999223659],[-1.82317073936893,51.6734842995118],[-1.81827057296701,51.6711474522794],[-1.81585070827641,51.6630447817893],[-1.84022789381909,51.656204725192],[-1.85048412302114,51.6562848403888],[-1.8738835507055,51.6825898273853],[-1.89329016844742,51.6769383365235],[-1.89901311283233,51.6796864938456],[-1.88735196160773,51.6600818452276],[-1.87660758840174,51.6515903767733],[-1.88839735072467,51.6488587645486],[-1.90390245392638,51.6560279849882],[-1.92091611524483,51.6572515811778],[-1.94205908930723,51.670416731057],[-1.95223895812675,51.6678170720338],[-1.95788699678264,51.6596813135626],[-1.96305701318521,51.6586564275491],[-1.95221448025587,51.6368296034334],[-1.96874098303409,51.6399596053906],[-1.9773269764275,51.6380911304449],[-1.97647738533774,51.6433475217391],[-1.98477741926262,51.6431842465594],[-1.99530740625247,51.6513636020087],[-2.0032104886556,51.6489784696476],[-2.01559227767487,51.6505155128343],[-2.05717356515272,51.6724429030313],[-2.15253780143152,51.5903416322025],[-2.17471756015499,51.5961658843882],[-2.17949178452832,51.6000458376788],[-2.19001232497619,51.5925031631634],[-2.19244278562272,51.5958133413722],[-2.20655240184075,51.5959495090013],[-2.20742705011359,51.603401213896],[-2.22294424406647,51.5961100811289],[-2.24186693665079,51.592107130758],[-2.24511645637709,51.581409461525],[-2.26745318080303,51.5827173877134],[-2.27255902183166,51.5775902726154],[-2.27656194609073,51.5798961402081],[-2.28274565936819,51.5785165461104],[-2.28088870411052,51.5813131687405],[-2.28727743458602,51.5831569429356],[-2.2835033063396,51.5849634798635],[-2.29408574596117,51.588573583767],[-2.2893000810236,51.5923610025584],[-2.29438988440279,51.5947956916636],[-2.30009791130092,51.5914817188093],[-2.30825320252092,51.5928647515123],[-2.31657006145571,51.589833925794],[-2.31984658542304,51.5939153632473],[-2.33106836265596,51.5916039797426],[-2.33417596799231,51.5966331628995],[-2.33525246880448,51.5942536695784],[-2.34411180569527,51.5942293658569],[-2.34401921321598,51.5964986801002],[-2.35278566818552,51.5966956425363],[-2.36558132684474,51.6037346705705],[-2.37057656825255,51.5976137242091],[-2.39465731213138,51.597369027456],[-2.38890810050682,51.6275301158833],[-2.40047493066604,51.6351434522377],[-2.3863263328683,51.6375250025568],[-2.38598836239455,51.6399432908034],[-2.39578274608781,51.6387434697414],[-2.39883593644606,51.6458103909664],[-2.40720447970991,51.6411995845438],[-2.43083419945225,51.6465621638957],[-2.44298331317752,51.6524918177976],[-2.44565540632842,51.649333856573],[-2.46044175374478,51.6526018440811],[-2.47033518243032,51.6474744592588],[-2.49067549752791,51.6448339130962],[-2.48497073572855,51.6484190464734],[-2.49301452541415,51.6518222259467],[-2.4896402807333,51.6639612796719],[-2.50900543601617,51.6660011011468],[-2.53239083483529,51.6780589974014],[-2.5086489798893,51.6862649889114],[-2.49331389816177,51.6977130286035],[-2.49004752289599,51.7001504566829],[-2.48900335829745,51.6996644954429],[-2.48185529471287,51.7256508130891],[-2.47230184330503,51.7259880981312],[-2.44945513642474,51.7398210905565],[-2.43262239925047,51.7362246963861],[-2.38321670826707,51.7586377809334],[-2.3820371608502,51.7591723621786],[-2.37932797095086,51.7662780454644],[-2.38371957489988,51.7757559472025],[-2.41303948189091,51.7860585838479],[-2.4407729970534,51.7883017885736],[-2.44702445454518,51.792684842079],[-2.44411876083952,51.7997612584687],[-2.43486468614545,51.8099542656918],[-2.42459797804573,51.8150493756005],[-2.41260928765107,51.8053177005693],[-2.37488320331898,51.7928014623235],[-2.35425069467288,51.7940363645149],[-2.35420449596408,51.7940391256431],[-2.34714669742062,51.7976898335339],[-2.34580516426246,51.8039165386393],[-2.35934797130809,51.8111768399551],[-2.36167603297644,51.8222154321373],[-2.35976388430485,51.8266063092634],[-2.35325006730684,51.8287978201103],[-2.35038703160491,51.8297608788201],[-2.3608019169857,51.8272163401713],[-2.36323062215408,51.8215785576732],[-2.36037974099849,51.8068659782208],[-2.34800999185562,51.8028338219175],[-2.35004237386291,51.7991236141909],[-2.3514883885215,51.7977417946769],[-2.36925480353324,51.7944431087312],[-2.3895834667137,51.8005981839959],[-2.38988146139022,51.8007319288674],[-2.39040997176166,51.8008483239357],[-2.40175439316455,51.8042808118136],[-2.41455368422914,51.8171154253888],[-2.42393581265048,51.8193054870455],[-2.44059836040735,51.8126025765922],[-2.44061923296423,51.812576991948],[-2.45179433484176,51.7988742138585],[-2.45133963841297,51.7969876052665],[-2.45180880117732,51.7964006671569],[-2.45020930476032,51.7922969705686],[-2.44843206935402,51.7849199086746],[-2.44139763769684,51.7814552291047],[-2.41134856038994,51.7797877197793],[-2.40569117406359,51.7778706632937],[-2.40463997921253,51.7728121955521],[-2.43422835726345,51.7600594382481],[-2.43782146600749,51.7593337608508],[-2.43761185322522,51.7590434410639],[-2.47757496260631,51.7400450787281],[-2.47734609191943,51.7397209897735],[-2.47732537373911,51.7396916524702],[-2.47883547944317,51.7349890501973],[-2.49376207173078,51.7279633277338],[-2.49623967530871,51.7262055522671],[-2.50533337796562,51.7103836426016],[-2.51458322548519,51.7072784472089],[-2.54371799905374,51.6974902730904],[-2.57080654132759,51.6883792545905],[-2.5713350593768,51.6888315223056],[-2.57481554942366,51.6854410607374],[-2.579975194804,51.6835305760385],[-2.60999005665618,51.6724091597302],[-2.62594940603421,51.6606153645002],[-2.62363357035498,51.6539829174724],[-2.64875772467274,51.6313837319894],[-2.64769714521889,51.6132894213499],[-2.65124432969432,51.6097539861576],[-2.65613479309018,51.6102104935108],[-2.65934191558259,51.6165676113035],[-2.65518589314373,51.6227475137442],[-2.66736570792562,51.6336459146605],[-2.66745018740545,51.6342849518896],[-2.66781459309127,51.6370412925695],[-2.66809087479259,51.6391308386491],[-2.66765247085885,51.6445331263372],[-2.6688066452411,51.6445433420608],[-2.66886752803205,51.6450036574271],[-2.66890109913399,51.6445441771602],[-2.67727913023716,51.6446179856618],[-2.68033173689046,51.6475471720671],[-2.66592254954488,51.6643235000834],[-2.67841359665009,51.6597427554417],[-2.68640208182416,51.6631556320448],[-2.68342952971238,51.6686883602438],[-2.66012862367508,51.6710847644286],[-2.65686368450834,51.6745036380189],[-2.67225333473142,51.6810001827267],[-2.6691690545497,51.6931498076376],[-2.68379165342104,51.7006274623777],[-2.68179771011002,51.7033251031385],[-2.67097135150763,51.7007599590903],[-2.66849501598348,51.7057509325939],[-2.67938304337307,51.7139849049108],[-2.68048444407461,51.7246457742161],[-2.68754058621505,51.7304261389781],[-2.67222520896466,51.7363629919319],[-2.66269209753922,51.7538947263881],[-2.68045201596847,51.7689296132584],[-2.67506927635604,51.777046343352],[-2.67584416670176,51.7880690130454],[-2.66955743758087,51.7943771877865],[-2.67854294442709,51.8027056911272],[-2.67257848161277,51.8088802410889],[-2.65953871587161,51.8106823958844],[-2.66087161838738,51.8227540343524],[-2.65009748834131,51.8241250630596],[-2.65022843881566,51.8261461559558],[-2.63597000330365,51.8399119262404],[-2.63671026194235,51.8430957393752],[-2.62546633703481,51.8389644274367],[-2.62159341512374,51.8433246806919],[-2.60943427831346,51.8467969561649],[-2.60121657863214,51.8562162116222],[-2.58281705225311,51.8495773502887],[-2.57880590425733,51.8532099942469],[-2.58521880361221,51.8599304573922],[-2.58072942526825,51.8616520790728],[-2.56165761884046,51.8642922801097],[-2.54390160593455,51.8602320601216],[-2.53162393133454,51.8607712717978],[-2.52223331938269,51.8646960625171],[-2.50862424428812,51.8851690656995],[-2.50194740557843,51.8862532956141],[-2.50110820890884,51.8818997139174],[-2.49465598737098,51.8842397411895],[-2.49386158780973,51.8800029798278],[-2.48779472373013,51.8804175889203],[-2.48672864998722,51.8847155384844],[-2.47340814580388,51.8855535848912],[-2.46651800226982,51.8925640749013],[-2.44600952139731,51.8939945739334],[-2.43935794414736,51.8973957581181],[-2.44538861052582,51.9005558649646],[-2.44015444473154,51.9024423366865],[-2.44818443550607,51.9186685536601],[-2.45502277429126,51.919347225336],[-2.46604260017111,51.9279741643538],[-2.46548752905281,51.9516963629483],[-2.47372869537076,51.9565387204771],[-2.48610715013568,51.957420423753],[-2.49018755727369,51.9549795975823],[-2.50090666396629,51.9606087801451],[-2.49903008620462,51.9637180500266],[-2.49224441516231,51.9641284869],[-2.49491252837916,51.9810754548638],[-2.48863764953457,51.9874080219431],[-2.47099277770301,51.9947360112164],[-2.47766416127044,52.0001506062264],[-2.4854969344298,52.000332550048],[-2.49198445616964,52.0076618004962],[-2.47936406290343,52.0170773050492],[-2.47893223643684,52.0225303762216],[-2.46406854622709,52.0232683780754],[-2.46325547342475,52.0143403007074],[-2.43659411610663,52.0148143210443],[-2.43363713447862,52.0078793769748],[-2.4372938464723,51.9971669935046],[-2.41317728044146,51.9940925664429],[-2.39901832359183,51.9961459178584],[-2.39289182133114,52.0129588280391],[-2.38698279241982,52.0121665123624],[-2.35137856599261,52.0213590064166],[-2.3525426159631,52.0135353248114],[-2.34049314802345,52.0067404616298],[-2.32942320625051,52.0068285653373],[-2.32470985397713,52.0035672112975],[-2.32065676667531,51.9921283867293],[-2.32656519339306,51.97581069424],[-2.31261947041921,51.9765049392085],[-2.30946535553941,51.9706466834154],[-2.30043284665435,51.9667752039056],[-2.28220895694048,51.9707161307978],[-2.25135998194161,51.9665650591727],[-2.22061339773497,51.9954966085793],[-2.20288612310318,51.9963630234902],[-2.18508421119727,51.9905607618818],[-2.17942578969576,51.9948475252948],[-2.18074849077779,51.9996151444012],[-2.17142228418864,51.9947579270008],[-2.16491537587947,51.9959595096708],[-2.16472345495905,52.0041953736116],[-2.18406573564104,52.0139011486907],[-2.18768308541375,52.0190800420219],[-2.17688351435382,52.0226154680019],[-2.18045124340665,52.0422624517144],[-2.16203632030951,52.0505672148443],[-2.14228122808363,52.0456883363512],[-2.13323116806765,52.0462310976412],[-2.11838379426561,52.0421085995635],[-2.11608967791455,52.0378699211857],[-2.11792262768376,52.0330715263466],[-2.14003963700791,52.02727163392],[-2.1507330804629,52.0066134935112],[-2.13906374353089,52.0039498490278],[-2.14068715406416,51.9994643350455],[-2.13521742217972,51.9997029995223],[-2.13073836977311,52.0064399191885],[-2.11214094498174,52.0153475493936],[-2.08487314705116,52.0104783724582],[-2.06077204059991,52.014678729574],[-2.05929352230299,52.0094738384046],[-2.04868319234933,52.0071150910397],[-2.04951400994408,52.0037962276257],[-2.03835601892543,52.0046005732218],[-2.03825230956767,52.0095628141951],[-2.02700013427009,52.0105996192321],[-2.0292715854807,52.0128397183146],[-2.02366740738544,52.0169479776661],[-1.99856528245932,52.029667597664],[-1.99518948775446,52.0265630293482],[-1.984135769507,52.035879329256],[-1.95138754318718,52.0377252393243],[-1.94752094126906,52.0318949257186],[-1.9317299436615,52.0299593839514],[-1.92704460425499,52.0366609144967],[-1.92215729354365,52.0356150171948],[-1.91344602062788,52.0444612792605],[-1.86226894927234,52.0174852845695],[-1.86154348957884,52.0126276785726],[-1.8390506007515,52.0067833158831],[-1.83530890463337,52.0091624127472],[-1.83565941991244,52.0225023772399],[-1.82502292661639,52.030933473846],[-1.83056057331987,52.0321390136918],[-1.82975123790382,52.0390716014004],[-1.83458886355862,52.0437330419461],[-1.86344926481007,52.0534176152542],[-1.8628776725942,52.0634318973356],[-1.86498831485027,52.0662782149792],[-1.871682381879,52.0654261706584],[-1.8744062007853,52.0699909224998],[-1.86873415409929,52.0739174257736],[-1.85323823121937,52.072413013146],[-1.84661963548072,52.0794211181623],[-1.83175290920489,52.0727695280614],[-1.81894337218524,52.0854044045473],[-1.81273681269314,52.078743988216],[-1.80228891707526,52.0969414913639],[-1.79013507267518,52.1005915011178],[-1.78941726028147,52.1063748741708],[-1.76764876960817,52.1125925574377],[-1.74602259627202,52.0929599675551],[-1.73854128837124,52.091407839153],[-1.72856053560798,52.1001202722902],[-1.73067136049606,52.0733993046971],[-1.71295365274081,52.0665848407776],[-1.70988275710602,52.0733491773427],[-1.70173110533687,52.0728094176573],[-1.70514094575025,52.0597066533215],[-1.70080765307048,52.0551140788301],[-1.69017979042879,52.0547359758436],[-1.68863666162668,52.0518332410667],[-1.69398253489191,52.0395264451826],[-1.66750141632619,52.036242838626],[-1.6638709936576,52.0312784220697],[-1.65354979777492,52.0354025801368],[-1.64537448788564,52.0342317591252],[-1.62441796195853,52.0389815577542],[-1.61753285331962,52.0334370089125],[-1.6196855094426,52.0279783405422],[-1.62840489933792,52.0272069381694],[-1.63864936618362,52.0204860798286],[-1.64283797136316,52.0092025334975],[-1.66617352950124,51.9969179510585],[-1.66988789102542,51.9930900569462],[-1.6657543945251,51.9874888626855]]]},"properties":{"FID":20,"SICBL26CD":"E38000062","SICBL26NM":"NHS Gloucestershire ICB - 11M","ICB26CD":"E54000043","ICB26NM":"NHS Gloucestershire Integrated Care Board","BNG_E":389595,"BNG_N":213465,"LONG":-2.152353,"LAT":51.81972,"GlobalID":"335f3d20-df05-4e4f-b286-773ac59f96b4"}},{"type":"Feature","id":21,"geometry":{"type":"MultiPolygon","coordinates":[[[[-2.62683540475864,53.3546405543777],[-2.63139302545355,53.3460628865233],[-2.6141371791844,53.3476610908818],[-2.60660608938066,53.3429960917777],[-2.61982558776316,53.3319569192493],[-2.59522340863195,53.3224545590423],[-2.60910099468681,53.3120702556126],[-2.61007036228595,53.3180304085903],[-2.61993458804363,53.3203207706826],[-2.61780096283946,53.3161351426531],[-2.62412292337678,53.3093981031859],[-2.63250929593645,53.3075210428058],[-2.64506129749266,53.3101350737461],[-2.64156252206258,53.3050397846137],[-2.68515296210452,53.3154506642267],[-2.70080143057432,53.305807186109],[-2.723525194604,53.3131397526309],[-2.73929226334179,53.3068702834448],[-2.7524857130219,53.3147312437561],[-2.76337770508361,53.3275497074317],[-2.75784091669664,53.3354790091725],[-2.7595309070958,53.3359889022083],[-2.75875580095224,53.3384281642098],[-2.758495118741,53.3386907619262],[-2.75377295712957,53.3434470186141],[-2.7433520356453,53.3453418063951],[-2.73608877904364,53.3450588472399],[-2.73604430180679,53.345057113119],[-2.72197834310191,53.3445076355997],[-2.72095776255916,53.3450610544277],[-2.6995157370485,53.3566828463273],[-2.67865531396074,53.3547728548945],[-2.67464076192837,53.3536644611715],[-2.63062221906058,53.3640499705532],[-2.62683540475864,53.3546405543777]]],[[[-2.69063277257035,53.3853881532069],[-2.69772497013385,53.3793131956428],[-2.6919655657086,53.3614382776437],[-2.69230355597768,53.3615286604252],[-2.69318162020485,53.3617634591136],[-2.69337870606463,53.3618161601768],[-2.70565145291146,53.3614728573102],[-2.71241426309629,53.3578218501049],[-2.71314790163816,53.3576707815227],[-2.71382378696736,53.3575315997987],[-2.72848437291258,53.3545113998598],[-2.73307347607677,53.3479816523244],[-2.75872888732108,53.3497016238618],[-2.75985161314977,53.3509049555644],[-2.76205149798426,53.3532625599253],[-2.75973175695221,53.3503567577812],[-2.759133575705,53.3496073941184],[-2.75953206613015,53.3494435565131],[-2.76038686362431,53.3490921005636],[-2.76897961169971,53.3455583658424],[-2.77724870879584,53.3355540377212],[-2.77827881161369,53.3326130814351],[-2.78428779479333,53.3364309479592],[-2.77770822988502,53.3292343016332],[-2.78980651468789,53.3223565232255],[-2.81905523700649,53.3329784588014],[-2.82565377537196,53.3318318630163],[-2.82575694857683,53.33181393097],[-2.83245739436426,53.3372895301413],[-2.8187798507099,53.3397718641561],[-2.81843920035093,53.3480077493799],[-2.80912557957038,53.3550577296956],[-2.78719893850419,53.35633342973],[-2.77667642698209,53.381031752527],[-2.76905339421622,53.3839008685679],[-2.75765399500463,53.380738188812],[-2.76027028476101,53.3843355780711],[-2.7481417256757,53.3885013391583],[-2.75064720607259,53.3937881956902],[-2.74339592922146,53.3952855189088],[-2.74520381364458,53.4019301168759],[-2.71532344849617,53.3990289526436],[-2.71273226247425,53.3906006849572],[-2.70491520703191,53.3867352993174],[-2.69063277257035,53.3853881532069]]]]},"properties":{"FID":21,"SICBL26CD":"E38000068","SICBL26NM":"NHS Cheshire and Merseyside ICB - 01F","ICB26CD":"E54000008","ICB26NM":"NHS Cheshire and Merseyside Integrated Care Board","BNG_E":354246,"BNG_N":382147,"LONG":-2.688538,"LAT":53.33426,"GlobalID":"5174575e-da8f-4a0e-a959-d113e2b2d99b"}},{"type":"Feature","id":22,"geometry":{"type":"Polygon","coordinates":[[[-0.339485928243629,51.8496055839011],[-0.323231540826863,51.8448563638064],[-0.319461655214364,51.8366437002265],[-0.264063906569478,51.8329681976822],[-0.243551617584094,51.8099989651046],[-0.256461121840969,51.8032626458855],[-0.277504810909542,51.7978646484223],[-0.271219895772206,51.7910290355076],[-0.277318486266131,51.7760450810212],[-0.258639875473153,51.7602456938722],[-0.261251938900407,51.7585253107091],[-0.255873261495693,51.7492637450556],[-0.253171441832466,51.747730741598],[-0.245594727649514,51.7517768941617],[-0.241641155018163,51.742405684904],[-0.246513383683826,51.7382076579491],[-0.244427573841521,51.7318919465203],[-0.250366092888548,51.7325470414986],[-0.255135641559201,51.7295376057484],[-0.241110501472534,51.7157398048506],[-0.238971512796857,51.7061417407993],[-0.23427093757865,51.7107605997833],[-0.219914417708808,51.7137236321618],[-0.183327450424726,51.706521591222],[-0.163118533889791,51.699857854758],[-0.163493489063572,51.6881151127181],[-0.163607825473852,51.6824031154625],[-0.172473147247548,51.673091317195],[-0.18779005198748,51.6678786886502],[-0.191007567933747,51.6639484205917],[-0.196648584566578,51.6654979961193],[-0.19485323176434,51.6683053842097],[-0.203351886421098,51.6701260477789],[-0.202229748475689,51.6678051730205],[-0.211134254773123,51.6669547270979],[-0.207864402459246,51.6628608282328],[-0.212167437931676,51.6613369434601],[-0.226462545388931,51.6571618662669],[-0.228919129551485,51.6599750216111],[-0.250582544765789,51.6560573111236],[-0.257332869523979,51.6418319103803],[-0.263205042267434,51.6448127599539],[-0.272824263804312,51.6420645394602],[-0.273713725268865,51.6386739701917],[-0.304458329769862,51.6363506843813],[-0.316672785047011,51.6405355393266],[-0.33828384005771,51.6294725876317],[-0.401419100074732,51.6131696407306],[-0.440504038614788,51.6200877332363],[-0.457130588449111,51.6122939165486],[-0.496996092095621,51.631708027718],[-0.500183702007083,51.6221867768463],[-0.495409033592818,51.6189180602202],[-0.499231556978172,51.6089280875684],[-0.496306579158949,51.6024295240703],[-0.500596102913018,51.5996902179289],[-0.520594997663349,51.6018436204076],[-0.530059318632982,51.6171511773376],[-0.534130536897773,51.6371504711839],[-0.539260767431974,51.6380397260481],[-0.530929014903641,51.6491341671414],[-0.536665367319548,51.6523691712114],[-0.536891633344579,51.6606244941978],[-0.532625936724092,51.6630071578806],[-0.522777694575088,51.6583976035645],[-0.520994516882158,51.6680452834901],[-0.514718255426491,51.6654530994747],[-0.505107985721629,51.6730768718067],[-0.511146515773266,51.6798961731364],[-0.524934015112044,51.6787214306115],[-0.524272916022594,51.6821126420291],[-0.538889223223373,51.6798342042905],[-0.548696017954095,51.6826712663031],[-0.544017566731267,51.6968168709352],[-0.547668104078469,51.70318141263],[-0.563209731690169,51.711879589945],[-0.561521698213343,51.7180945654754],[-0.550414226441576,51.7230427521761],[-0.553596196229272,51.7284104792731],[-0.550082997443884,51.7305750198255],[-0.553720127610012,51.7340647674772],[-0.560649617356951,51.7340850731184],[-0.559236898537534,51.7373247084641],[-0.565387067413177,51.7364215691037],[-0.563699941849631,51.7396173164658],[-0.57020717164506,51.7358525327541],[-0.575012462059428,51.7370447130595],[-0.586379820685089,51.7521159640927],[-0.61293597337121,51.7474272208348],[-0.617285931989827,51.7526496553839],[-0.643249373892599,51.7539683105189],[-0.669663439809362,51.7661600730059],[-0.675999165285616,51.7712570579144],[-0.681499830141153,51.7880590884287],[-0.69018617285944,51.7923300087965],[-0.682190360154599,51.794584064692],[-0.685394222670617,51.8001858676785],[-0.709282722985696,51.8205337092144],[-0.719217033028331,51.8161376632054],[-0.724234813420512,51.8181447920414],[-0.745741313931267,51.8419567193147],[-0.73633547081868,51.8424067259826],[-0.731187792531136,51.8489704870764],[-0.722568340970022,51.8500452833474],[-0.717446949641787,51.8571117264872],[-0.71045661294834,51.8577975087821],[-0.707090755658577,51.8544165967011],[-0.696373683836903,51.8581357295119],[-0.686767725948736,51.8492402656445],[-0.695444873966585,51.8411037181846],[-0.687053714294276,51.8391152995882],[-0.667200507879945,51.8158070315032],[-0.647784119457413,51.8136078482768],[-0.633043050100358,51.8199788715444],[-0.611869371568614,51.8120447841734],[-0.594832207611289,51.8140229714024],[-0.591640480182284,51.8081315792654],[-0.581825579878036,51.8069054092784],[-0.575157469131494,51.8188189959913],[-0.56714458624977,51.8198051695148],[-0.560775222614783,51.8263798418981],[-0.558348379116466,51.8247878920772],[-0.560656144848949,51.8300826680161],[-0.557150262188832,51.8309687550706],[-0.553628414893348,51.8267124741105],[-0.54168492475555,51.8184447438581],[-0.543179933374848,51.815463517594],[-0.519728941792477,51.8050953721864],[-0.502283053670155,51.8154587104266],[-0.501593654975458,51.8214869798717],[-0.511192716957722,51.8258935592595],[-0.506011553472277,51.8273094927649],[-0.501818189877241,51.83679484312],[-0.491882296290329,51.8352782864024],[-0.490932926808512,51.8428193505124],[-0.479570603023184,51.8421443767727],[-0.47119665231943,51.8454676126337],[-0.47829841660282,51.8531366799519],[-0.470094784800464,51.8558013625431],[-0.464104436189493,51.8501474981945],[-0.454062952748318,51.8530324274474],[-0.447524505501736,51.8476018025486],[-0.438986462426456,51.8518351575779],[-0.425234825972549,51.8467206892603],[-0.42150139101161,51.8502053039705],[-0.398362781276811,51.8373333250405],[-0.374054989096005,51.8291945618974],[-0.368730156387934,51.831083308623],[-0.363302673628114,51.8421050963572],[-0.35718864823055,51.8400825717399],[-0.339485928243629,51.8496055839011]]]},"properties":{"FID":22,"SICBL26CD":"E38000079","SICBL26NM":"NHS Central East ICB - 06N","ICB26CD":"E54000065","ICB26NM":"NHS Central East Integrated Care Board","BNG_E":506779,"BNG_N":204790,"LONG":-0.45521,"LAT":51.73167,"GlobalID":"2517175f-e5a3-4343-9fab-4b8327b9c123"}},{"type":"Feature","id":23,"geometry":{"type":"Polygon","coordinates":[[[-2.02686862921522,53.6242443543737],[-2.03580589481675,53.6029629596395],[-2.05682354238325,53.5974260107772],[-2.0551413313741,53.5946328605927],[-2.05993492644429,53.592517782226],[-2.1106692466653,53.59968994374],[-2.1126852251756,53.5927684745108],[-2.11841321674062,53.5926087072324],[-2.12586724534977,53.5864718891025],[-2.1368963341932,53.583081801548],[-2.1566165375334,53.5823115543456],[-2.15095401327835,53.5671768532051],[-2.17208612051792,53.5581989488335],[-2.16946740093471,53.5461485688312],[-2.18592227203478,53.5290577701307],[-2.20542805655608,53.5329124231102],[-2.20703515871824,53.5381833281726],[-2.21886084966976,53.5439111711431],[-2.23722811334853,53.538803883404],[-2.23410653453533,53.5432826047506],[-2.24165236543665,53.5571623907972],[-2.23645945065969,53.5592754891385],[-2.24816699138535,53.563238921438],[-2.24327897102022,53.5716780070072],[-2.25913007647537,53.5852787971733],[-2.26527579243956,53.5857276581304],[-2.27314550298502,53.5793706378512],[-2.28230462552703,53.5839403248146],[-2.27658568112092,53.5915030241498],[-2.26996102546963,53.5891568411838],[-2.26995281097756,53.591941534737],[-2.25922157501885,53.5921818567586],[-2.25553937781245,53.59709120171],[-2.24526410031222,53.5995611850225],[-2.25098178737067,53.6071775617906],[-2.26164637106285,53.6065434863114],[-2.27178698151189,53.6145140590845],[-2.25791657360429,53.616465721473],[-2.25676944274846,53.6203977956353],[-2.26299772647451,53.6250118165826],[-2.26986573446646,53.6461365258137],[-2.24587901856211,53.6635194220404],[-2.2258240483464,53.6707678335379],[-2.21772829254484,53.6689812935811],[-2.20716177392961,53.6607342057943],[-2.2052285843196,53.6543490230391],[-2.18958411719021,53.6480253675206],[-2.18240742207722,53.6482574961939],[-2.18046759685905,53.6405494910562],[-2.18539566847738,53.6382241505733],[-2.16135310003049,53.6413741802669],[-2.16393854216492,53.6547656704073],[-2.14632812119913,53.6822314952384],[-2.14225759353945,53.6780058223948],[-2.13412748550132,53.6857339236763],[-2.11808495199827,53.671245325781],[-2.09703982217569,53.6726260036469],[-2.09290631201203,53.6701611069832],[-2.08626356736627,53.6711306241038],[-2.0831652410436,53.6780756854279],[-2.07339867508194,53.6775100939165],[-2.06180588485278,53.6828469027443],[-2.05124223509991,53.6836916255956],[-2.0489017519122,53.6802268014888],[-2.05445806992237,53.6767676772257],[-2.05397776028787,53.6719432157068],[-2.03709529737352,53.6623427789169],[-2.0413232944264,53.6413871689485],[-2.02999663907877,53.6361693772347],[-2.02686862921522,53.6242443543737]]]},"properties":{"FID":23,"SICBL26CD":"E38000080","SICBL26NM":"NHS Greater Manchester ICB - 01D","ICB26CD":"E54000057","ICB26NM":"NHS Greater Manchester Integrated Care Board","BNG_E":390314,"BNG_N":412326,"LONG":-2.147859,"LAT":53.60741,"GlobalID":"45c500e6-e4ab-4026-acf3-114bd97c33a6"}},{"type":"Feature","id":24,"geometry":{"type":"Polygon","coordinates":[[[-0.243285147555143,53.7386735177603],[-0.244137344371372,53.7377239022209],[-0.24434257793185,53.7374952017948],[-0.250254178957516,53.7333181059796],[-0.273243784773328,53.7409107080223],[-0.307204937877199,53.7419577166084],[-0.308866856752616,53.7417071411099],[-0.331134806461275,53.7383471861497],[-0.331186162894152,53.7383394314131],[-0.331103569130292,53.7385939953532],[-0.32695976581487,53.7446315518945],[-0.329973183512103,53.747522922662],[-0.330231957518233,53.7477711950492],[-0.332635073170785,53.7382905022068],[-0.384620342627652,53.7243478900583],[-0.396704970782307,53.7231951062628],[-0.396953642821273,53.7231551593836],[-0.418969672771267,53.7196149028524],[-0.419106716456088,53.7195928568126],[-0.422301171400426,53.7315043715849],[-0.410936215360412,53.7463554871855],[-0.401939199076716,53.7499873387696],[-0.422275871050112,53.7509801522812],[-0.418203850951267,53.7606324517191],[-0.408573464028434,53.760587963999],[-0.398265001515813,53.7675964992172],[-0.388109566913529,53.7693454132886],[-0.392212590937623,53.791133637468],[-0.359405273146436,53.7934041367075],[-0.365132514916703,53.7987045882111],[-0.362337887518629,53.8049283180777],[-0.346083577741707,53.8106250075659],[-0.31613505387263,53.8132700498601],[-0.303459162144331,53.7980836737949],[-0.278250098687215,53.7820602841901],[-0.268325503824024,53.7850463978881],[-0.265659183111588,53.7823547498345],[-0.252324780693818,53.7813282669116],[-0.254201193639358,53.7635005007392],[-0.24140324495254,53.7549089073177],[-0.247339020365734,53.7418202033195],[-0.243285147555143,53.7386735177603]]]},"properties":{"FID":24,"SICBL26CD":"E38000085","SICBL26NM":"NHS Humber and North Yorkshire ICB - 03F","ICB26CD":"E54000051","ICB26NM":"NHS Humber and North Yorkshire Integrated Care Board","BNG_E":511894,"BNG_N":431650,"LONG":-0.303826,"LAT":53.7692,"GlobalID":"de71390d-e216-4712-bc72-59cad3328f0d"}},{"type":"Feature","id":25,"geometry":{"type":"MultiPolygon","coordinates":[[[[1.08470058079331,51.9457060752065],[1.08121785227952,51.9446821630868],[1.07955037869967,51.9464519545383],[1.08470058079331,51.9457060752065]]],[[[1.05823920214007,51.9498532887122],[1.0587485694726,51.949482252842],[1.05859713897247,51.9495252599535],[1.05823920214007,51.9498532887122]]],[[[1.53628004806312,52.0761391244968],[1.51463058450886,52.06765697127],[1.50012121128032,52.0655214817092],[1.50012633473052,52.0655484559776],[1.50296997260471,52.0694890695089],[1.5138178565098,52.0690894658106],[1.52521697137083,52.0802361168054],[1.53210527085128,52.0793560140873],[1.53827551223699,52.0789962867357],[1.53628004806312,52.0761391244968]]],[[[1.58098210612731,52.0915392433631],[1.57903941383708,52.0863967678342],[1.55352107793172,52.0777084873109],[1.49973399830451,52.0605290897973],[1.48628265344393,52.0562266864586],[1.47538187542583,52.0510471686686],[1.46799642014396,52.0485228028694],[1.4681422687658,52.0487399444886],[1.4880285515304,52.0592872010631],[1.49049075262679,52.0599347863921],[1.49988051524084,52.0624037388],[1.5174513418016,52.067021044723],[1.53755554546657,52.0748622366571],[1.56253156503549,52.0858844820216],[1.56774778548116,52.0910866441035],[1.58098210612731,52.0915392433631]]],[[[1.58098210612731,52.0915392433631],[1.56773191365245,52.0914172364929],[1.56184737338771,52.0861669306998],[1.5421215291904,52.0791900463062],[1.53950578362068,52.088042368527],[1.55483702908854,52.0898517273987],[1.56880166187716,52.0981176016302],[1.5687472917467,52.1098092320018],[1.58687497284645,52.1197638987421],[1.59576157541939,52.1354333017746],[1.5991487177255,52.1436114967866],[1.59319002327965,52.1455582644504],[1.58328198521688,52.1422350224669],[1.57513611565036,52.1443355521757],[1.57126798788566,52.148156145998],[1.57992105781474,52.1548555543257],[1.57164765160159,52.1597911765885],[1.55557945831957,52.158701276459],[1.55348438410623,52.1610941263655],[1.55742279275085,52.1626105262214],[1.55172603072302,52.1665763643628],[1.53106895908944,52.1630695115816],[1.52898155465751,52.1650793989859],[1.52779167563148,52.1611357366666],[1.52357892919804,52.1618500025966],[1.51125554986757,52.1551065924795],[1.5100501392105,52.1602687868899],[1.50914974906994,52.1642169869068],[1.50787872124672,52.1643058576906],[1.49474840566431,52.1652231094401],[1.50497879707095,52.1635357406171],[1.50518452541687,52.1634693558581],[1.50714836877532,52.1628356209136],[1.5076635819819,52.1615734034557],[1.5088394589767,52.1586923668864],[1.50926817915271,52.1576418637198],[1.50900660078328,52.1580081904122],[1.50754413776625,52.1600561717289],[1.50530562482423,52.1631905206339],[1.50132495849742,52.1636386314824],[1.5003678668366,52.1637463511514],[1.49923389315422,52.1638739680576],[1.4993958962606,52.1637883903558],[1.49953048966319,52.1637172908567],[1.50240902813107,52.1621966166739],[1.49923664412435,52.1594583601163],[1.50345424445241,52.1609620571214],[1.50388741937419,52.1537101608912],[1.50697441521512,52.1528195523376],[1.50892747771175,52.1522560282628],[1.50822810983308,52.1571736495562],[1.51078532310138,52.1510583744474],[1.51402056436832,52.1510996149371],[1.51731472875957,52.151141512205],[1.52340820943186,52.1512187667198],[1.52506009846358,52.1572039838227],[1.53987314058142,52.1573878239214],[1.55326772393184,52.1502161071422],[1.56755565622874,52.1561040489731],[1.57293793203404,52.1527909540409],[1.56929123432457,52.1516629069386],[1.56853391821374,52.1538563053234],[1.56822468691201,52.1485326073308],[1.57341605818983,52.1427398790671],[1.58295615385794,52.1397452164689],[1.59476607578282,52.141571618403],[1.59549768922396,52.1416847179339],[1.59331272794205,52.1381941518525],[1.58173568789036,52.1196890922639],[1.56627182572346,52.1118667207762],[1.56552087315067,52.1001599546604],[1.55265777294006,52.0920663751172],[1.53748202137285,52.090348264172],[1.53790207815764,52.0810286227008],[1.52498719976478,52.0820059877833],[1.51051560612363,52.069562124413],[1.50059234673564,52.0715036167674],[1.49234382089435,52.0731166683521],[1.49063102748719,52.0734515280879],[1.49068895956176,52.0735885707333],[1.49580957213022,52.085698358278],[1.49612474900291,52.0864434877614],[1.48960082112439,52.079608385561],[1.48988376093401,52.0729097245309],[1.49932697737272,52.0711249735542],[1.50054462341332,52.0708947724796],[1.5013214765527,52.0707478970449],[1.50117994461273,52.0705963767415],[1.50046089720851,52.0698265680641],[1.49538159961889,52.0643878076842],[1.47847779982907,52.0585317114414],[1.46168527165181,52.046224570989],[1.45951843776957,52.0446358304841],[1.46138939448148,52.0447588264223],[1.46007794251902,52.0425285012142],[1.44372678282789,52.0255071958364],[1.43907140596687,52.0175475989221],[1.43072962206161,52.0056956498277],[1.42506142032309,52.0018307577278],[1.40066913888726,51.9895873526813],[1.39412270325351,51.9872614127524],[1.39558929003492,51.9985299642869],[1.39202405196552,51.9962743611521],[1.3885363821993,51.9993979057549],[1.39552125631541,51.9990563297782],[1.36699692715685,52.0073690264058],[1.36622689888811,52.010294209044],[1.36301924890043,52.0224756215972],[1.34471012635948,52.0312432919156],[1.35266192015945,52.038175891255],[1.35164480283712,52.0456100167057],[1.34103864808985,52.0531357133624],[1.34370342422662,52.0641358676795],[1.32938896545762,52.0688020131896],[1.31902362867578,52.0806353380306],[1.3193740812755,52.0869844811226],[1.32453501814313,52.0890713426505],[1.32525974066601,52.0893643554068],[1.32724261157643,52.090166007687],[1.33196926453029,52.0941032918205],[1.33165094909279,52.0984304777705],[1.34337565967394,52.1017141035259],[1.34420839709583,52.1020484497862],[1.34591456216859,52.1028153859135],[1.34639490233534,52.1030312940365],[1.34752823976118,52.1035406997632],[1.33723699331583,52.1037661879728],[1.33405317050469,52.1014975127656],[1.33233257306624,52.1002713443348],[1.32605289286522,52.0957954344878],[1.32575498265074,52.0955830648119],[1.32508856558027,52.0904165733793],[1.32479053523659,52.0900522369497],[1.3173465494727,52.089036544123],[1.31477165589756,52.0808928555222],[1.3140328673394,52.0788524544108],[1.31377783401007,52.0777716650294],[1.31375654075152,52.077681422349],[1.31271691042131,52.0777282231469],[1.3041163751281,52.0781150360333],[1.30756368243068,52.0794483907175],[1.29547030587493,52.0773007697117],[1.29807245290423,52.0771275848701],[1.29838470847862,52.0771072250753],[1.31742391761407,52.0760950145231],[1.32253602044178,52.0665685296446],[1.32393034874232,52.0639694850867],[1.32431873812146,52.0632454690534],[1.32509383224089,52.0636597849045],[1.32527404162812,52.0637482205029],[1.33380358094709,52.0586168716123],[1.33464364212885,52.0521251985979],[1.33478813833597,52.0510084331639],[1.33508024052138,52.0487507261226],[1.34738956335914,52.0422726495633],[1.34780674589205,52.0396200439506],[1.34314785420141,52.0370962789179],[1.33903671494396,52.0331294225212],[1.34332159388256,52.0272163306593],[1.33738549902578,52.0243580775197],[1.34443320880683,52.0264615970937],[1.35637604405293,52.0221552306213],[1.35936732726714,52.0180815340347],[1.35936059634047,52.0147108217985],[1.35611476721885,52.012538548927],[1.35887197596574,52.0158559173608],[1.35577492177165,52.0161163656978],[1.35426487980157,52.0137039243176],[1.35760690966742,52.0105407446571],[1.36400391584303,52.0044846001922],[1.3803778825143,51.9984767048388],[1.38012666988689,51.9975295413059],[1.37971830606671,51.9959897608899],[1.3828747168923,51.9966312203619],[1.3879948226377,51.9902254367074],[1.3838129430497,51.9895434177937],[1.39146705805036,51.9893249475189],[1.38939073481765,51.9813899918537],[1.38364004478613,51.976049217344],[1.36280407325483,51.9625430168424],[1.344921726115,51.9569230557976],[1.32021345294513,51.9334942628833],[1.31983151698257,51.9412454956339],[1.31977097811235,51.9413234162287],[1.31976326057138,51.9414794559334],[1.31943594627613,51.9418892940918],[1.3193280517808,51.943154598732],[1.31875393424036,51.9437867944434],[1.31870942365517,51.9455113653663],[1.31765067572647,51.9450016023194],[1.3144172832086,51.9485614958743],[1.31589643265938,51.9511942502746],[1.31559100054927,51.9513896156762],[1.31567357181875,51.9514103165379],[1.29793469333133,51.959277766859],[1.29603448201415,51.9601325495989],[1.28257035577333,51.9660618354656],[1.28031563207736,51.9931152002314],[1.26415632817304,51.9958129135187],[1.25836937031241,52.0029762607044],[1.25688958587456,51.9965475376447],[1.23796317564607,52.0030547238885],[1.22935362415475,52.0064735323103],[1.21545024918048,52.0065142798071],[1.21032432166295,52.0114949583377],[1.20451236415498,52.0132754150335],[1.19902145945943,52.0149571312028],[1.19761976384056,52.0153863695573],[1.19194179311663,52.0151495795921],[1.18833162306344,52.0149988786755],[1.18795346881228,52.0152576361605],[1.17875093529575,52.0215493374536],[1.1784121951194,52.0217151762283],[1.17767542194341,52.0224467210378],[1.16972014752522,52.0303437855154],[1.16622494832652,52.0298687403517],[1.16061877518837,52.0320501831142],[1.16099187373895,52.0418508967342],[1.16107652139935,52.0420228026512],[1.16305912743788,52.0460487205317],[1.15992705990977,52.0479569859146],[1.15549784383876,52.0365343722437],[1.15052620469011,52.0342324027609],[1.15003489113037,52.034004890136],[1.16188953216225,52.0268047685947],[1.16688136049961,52.0182610193122],[1.17118897867686,52.0157099633171],[1.18518795171649,52.0074164506368],[1.2034944574637,52.004787873092],[1.20387721125738,52.0043990774592],[1.21153239785712,51.9966214097925],[1.23123290401446,51.9958481999091],[1.24287184057278,51.9927665332071],[1.24291709476998,51.9927545484114],[1.24304676503521,51.9900483286069],[1.246944262423,51.9899742586275],[1.24439923854362,51.9918890589959],[1.26730316429769,51.9878681967667],[1.27022807901817,51.9841865294929],[1.27110865364112,51.9758236562803],[1.26756865407466,51.9764103424752],[1.2790881432162,51.960388259765],[1.27639416004413,51.9574895864952],[1.27373809501707,51.955666544978],[1.26938621628984,51.9544934778639],[1.24297691326091,51.9614135993152],[1.21972192999347,51.9528720268273],[1.21193293951962,51.9554247156039],[1.21017962852213,51.9559992188026],[1.20041603775513,51.9558966127582],[1.18733528346985,51.9557578349554],[1.17787143998466,51.9648253294121],[1.16304862837031,51.9672951599049],[1.16354272628026,51.9705251526761],[1.15992780027042,51.9652410681146],[1.15324884862241,51.9648032225025],[1.1322436269397,51.9575663532683],[1.13031366250315,51.9535406934624],[1.11854116529181,51.9562330932362],[1.10248788449339,51.9540779439128],[1.09980149862677,51.9537170619479],[1.08613212131242,51.9589331244964],[1.06944934793724,51.9552565607509],[1.07292969351032,51.9541476220878],[1.06898213330465,51.954554623565],[1.06605086534423,51.9489954497468],[1.05881360719528,51.9559310450605],[1.06363880770177,51.9484565943335],[1.06215388153332,51.9491507728165],[1.06210543170683,51.9491734213126],[1.05572843464114,51.9521541050592],[1.04771194276654,51.9594983563272],[1.0186963332561,51.953219120803],[1.0089882210105,51.9560078893658],[0.998951615719708,51.9639267179455],[0.989084785418273,51.9613793123608],[0.970982656554715,51.9624081839772],[0.971579420545114,51.9693358951625],[0.964847953032109,51.9719970805983],[0.962589678676559,51.9771649291299],[0.942910913446747,51.9706907322682],[0.929336845992149,51.9714513674566],[0.925169083050365,51.9761941769253],[0.907672541783174,51.9729708522706],[0.889688298223126,51.9733863652736],[0.886565624124708,51.9684449746797],[0.880005209399943,51.966456219603],[0.863093622858034,51.968271263572],[0.85833101813553,51.9629653950429],[0.85024046739858,51.9607666732446],[0.821642596877846,51.9687188200961],[0.815203588520563,51.9669924863012],[0.81231748424256,51.960935766884],[0.807689041894357,51.9617642109983],[0.807129245105814,51.9689250036397],[0.814547206962225,51.969906776908],[0.8159414097112,51.9896744719674],[0.833719701878772,51.9884276441805],[0.832137408589937,51.9804929962355],[0.858273184595802,51.9807479685674],[0.859530263026497,51.9856074479541],[0.867976032094693,51.9890182720438],[0.863952061619787,51.99246981756],[0.864887293854056,52.0020981014098],[0.85067851874904,52.0053460569634],[0.850216852542433,52.0104465917431],[0.854731000358584,52.0133060805117],[0.849448797792675,52.0136245678472],[0.849209061554485,52.0165061380936],[0.846308946190912,52.0138706151558],[0.833689571681898,52.0131010868294],[0.839508235379686,52.0196687465134],[0.835073985580647,52.0315306053578],[0.812601004942428,52.0435110959199],[0.809688423645446,52.0494497203798],[0.813616696076746,52.054512006398],[0.820394087147366,52.0552401146651],[0.812112907320239,52.0553804140777],[0.815783944501081,52.0590026884909],[0.829968824699418,52.0584590148255],[0.841054403091396,52.0630478373797],[0.837527383662842,52.0735791947431],[0.83398884315389,52.0752436698209],[0.82739053813691,52.0726666620397],[0.82444947714955,52.0749163763465],[0.835332220053545,52.0789241287151],[0.830096461743092,52.0791641809376],[0.829435325903973,52.0847475618618],[0.84066106464875,52.0908601883279],[0.855241257197601,52.089379096307],[0.861839716415887,52.0809324230715],[0.860661020990008,52.0665538206817],[0.872773817604642,52.0655220907884],[0.879316529678948,52.0704808009281],[0.873404320921094,52.0718182295465],[0.879176151103548,52.0790871031924],[0.88432095225723,52.0782881744542],[0.88457396691002,52.0821405094198],[0.891408332758137,52.0818309144484],[0.891862650256354,52.085329036397],[0.898639677956417,52.0809048594062],[0.91005311714571,52.0974098977053],[0.908860818817378,52.1004748285654],[0.898514620314915,52.1003133689789],[0.882476145591381,52.1092021583064],[0.886670043745917,52.1110132094445],[0.877630397887883,52.1140736689973],[0.872004250806999,52.1252395979513],[0.844841027810729,52.1342605431068],[0.843675183898577,52.1372187605056],[0.846560987365798,52.1427226229146],[0.851425995897118,52.1436934358457],[0.848711403228477,52.1483659477926],[0.857295104566926,52.1469207337765],[0.852897802792098,52.1495075875676],[0.857154084355895,52.1549752585952],[0.852989935867577,52.1591319267438],[0.859536051124646,52.1633898832869],[0.857658018821834,52.1654607546907],[0.8688231203607,52.1655771196163],[0.881810508412717,52.1546448778754],[0.893883149120263,52.1576765431501],[0.895742973470774,52.1821709205223],[0.905729869149618,52.185170974559],[0.909396549078193,52.1914106532137],[0.91708646954583,52.1911478595718],[0.919157636851421,52.1963600637914],[0.925108252095895,52.1968863986028],[0.918568844848746,52.2062712823432],[0.926561550240559,52.2123978207346],[0.928277692044662,52.220146030517],[0.917042469703405,52.2237121602374],[0.941201190353191,52.2486021864916],[0.955546281374927,52.2555679245677],[0.913240000959265,52.2563651966543],[0.907368874183229,52.267871293884],[0.910569258329899,52.2681018126258],[0.909421202242567,52.2747276011411],[0.91174042916379,52.2775383641955],[0.923032149303364,52.2734774692788],[0.931876820491532,52.277139454375],[0.934154574194423,52.2748190329136],[0.942823137042723,52.2751977739644],[0.942508070855781,52.2710794351765],[0.958954459360898,52.2679080206575],[0.970209160305183,52.292230382083],[0.980410381365237,52.2942463277594],[0.985458609230609,52.29920595505],[0.993682514778487,52.2987999138821],[0.998706013720474,52.3047906964042],[0.987576025606773,52.3031761191238],[0.98077925598246,52.305975717475],[0.982395224187499,52.3097309701988],[0.97662409915756,52.3128705777651],[0.970705108945594,52.3093503736491],[0.957774799709194,52.3119712130261],[0.955511395417721,52.316017297571],[0.965249406247744,52.324888718877],[0.962090284349342,52.3286131384398],[0.96693868519925,52.3320131758484],[0.957339066083917,52.3403722634852],[0.95323058493613,52.3368606967689],[0.93269764060095,52.335729986613],[0.925693033455849,52.3273353452537],[0.926694847547326,52.3197049578886],[0.921684178670571,52.3193170550973],[0.90412214802204,52.3255497119687],[0.895135095646784,52.3390423638253],[0.861668063812024,52.3522994735198],[0.862552020699263,52.3401369047216],[0.858335976837828,52.3394547296933],[0.867722056086972,52.3180400781172],[0.86265588067808,52.3167252296315],[0.865032424176991,52.3141584574012],[0.857997796697488,52.3091297323406],[0.869003562030178,52.2934584807488],[0.855261293616135,52.2915464464185],[0.855556648260192,52.2863490598754],[0.842899220879422,52.2847806742998],[0.853683547744946,52.2770703973254],[0.856326343284026,52.2684426222941],[0.849568227505908,52.2648041863291],[0.842602574402201,52.2680265179656],[0.843865769736943,52.2598003963151],[0.825825797449458,52.2665151480391],[0.8177110780125,52.2643821710377],[0.79859555269083,52.2665535465814],[0.802933717625165,52.2706391530547],[0.786272248429669,52.2737456327815],[0.786785798898011,52.2841045892385],[0.779532836150989,52.2945415655957],[0.758620808112966,52.287572913485],[0.753948175030091,52.2793125405663],[0.716659833301507,52.2787056841271],[0.717078888440207,52.2848051202333],[0.712383009160992,52.2840871494134],[0.70792327068699,52.2912043501511],[0.702453114418648,52.2922601825246],[0.715528554911738,52.2916125330465],[0.724871127439009,52.296367326044],[0.723053116906578,52.3084492209711],[0.738401754993436,52.3485056905185],[0.719967645824245,52.3490552455439],[0.694685334046571,52.3559579454845],[0.674612663305631,52.3570972433309],[0.675718007492435,52.3612183966508],[0.692756244350901,52.3713681886677],[0.712437670068244,52.3946230223495],[0.737589029069968,52.3951384347698],[0.740965942572631,52.3881896405809],[0.749844366126512,52.3829265059629],[0.765965895771315,52.3903573812278],[0.773434738518112,52.3863271777766],[0.785927662559748,52.3864890158799],[0.796130538790365,52.3912417553774],[0.808172093213654,52.3895243355676],[0.840929517022454,52.4007965656093],[0.855438765913692,52.3994413077583],[0.856873082226912,52.3951861007448],[0.866872837888159,52.3903456472927],[0.891125534158717,52.3907989841649],[0.904927753203991,52.3857831692425],[0.922887316256126,52.3900388302285],[0.930231758065135,52.3888381539721],[0.94695999544018,52.3759827690014],[0.965974512662935,52.3702502716228],[0.997812527762244,52.3715397909099],[1.00681382733103,52.3757430299318],[1.02634035949265,52.3785656626303],[1.06810452096111,52.3785314654178],[1.07918331057067,52.3723836323028],[1.11505697547358,52.3713558748448],[1.12371401658482,52.3671393953099],[1.13926908435704,52.3671516642207],[1.15545986541977,52.3615505277271],[1.18222028222095,52.3587920218225],[1.19524588564003,52.3614692663237],[1.2133445963223,52.3553569809024],[1.23034012135761,52.3602510667999],[1.23297577429742,52.3649367751454],[1.24686318991303,52.3654576907917],[1.25999663131387,52.3710993586479],[1.28623509823583,52.3906896893689],[1.30151667731525,52.3917135447515],[1.31630342454509,52.3873913597157],[1.33060544963246,52.393553519589],[1.3357981678076,52.4019659883074],[1.35740951918006,52.4040818497404],[1.37485718383216,52.3946772598926],[1.37572976642311,52.3896408379606],[1.40950890390203,52.3632651258252],[1.42221187845228,52.3688438099208],[1.4368013674723,52.3662485834683],[1.45022660652215,52.3612371197103],[1.44676438397623,52.3593903874229],[1.46813278051831,52.3536691347439],[1.48123580673184,52.3464837618768],[1.48727205996119,52.3485595851637],[1.49004631815698,52.3395126597314],[1.48366569583717,52.3358911176288],[1.48860273374138,52.3285146442825],[1.49849897564464,52.3286481382509],[1.50283866897044,52.3333450090165],[1.5251357913813,52.3386511127317],[1.53524080303453,52.3366027212897],[1.54429687080215,52.3382073633585],[1.56067255996883,52.3298558193945],[1.57072392170398,52.3381812181343],[1.59008681075427,52.338776850648],[1.59083671904948,52.3356727474021],[1.61097523736146,52.331513234109],[1.62124016698594,52.3332923780774],[1.62135611874371,52.3356985668649],[1.6294320473388,52.3354306478748],[1.6311860125801,52.331783867424],[1.65875317139496,52.3239800599342],[1.66748259143402,52.3117827171292],[1.66718952941651,52.3116669582421],[1.66448127896834,52.3097346010892],[1.6608243780787,52.3077731226671],[1.64437649139285,52.2951965550933],[1.63923259034409,52.2870142418503],[1.63728922695439,52.2846317963937],[1.63634388128135,52.2824177758416],[1.63571713179229,52.2814203663784],[1.63556913954551,52.2806031383807],[1.63406854139553,52.277087916998],[1.63244316017698,52.2742310401529],[1.63230969569303,52.2729669570662],[1.63038742895536,52.2684621099352],[1.62931908361667,52.2460590115166],[1.6292893759562,52.2458946647548],[1.6292417399744,52.2454299270036],[1.62308025382691,52.2040542945211],[1.62231803241683,52.1868984622309],[1.61941790649493,52.1826836661035],[1.61032827341566,52.1694676791311],[1.60919956576671,52.16645560391],[1.60821141857764,52.164962205498],[1.59732817504316,52.135302054827],[1.59655504286064,52.1328914949397],[1.59399305442176,52.1259463957172],[1.58098210612731,52.0915392433631]]]]},"properties":{"FID":25,"SICBL26CD":"E38000086","SICBL26NM":"NHS Norfolk and Suffolk ICB - 06L","ICB26CD":"E54000068","ICB26NM":"NHS Norfolk and Suffolk Integrated Care Board","BNG_E":618751,"BNG_N":257474,"LONG":1.197655,"LAT":52.17216,"GlobalID":"0d42f63e-6d8c-4cc1-afc0-1b5664bba209"}},{"type":"Feature","id":26,"geometry":{"type":"MultiPolygon","coordinates":[[[[-6.33433765537479,49.8986026400315],[-6.32816738515577,49.8935989177942],[-6.32910185636747,49.8895721685633],[-6.32971787050795,49.8891559276718],[-6.33442200294925,49.8937376493416],[-6.33833748048622,49.8934128591435],[-6.33582509600108,49.8866358105902],[-6.34126067461557,49.8823405140465],[-6.34611175982197,49.8900581660049],[-6.35259024606672,49.8884700334257],[-6.35287538460254,49.8887314070629],[-6.34956527436827,49.8945671450027],[-6.35642540265818,49.8975399873048],[-6.3503138983122,49.8955018409733],[-6.34913066922339,49.8981724670721],[-6.34299466618286,49.8962532750549],[-6.33698773489135,49.894125705035],[-6.33712633382831,49.8944173494567],[-6.33702314139243,49.8943850609828],[-6.33710243447303,49.8945018956973],[-6.33681188317142,49.8943902769734],[-6.33761984621575,49.8954557815521],[-6.33846983214339,49.8972441762688],[-6.33604559770456,49.8982147172546],[-6.33459433015324,49.8987621920235],[-6.33433765537479,49.8986026400315]]],[[[-6.37017368332383,49.8957192668266],[-6.36692318237224,49.8920397657365],[-6.37086931121388,49.8957354745334],[-6.3779223375234,49.8958995637375],[-6.37494768656805,49.8996070472645],[-6.37017368332383,49.8957192668266]]],[[[-6.27593968083456,49.9208304278873],[-6.27917539616379,49.9150754192345],[-6.28645392278757,49.9167560961843],[-6.2842405376636,49.913292906673],[-6.28716651362069,49.9102651870127],[-6.28782901967606,49.9100221547125],[-6.30300385700417,49.9115332634328],[-6.30068886030638,49.9070951818542],[-6.30306366300612,49.9037026584027],[-6.30355871037229,49.9033038499137],[-6.30503818433982,49.9042175761524],[-6.31287819443449,49.9132390677616],[-6.31742344554242,49.9132513826462],[-6.31754540238845,49.9123649683457],[-6.31761110236555,49.9123522421488],[-6.3175016724563,49.9120365218868],[-6.31772144468412,49.9086232813086],[-6.32071612356844,49.9080825286267],[-6.32373405184111,49.9088767002914],[-6.32764388449862,49.9125747432091],[-6.31941746570212,49.9170014432647],[-6.31786548440677,49.9168033235808],[-6.31850989575607,49.9174897298359],[-6.31834926913126,49.9175761480581],[-6.31667399748516,49.9161907610791],[-6.31669960031791,49.9152544534677],[-6.30909422933638,49.9166184603086],[-6.30841736076335,49.9200729075821],[-6.31279680039245,49.9209050742994],[-6.31120784506651,49.9215569715242],[-6.30917775403107,49.9218537202335],[-6.30993408402587,49.9220795268529],[-6.30842328528119,49.9226992933729],[-6.3134770192206,49.9272005741055],[-6.31330610302823,49.9281870914653],[-6.30913396956193,49.9330988478798],[-6.30428514687827,49.9351622936155],[-6.29777467012225,49.9367940545237],[-6.29037434400005,49.9362442436845],[-6.28820252847201,49.9308843203299],[-6.27702498358996,49.9287939227881],[-6.2780597031827,49.9283517664393],[-6.28137154995494,49.9277690288071],[-6.28084384346231,49.927161960227],[-6.28088838526883,49.9271429242311],[-6.28081619780558,49.9271310466292],[-6.27628466526316,49.9222289182433],[-6.27593968083456,49.9208304278873]]],[[[-6.35226022929904,49.9376345532661],[-6.35061279136246,49.9281331066543],[-6.35765502848755,49.9303274716817],[-6.35695331430993,49.9312780558152],[-6.35441343658629,49.9330852970662],[-6.35500874302267,49.9339120767554],[-6.35226022929904,49.9376345532661]]],[[[-6.34807363717607,49.9556526331598],[-6.35229984923624,49.9445473510506],[-6.35857927246639,49.945210439388],[-6.35843444665157,49.9454293964297],[-6.36183152908846,49.9462981996972],[-6.35632374213882,49.9490814331387],[-6.35733957384613,49.9494291342524],[-6.35725946336309,49.9494593339422],[-6.35800673636234,49.9495690023937],[-6.36504375428884,49.9516072838955],[-6.36430092626815,49.9542313237496],[-6.35842316716996,49.9536545769489],[-6.36219755419507,49.9580818202976],[-6.35650596362801,49.9613591724543],[-6.36261311848629,49.9651748135877],[-6.36215909167125,49.9654294730919],[-6.35935719506813,49.9667791724117],[-6.35896675310717,49.9669241433944],[-6.35903449239431,49.96570607992],[-6.35943826589675,49.964014051595],[-6.34807363717607,49.9556526331598]]],[[[-6.34170081351282,49.9662387206582],[-6.3396363812914,49.9626784096874],[-6.3359194067456,49.9637010173099],[-6.33427214027287,49.9629778579307],[-6.33242088039238,49.9589119736529],[-6.32875909233306,49.9591131221594],[-6.32635306711346,49.9585899761384],[-6.32167680330005,49.9551593029455],[-6.32066559982229,49.9506491531784],[-6.32275967138037,49.9468770401048],[-6.31973872664684,49.9447222112679],[-6.32825696400721,49.9435096662414],[-6.3322947077107,49.9391744530513],[-6.335186063368,49.9424529637507],[-6.33481637379215,49.9432027253834],[-6.3363820328316,49.943808951397],[-6.33921912771072,49.9470252628939],[-6.33909608311325,49.9558554121917],[-6.35005629501827,49.9636516460273],[-6.34978028873265,49.9666869267483],[-6.34799166365016,49.9679093287483],[-6.3454566316765,49.9678870035904],[-6.34170081351282,49.9662387206582]]],[[[-6.30914385392836,49.9695931986701],[-6.30937400604397,49.965038426264],[-6.3141784874516,49.9664730308405],[-6.31425029067174,49.9664426736918],[-6.31792138001211,49.9677815449773],[-6.31419164316188,49.9699235715825],[-6.30914385392836,49.9695931986701]]],[[[-6.32036687722147,49.9732366213192],[-6.32652828535418,49.9703787855105],[-6.32707139456611,49.9704502573971],[-6.3266414260489,49.9747825216374],[-6.32036333973621,49.9732625038395],[-6.32036687722147,49.9732366213192]]],[[[-6.2912181105969,49.9704385925524],[-6.28874852639423,49.9661723695763],[-6.27816922863996,49.9638507070253],[-6.27471714874737,49.9657030737608],[-6.27347769112861,49.96623123837],[-6.27065942257613,49.963997390733],[-6.27013538799707,49.9644041838923],[-6.26990444836104,49.9642334281403],[-6.26706832764788,49.9666303237655],[-6.26594660674273,49.9675332050532],[-6.26157681308705,49.9628436919516],[-6.27558573086802,49.9586793489295],[-6.27704463684569,49.95901194957],[-6.27709017613044,49.9589850780583],[-6.27714655902011,49.9589973865571],[-6.27973906468324,49.9574442601637],[-6.28394490496472,49.9561933485844],[-6.28450320507664,49.9562695389349],[-6.29015664955357,49.961774960551],[-6.30274859881539,49.9636786738814],[-6.304100431531,49.965118724794],[-6.30364035412536,49.967793371396],[-6.30082773906641,49.9696474592431],[-6.29864124317027,49.9694184103738],[-6.29799595890305,49.9734924896033],[-6.29228047106668,49.9743700721387],[-6.29216637613822,49.9743890811158],[-6.29173414138245,49.9744682469962],[-6.2914607165658,49.974761288021],[-6.29290419487011,49.9762651433766],[-6.2943041391816,49.97974480914],[-6.29227615930643,49.9799856586356],[-6.28936650388847,49.9788427115706],[-6.29037766963966,49.9756030616464],[-6.29125160845097,49.9745434233296],[-6.29285538607438,49.9732665215145],[-6.2917192469313,49.9713042043366],[-6.29180428111439,49.9710317033672],[-6.2912181105969,49.9704385925524]]],[[[-5.47837380324989,50.1157101758698],[-5.47884900205865,50.1156393556203],[-5.47853893098564,50.1177900015463],[-5.47823566327807,50.1184159615653],[-5.47613768306694,50.1175230195034],[-5.47674159940218,50.116582409565],[-5.47837380324989,50.1157101758698]]],[[[-4.44592805435602,50.3361662885754],[-4.4491560314549,50.3359051935409],[-4.45100488473276,50.3360659954769],[-4.45168764186334,50.3361315772555],[-4.45024144025148,50.3382771235388],[-4.44592805435602,50.3361662885754]]],[[[-4.21807656112596,50.4679599041389],[-4.21919606648069,50.4678110396703],[-4.21820526014203,50.4680919116438],[-4.21807656112596,50.4679599041389]]],[[[-4.45605810788073,50.9288692680265],[-4.46268435744898,50.9134984939749],[-4.45852627179142,50.9076223689228],[-4.45000075290824,50.9058436299955],[-4.44614504431577,50.8911009732891],[-4.42091962185563,50.8661972297272],[-4.43365690271078,50.8655134485195],[-4.43638263611157,50.8527089160394],[-4.44227019348634,50.8469572823151],[-4.43969138546484,50.8434602926021],[-4.44414459629064,50.8278330851512],[-4.43854722824567,50.8231525539619],[-4.44687691064006,50.80827044975],[-4.46341222227359,50.8017296166737],[-4.47460679631628,50.8017894516539],[-4.47444394964075,50.7973170454037],[-4.4899539919327,50.7963170322628],[-4.49350247972656,50.7929123724329],[-4.47769836174251,50.7900203936663],[-4.47310448453243,50.7849768786771],[-4.45627949665078,50.7836978359156],[-4.45090394172496,50.7857053351996],[-4.44580009277249,50.7764541327533],[-4.4237668801553,50.7645685570143],[-4.40884491393915,50.7624224977498],[-4.41441872047874,50.774409788854],[-4.39350581946564,50.7782483907275],[-4.38026584876094,50.7695583114224],[-4.38738638441147,50.7650587719629],[-4.38777716352987,50.7577148078937],[-4.38081778316028,50.7564878280252],[-4.38493345312615,50.7477183222609],[-4.3740478871714,50.7379190191142],[-4.36934529650398,50.7234734565776],[-4.36160277220743,50.7189457325904],[-4.36933353103027,50.7025454295847],[-4.36679519758594,50.6981100523615],[-4.35315429773705,50.6938613949702],[-4.34894085677183,50.6895382743175],[-4.34478517578899,50.6634076574453],[-4.33560461006356,50.6556923016477],[-4.33367692637179,50.6414380991313],[-4.32534930945396,50.6403369706332],[-4.32163294771947,50.6364775214646],[-4.31154384409875,50.637441887551],[-4.30010713996706,50.6334087829486],[-4.30749758503553,50.6200343461317],[-4.30342872427067,50.6115297363193],[-4.30845417979177,50.6026947826238],[-4.30631407341468,50.5947653888787],[-4.31217315489835,50.5894970917955],[-4.3080626090527,50.5789434723956],[-4.29306342861222,50.5842877424114],[-4.28547229389782,50.5749973510944],[-4.28182802134782,50.577534446666],[-4.28600506407227,50.584662106574],[-4.27151925425472,50.5825280583982],[-4.26972395203796,50.5789770360941],[-4.277858685752,50.5747823830555],[-4.27951617184885,50.56917331755],[-4.26376372866386,50.5573688781326],[-4.25928480604886,50.5459297934729],[-4.27152601890147,50.5365852102057],[-4.26350161634291,50.5360049361713],[-4.25357718559292,50.5435801709651],[-4.24789270182404,50.5439222172696],[-4.24092573736389,50.5423006384582],[-4.23229544654001,50.5310174759385],[-4.22555237506999,50.5297136300649],[-4.21450432944586,50.5345683445963],[-4.20730716340446,50.5335627469012],[-4.212118438496,50.5288365819103],[-4.20625096099035,50.5201478693457],[-4.20943806921584,50.5136005426361],[-4.20184241144058,50.513213906122],[-4.20279294386228,50.5031798317354],[-4.19405553445586,50.5028303917576],[-4.18575008289164,50.5083572372599],[-4.18050237603957,50.5033791448327],[-4.18253252059512,50.4999062160438],[-4.19492046041878,50.4985830598956],[-4.19439785882427,50.4940643147984],[-4.19935711625851,50.4923687556597],[-4.22086900895642,50.4980727101024],[-4.22373968708182,50.489328498054],[-4.21817074204152,50.4836125391265],[-4.21808228344994,50.4759428324674],[-4.23853010801417,50.4639329675133],[-4.23822910372406,50.4630261083623],[-4.23922500833319,50.4650094695072],[-4.23931112495463,50.4651809637271],[-4.24068657983219,50.4655017601947],[-4.2429609815601,50.4659917766472],[-4.24261809861444,50.4654505339207],[-4.23864676519007,50.4591807693885],[-4.23754932795149,50.4574478572366],[-4.22971598659029,50.4550303495519],[-4.21765124326894,50.4644479820533],[-4.21159882448348,50.4562001419692],[-4.21131859196411,50.4456602749573],[-4.20306007980928,50.4425385215406],[-4.20585635101586,50.4406685864364],[-4.19938034762615,50.4364153561754],[-4.20375037622745,50.4299851300973],[-4.21716307127644,50.4297194169228],[-4.2212121083809,50.4260347709619],[-4.22635483634145,50.4355936107532],[-4.23676175065945,50.4387227945316],[-4.22690314506645,50.4351252539813],[-4.22822099848355,50.4297531852635],[-4.22825192186622,50.4296271182755],[-4.22384555327337,50.4254110870522],[-4.22961838753884,50.42523222173],[-4.22307375489956,50.4242955444817],[-4.22303471230566,50.4242899549569],[-4.22275064185691,50.4242492888434],[-4.22249695426138,50.4253271637673],[-4.20979817033719,50.4253541742906],[-4.21105704642759,50.4188183300818],[-4.21145919365172,50.416730010696],[-4.21163700103723,50.4166304399242],[-4.20706465454726,50.4099853826911],[-4.20842740130946,50.4067083937372],[-4.21260034738076,50.4051152881812],[-4.21346128498476,50.404786576476],[-4.21008941180151,50.4039134825914],[-4.21198219948314,50.3993174876714],[-4.22343239899947,50.3967187285928],[-4.22445823112898,50.3964896912204],[-4.22903709001322,50.3941067338135],[-4.22979664079608,50.3938814509627],[-4.22876862044014,50.3972175779917],[-4.23223282278674,50.3993963412758],[-4.2322676351908,50.399418234756],[-4.23232648439758,50.3994552443321],[-4.23562318840052,50.401528383508],[-4.23281054589767,50.3936384679076],[-4.24374263676354,50.389186187784],[-4.24932939674463,50.3916794667138],[-4.24719253792639,50.393886633833],[-4.25239786097095,50.3934762692923],[-4.25243875435797,50.3934730440919],[-4.25239647175776,50.3934469775454],[-4.24776249807469,50.3905899488535],[-4.25216447089944,50.3885572948583],[-4.25272726729467,50.3882973932978],[-4.25214760089813,50.3882017924366],[-4.24521639841766,50.387058422483],[-4.25196009691865,50.3842499658226],[-4.25400441083305,50.3833984603106],[-4.27108030348117,50.387181212163],[-4.27063224349918,50.379513093688],[-4.27632284428323,50.3770038169024],[-4.28416333699664,50.3840628185268],[-4.28005231689794,50.3879815114887],[-4.284787301149,50.3844589139448],[-4.28874361215899,50.3875921786291],[-4.28192443588426,50.391280844897],[-4.28718441158587,50.3888991967866],[-4.28789869528653,50.3917525489257],[-4.28911964517786,50.3879796276966],[-4.29031958306572,50.3904861945229],[-4.28405241633558,50.3957398773592],[-4.28383716135177,50.395920295891],[-4.28064768479905,50.3985934002023],[-4.28228772114822,50.3979220042672],[-4.29159473853036,50.3941111095404],[-4.29351747430045,50.3890263010401],[-4.30123507723618,50.3924767752894],[-4.30127153508365,50.3924930736483],[-4.30172315818906,50.3926949611617],[-4.30278366577265,50.3895619789273],[-4.30326399942619,50.3881428351929],[-4.30696691886134,50.3897114806212],[-4.30864933793293,50.3904241208074],[-4.30866673704368,50.3897721857458],[-4.30872014009699,50.3877711021506],[-4.29558831973091,50.3873646197318],[-4.29608845750421,50.3859141859079],[-4.29521229027275,50.3868035655439],[-4.27726635707144,50.3744426210928],[-4.26815564890936,50.3752494547191],[-4.2817927685269,50.3716653951074],[-4.28003428140529,50.3696896061015],[-4.2701888720007,50.3728801798804],[-4.26665176101383,50.3695177909342],[-4.2662191762709,50.3747241605879],[-4.26054321922208,50.3766308800723],[-4.25151783475265,50.3749086484144],[-4.24920110958285,50.3744664335804],[-4.24932488855627,50.3772910193324],[-4.23341518799429,50.3841106565494],[-4.23543610372465,50.3874204781513],[-4.23078276540647,50.3904285785504],[-4.2280039407677,50.3907515375631],[-4.22688127971411,50.3902392882185],[-4.22676139560519,50.3902833520785],[-4.22672316581154,50.3902668714726],[-4.2241939806398,50.3911942219447],[-4.21176376478014,50.3926375860834],[-4.20318199008985,50.3884160846596],[-4.20167673679332,50.3876121883672],[-4.20451022866896,50.3867567081297],[-4.20858666012097,50.3855257889296],[-4.20751184781925,50.3852639121205],[-4.19877897804403,50.3831356707739],[-4.20256046333753,50.3791020303189],[-4.19327939018556,50.3759353802472],[-4.19307518755235,50.3756319531085],[-4.19476740639604,50.3718694483427],[-4.20024033253515,50.3705026386741],[-4.20133668059135,50.3702287962592],[-4.21108428368162,50.3734229978572],[-4.21116494968503,50.3734494265053],[-4.21113742935751,50.3734182867129],[-4.21100171209103,50.3732648696904],[-4.20768597171329,50.3696757492324],[-4.21932927122788,50.3668178050973],[-4.22206492986378,50.3687921251523],[-4.22535071176782,50.3668753486344],[-4.23516793261339,50.366022481353],[-4.23677899733842,50.3658824392025],[-4.23930486592727,50.361674793943],[-4.23518010315648,50.3638157125801],[-4.21740247154023,50.362196293743],[-4.22389446091195,50.3586750577307],[-4.20935093487686,50.3593463410286],[-4.2059518797287,50.3618789805546],[-4.19679559021605,50.3594485027294],[-4.19624089207043,50.354038893122],[-4.20393671047971,50.3487879499689],[-4.2095249409989,50.350828851242],[-4.2085291776033,50.3470305163733],[-4.19238797790949,50.3505713919461],[-4.19347174324767,50.3536207735637],[-4.1862792776149,50.356937120986],[-4.18299443987253,50.3580382766889],[-4.17619150701894,50.3601399047032],[-4.17018567661475,50.3546539489674],[-4.16709195529336,50.3503166865446],[-4.16992160844519,50.3434939303393],[-4.17034781356594,50.3429845630603],[-4.1715623836938,50.3427995795802],[-4.18810735707537,50.3408732661239],[-4.20122722558893,50.3329307540075],[-4.20087546619061,50.3295437460573],[-4.19915095043668,50.3286501972958],[-4.19904173975314,50.3283359708962],[-4.19167529116002,50.3247760266369],[-4.18964092365579,50.3237215339495],[-4.18837136254808,50.3176713451342],[-4.21059473445096,50.318325555854],[-4.22131285573098,50.3146321634761],[-4.22273727146473,50.3113488854759],[-4.22506736108035,50.3152908655793],[-4.22377831509669,50.3167017828615],[-4.22683537925258,50.3182815217774],[-4.22728978114199,50.3190501212508],[-4.21971423633901,50.3224475448318],[-4.22034844245105,50.3260503735714],[-4.22848999791565,50.3313920613619],[-4.23170589511746,50.3339243846648],[-4.23345729911679,50.3346502378326],[-4.24486659533777,50.3421312256937],[-4.2500630357771,50.3441518130669],[-4.28270553294373,50.3568352190289],[-4.29524737460709,50.3583325060014],[-4.29560792926347,50.3584582917851],[-4.30161418108679,50.3590920413859],[-4.308199447949,50.3598772373762],[-4.31613701194404,50.3614885740547],[-4.32345477602603,50.361694669848],[-4.32440144118131,50.361807379553],[-4.32560633881708,50.3617551781395],[-4.33172544855172,50.3619270464453],[-4.33294212438034,50.3614370878463],[-4.35018770644518,50.3606874425273],[-4.35541699039047,50.361329422053],[-4.35640743798258,50.3611079858521],[-4.35706479097835,50.3611764793111],[-4.36094251920651,50.3602185274256],[-4.3649120648485,50.3600451917986],[-4.38697130300878,50.365693590496],[-4.40113538692973,50.3636682199239],[-4.40117673457143,50.3636623043856],[-4.41056340577622,50.3634919491812],[-4.4111801540832,50.3633993956898],[-4.41130276836688,50.3633978090546],[-4.41769301233078,50.3624246267902],[-4.43650531635264,50.3610489476827],[-4.43917788607502,50.359194037242],[-4.43922323444042,50.3591872199642],[-4.44047797895431,50.3583118292959],[-4.45081717977687,50.3517264082241],[-4.45070197982437,50.3511935733188],[-4.45113027819672,50.3508982164387],[-4.45941058514264,50.3696271859488],[-4.45921052898908,50.3675208593315],[-4.45909226938806,50.3662751848593],[-4.45911160478946,50.3658078576808],[-4.45938800650217,50.3591268926175],[-4.46427169657184,50.3589434375955],[-4.46859455345521,50.363139081355],[-4.46871102017379,50.3632631735472],[-4.46903499120745,50.3635665060288],[-4.47363017219692,50.3637480409715],[-4.47737492438087,50.3638958447825],[-4.47851634182044,50.3639408713944],[-4.48365215356014,50.3641248299565],[-4.4694089336944,50.3626437947305],[-4.46393781250247,50.3577902131544],[-4.45724233399195,50.3582827467042],[-4.4512991987248,50.3504038788651],[-4.45119957170118,50.3479768718948],[-4.45244037278932,50.3448998399843],[-4.47306821008231,50.3385593035523],[-4.473052208664,50.334793571947],[-4.47351157414871,50.3331534507009],[-4.49762796958191,50.3373621056369],[-4.50174409720679,50.3306631753884],[-4.51830880405492,50.3313478549008],[-4.51649703989252,50.3305481309229],[-4.5183715578773,50.3289315237241],[-4.53021803972371,50.325921422789],[-4.5389145370371,50.3237107195953],[-4.55150838868552,50.3243226948906],[-4.57845977155615,50.332544804929],[-4.58746066603321,50.3320793992749],[-4.58928500395097,50.3307166111689],[-4.58967137384965,50.3306634754462],[-4.59222462403193,50.3285204854243],[-4.59842465393818,50.3238876967611],[-4.60664714759507,50.3289485735124],[-4.61814536562852,50.3239863553881],[-4.61843262852229,50.323875264324],[-4.63447791505679,50.3248581240174],[-4.63672411744061,50.3257304904553],[-4.63789588277919,50.3284252766404],[-4.63112545494487,50.331556053105],[-4.63112470788598,50.3316839536025],[-4.61805261226769,50.3348673226682],[-4.61982070415315,50.3348036397465],[-4.6179461742063,50.335295670869],[-4.61984706014278,50.3351613220331],[-4.60883219412556,50.3382841381203],[-4.62970619065718,50.3345169710408],[-4.63099296551708,50.3395765045235],[-4.63101111834356,50.3396478714027],[-4.63144793794222,50.3413651488167],[-4.63067872413058,50.342615726363],[-4.63063956432902,50.342679390555],[-4.62742110585657,50.3479111847928],[-4.63608837067161,50.3473407555564],[-4.63595289006247,50.358116579387],[-4.61176947173391,50.3592107500239],[-4.60766274126578,50.3593960528809],[-4.63595842766601,50.3600692771431],[-4.63363975915907,50.3792456854666],[-4.61984413307074,50.3820274330239],[-4.615847557023,50.3855310326622],[-4.63588694816803,50.3798927564985],[-4.63796658525472,50.3731063384898],[-4.64222998589473,50.3760334162561],[-4.64328826704276,50.3767599084586],[-4.66082255927144,50.388792148248],[-4.66130725438812,50.3891045816451],[-4.66240474714564,50.3897768174808],[-4.65980054160478,50.3871354050803],[-4.651623259723,50.3789790910986],[-4.64968334426941,50.3770519283221],[-4.63873865333631,50.3703920844609],[-4.63887217683818,50.3541679544231],[-4.64176509405121,50.3545888806034],[-4.63734934532585,50.3521354009293],[-4.63762733161144,50.3466500945904],[-4.63123763301372,50.3446549314923],[-4.63371896903789,50.3366892320203],[-4.6385310119994,50.3324431649613],[-4.64752215369719,50.3272451665353],[-4.65179279504502,50.3264646617598],[-4.65165598551377,50.324854690183],[-4.65449085408433,50.3232151468046],[-4.65520839674833,50.3230529783091],[-4.66759605694247,50.3230734545965],[-4.67215307536248,50.3151059943706],[-4.67296376008599,50.314033620942],[-4.68473333879131,50.3201080070447],[-4.68144332331004,50.3378072176476],[-4.68864650875664,50.3410436869183],[-4.6902661442066,50.3442544904478],[-4.69156562205375,50.3468302730096],[-4.7022027632811,50.3469553524087],[-4.70023526436016,50.3445098527688],[-4.70177584104735,50.3447802958775],[-4.70216103939483,50.3448479129696],[-4.70567888320231,50.3454653568021],[-4.70445847098091,50.3422941413656],[-4.7016381964188,50.3431413678219],[-4.70221471259604,50.342529632263],[-4.70596218579193,50.3402361413867],[-4.72463766488787,50.3375225726702],[-4.7247314377443,50.3375089386337],[-4.75458295432716,50.3314887117873],[-4.75647245112486,50.3311868679352],[-4.75660101701313,50.3310813063612],[-4.75683595681938,50.3310338445686],[-4.76308151835775,50.3265372167368],[-4.76683495655261,50.322067282533],[-4.76510304862942,50.3129999290661],[-4.76368823458757,50.3121003092475],[-4.76301269527384,50.3100920166597],[-4.75480888631934,50.3064531195859],[-4.75433818444089,50.3061536998784],[-4.75259254473066,50.2988468780306],[-4.76269443436222,50.3007256137077],[-4.76414785421156,50.2996357893941],[-4.77375988952436,50.2941185207012],[-4.77398140914959,50.2938823962413],[-4.78119012187568,50.2901557048175],[-4.78437121382384,50.2845915146339],[-4.78222026570283,50.2827756453565],[-4.78253101547542,50.281782261319],[-4.77814556419885,50.2793352086796],[-4.77781095760279,50.2790526571433],[-4.78398055765154,50.2750613076146],[-4.7825890154552,50.2695176109267],[-4.78375369003857,50.2695048703994],[-4.78640333119199,50.2696505726248],[-4.78588428558123,50.2695950153173],[-4.78641011416162,50.2696225244335],[-4.78542772747757,50.2695235712481],[-4.787007181703,50.2694692234499],[-4.78217392889705,50.2691924711437],[-4.78186269564934,50.2691642889251],[-4.78569676333519,50.2618078612066],[-4.76705792509417,50.2567347510637],[-4.77087192138271,50.2558701967452],[-4.77008928099192,50.2553300223978],[-4.7699449487899,50.2552304031823],[-4.76873258361931,50.2543935958203],[-4.76871628823902,50.2543430473577],[-4.77668335186602,50.249862183726],[-4.78054423758411,50.2485381531383],[-4.78179869422876,50.2473621123162],[-4.7854368884441,50.2456188755804],[-4.78824418147908,50.241251739038],[-4.78096616157119,50.2374898965932],[-4.78261814612246,50.2367450015957],[-4.798232366153,50.2301648609936],[-4.79829438757343,50.2279040203704],[-4.79841106493677,50.2262591109287],[-4.79889500506071,50.2194353206675],[-4.80494403421439,50.2189202707582],[-4.8053363933615,50.2188868523452],[-4.81042002253053,50.2259688005217],[-4.81318324544029,50.2298172177938],[-4.81619701920658,50.2298944266166],[-4.81855690577063,50.2306554703171],[-4.82002431533564,50.2306009575218],[-4.83023802426779,50.23025309642],[-4.83066724743399,50.2302640342295],[-4.83212844816664,50.2333624305538],[-4.83843212114717,50.2320121311125],[-4.84147586069216,50.2368789353661],[-4.84241500342219,50.2365880663544],[-4.84677753380118,50.2352367700401],[-4.85415729589667,50.2349913258127],[-4.8629347859456,50.2359660777356],[-4.87368987409113,50.231197280987],[-4.8760020455253,50.2248314740737],[-4.88157172811823,50.2242254187913],[-4.88299365250362,50.2240706499684],[-4.89587741260531,50.2130726850466],[-4.89634207334548,50.2130164967637],[-4.90086736984199,50.2138436395496],[-4.90132891491689,50.2124138648593],[-4.90286187261993,50.2122284088266],[-4.9031616252169,50.2102996624681],[-4.9037906938058,50.2062644514887],[-4.91070295837648,50.2052809874153],[-4.91093366791517,50.2002538022452],[-4.91877566639282,50.196223871044],[-4.92179831845663,50.1956494447965],[-4.9229039374455,50.2018853476848],[-4.93362681155178,50.2070896996329],[-4.94173102099594,50.2054460184543],[-4.9475593343997,50.2052902925924],[-4.95218483708506,50.2035203812543],[-4.95243513684223,50.2034930536586],[-4.95261419597625,50.2033560745472],[-4.95327314821628,50.2031039021031],[-4.95759464655832,50.2022266351116],[-4.96865178947815,50.192118340953],[-4.96757198058602,50.1858713891767],[-4.97362479580827,50.1856499554284],[-4.97251183771098,50.1646607685882],[-4.98386126803224,50.1578080645478],[-4.98193813693263,50.1518124019897],[-4.99598917399758,50.1485655386629],[-4.9989325077304,50.146467136836],[-5.00936177850886,50.1395311763559],[-5.01497772335758,50.1404983453513],[-5.01744938447833,50.1493183333125],[-5.01457284301254,50.1511244005038],[-5.00943632111266,50.1540584954116],[-5.0044064603019,50.1504079243525],[-5.0041841265969,50.1508569268253],[-5.00392556648672,50.1506965479763],[-5.00192079618651,50.1554272338173],[-4.99882175929851,50.1616836644364],[-4.99471994075461,50.1621207862509],[-4.99714313274254,50.163055762918],[-4.99384699366339,50.1680362703352],[-5.0015442977516,50.1675667089641],[-4.98857996181963,50.1784974047984],[-4.99648183630084,50.1752485728339],[-4.99664346642556,50.1736242681934],[-5.00594093982212,50.1708065805243],[-5.0006159938141,50.1652680060107],[-5.00601870135922,50.1614921212417],[-5.00483935736712,50.1574425403773],[-5.00495558791503,50.157169021792],[-5.01378200313181,50.1591290786881],[-5.02380085537048,50.1547555868754],[-5.02747857333407,50.1578907528172],[-5.01833168650578,50.1821002106062],[-5.0139734921241,50.183637826612],[-5.01438308433253,50.1904495870564],[-5.0166402452646,50.1856069158231],[-5.02491485012284,50.1823953379067],[-5.02569409864205,50.1821940059553],[-5.03490774760695,50.2033618855603],[-5.03181798182595,50.2054513967492],[-5.02674190195686,50.2040005350519],[-5.02954272158132,50.2060433262161],[-5.02652134934247,50.2086341095705],[-5.02508062902106,50.2094246469781],[-5.02504521793101,50.2098997446701],[-5.02306108348173,50.2116008081103],[-5.02435477418731,50.2191617758937],[-5.02424776064399,50.2205971000519],[-5.02423417165477,50.2207793606091],[-5.01194267097894,50.2259308785583],[-5.00901602322103,50.2267553850294],[-5.00619631290569,50.2221302113383],[-4.99449526736913,50.2247436040573],[-4.99218874317727,50.2215447702983],[-4.99278880714861,50.224632855002],[-4.98208500873079,50.2266885089022],[-4.97995585800931,50.2217424355219],[-4.97977778327153,50.2213287112399],[-4.97973347084167,50.2217481543826],[-4.97916937138163,50.227087196361],[-4.97191010799976,50.2258527831841],[-4.9708742771401,50.228226287904],[-4.98179108842871,50.2295045336804],[-4.98271341276639,50.2323271052415],[-4.96569644223519,50.2323069145683],[-4.96709579092363,50.2347404533523],[-4.96485405817109,50.2380073882612],[-4.96731840791916,50.2402869319726],[-4.97229210121365,50.2358228798633],[-4.97870545743738,50.237974057041],[-4.97490848300543,50.2343921442062],[-4.98417207345986,50.2328680552976],[-4.98481918207991,50.2286809856611],[-4.99182174405464,50.2263642783927],[-5.00153952053676,50.2249152424514],[-5.00724628096519,50.2285638112173],[-5.01469302620462,50.227872302262],[-5.01524687314031,50.2295897902295],[-5.01632374656295,50.2343402640349],[-5.01211179494231,50.2408284796486],[-5.01317317311854,50.2413039119692],[-5.01308955449156,50.2414481513561],[-5.01413818993437,50.2417361633222],[-5.02169902095189,50.2451636956797],[-5.01025764143237,50.249018684188],[-5.00976220664885,50.2509525276157],[-5.0097547296192,50.2509817102216],[-5.00968870311907,50.2512394181266],[-5.00964768552154,50.2513995108071],[-5.00585852137947,50.2661841744997],[-5.00581143181277,50.2663678496146],[-5.00520176986576,50.2669462079213],[-4.99155528801595,50.2798875204235],[-4.99638722478254,50.2771710775107],[-4.99781714974746,50.2763670979418],[-5.00293624017498,50.2734885196555],[-5.0077454860841,50.2671020016036],[-5.00945212847462,50.2648351733799],[-5.01543686077143,50.2556968161538],[-5.01151287122432,50.2513916094897],[-5.02104312088665,50.2493916763787],[-5.02801536698976,50.2429499055865],[-5.03411966536198,50.2492993600141],[-5.03445017462349,50.2496430850284],[-5.0409897051779,50.2521913250967],[-5.04117776866922,50.2524161910092],[-5.04599562731637,50.2612014275929],[-5.04699748769185,50.2630242840388],[-5.05015966142303,50.264101782687],[-5.04699291102682,50.2587406851591],[-5.03922971349415,50.2491529342119],[-5.04926970109727,50.2483489441839],[-5.05048396797409,50.2482516462028],[-5.04689661434665,50.2477296435162],[-5.04663742738582,50.247691923912],[-5.03544731190383,50.2460628131772],[-5.02989966929026,50.241696262604],[-5.03130641213965,50.238180896351],[-5.02259608009196,50.2430092730882],[-5.01601145291828,50.2406319471695],[-5.02421128865191,50.235069770146],[-5.01841867319248,50.2258835042599],[-5.02167718263386,50.2249659486806],[-5.02935409338063,50.2234570347406],[-5.03282292789325,50.2279156818097],[-5.03904176410815,50.2295406124642],[-5.04433107053775,50.2275327663219],[-5.03956211815815,50.2283737146944],[-5.03114494378335,50.2243008882581],[-5.04165223212393,50.2210062665118],[-5.02899199265644,50.2210974330687],[-5.02890562730523,50.2204754753763],[-5.02829843227012,50.2161022027465],[-5.02840973986212,50.2099519139792],[-5.03890700970998,50.2126525893366],[-5.0360352893046,50.2096403202588],[-5.04225747255676,50.2048532087092],[-5.04384799156439,50.2051665453603],[-5.04806795313626,50.2090219433524],[-5.04387189790318,50.2033332581373],[-5.05023742975155,50.2023151992051],[-5.05727734979268,50.1950551730767],[-5.05897411702528,50.193473040961],[-5.05784929326849,50.1983052802867],[-5.06493600740441,50.2026722403154],[-5.06661584036735,50.2104624654211],[-5.07013428745912,50.2056600783116],[-5.08297032912966,50.2097611807157],[-5.08477061381982,50.2099461899423],[-5.09669942774452,50.2111712794564],[-5.0891982519804,50.2081232596896],[-5.0884612509638,50.2078237406958],[-5.08789772622502,50.2075947163676],[-5.08745447792194,50.2074145711321],[-5.08457687447572,50.2069426467793],[-5.07763214738797,50.2058033581378],[-5.07631097554648,50.2055865656848],[-5.07609023661403,50.205082235867],[-5.07380033876363,50.1998497368379],[-5.0602541911938,50.1922793668168],[-5.06056390615553,50.191990544981],[-5.05612681481333,50.1889279130404],[-5.05495293856039,50.184786882439],[-5.05652007843521,50.1805765992993],[-5.06080325380981,50.1784615162376],[-5.07733845433828,50.1842450552833],[-5.06505863990306,50.1777330375964],[-5.05720414572505,50.1782191265651],[-5.04485764171437,50.1749852722621],[-5.04639839616252,50.1687604291287],[-5.05619808147431,50.1612988530648],[-5.06930814555644,50.1617328856937],[-5.07474316710084,50.1674696303344],[-5.08200823118006,50.1670888590631],[-5.08475546980516,50.1669447526905],[-5.09148311470645,50.1705791564722],[-5.09379849794282,50.1675469315947],[-5.09699123736148,50.1683979143824],[-5.10221132350524,50.1697890119329],[-5.09724500593252,50.1674558737256],[-5.10088218492277,50.1663520734354],[-5.08684090878384,50.164164439182],[-5.08641710069257,50.1636694155137],[-5.08602463253252,50.1632109892721],[-5.0838259348086,50.1630167677549],[-5.08331619798975,50.1629717342755],[-5.08182434741852,50.1642327079063],[-5.08140113576562,50.1645904089926],[-5.08084705403599,50.1650587115791],[-5.08045923055556,50.1647633268693],[-5.07079786071692,50.1574031269874],[-5.07010553753607,50.1565895042909],[-5.06942096280196,50.1560364267038],[-5.06879142777938,50.1555278018561],[-5.06705918738349,50.1536437748992],[-5.06686556433458,50.1535917651222],[-5.06547244503849,50.153217541196],[-5.06456207810484,50.1521889434576],[-5.06220966814096,50.1519939141327],[-5.06054273604774,50.1513176134044],[-5.05990060179229,50.1517205905075],[-5.05905874642057,50.1514943838542],[-5.05905219899879,50.1517320624733],[-5.05890062965032,50.1517194902495],[-5.05891046216512,50.1523423924555],[-5.05658381172716,50.1538106156272],[-5.05891660557067,50.1566534285613],[-5.05447785510587,50.1569286250711],[-5.05592693592507,50.1536369647289],[-5.05225168159873,50.1531555582277],[-5.04922670977311,50.155718339822],[-5.04583734464029,50.1503659877241],[-5.04205048773657,50.1442936183007],[-5.04529950366096,50.1451174484814],[-5.05505946767663,50.1483216513453],[-5.06475449663998,50.1442913709826],[-5.07635904829051,50.1401668199837],[-5.07602834083748,50.1396029535342],[-5.07643689824755,50.139433011386],[-5.07677195370431,50.1392936408798],[-5.0730762093047,50.1345136138638],[-5.07294803100577,50.1343230951581],[-5.0797279649369,50.131619836134],[-5.09339101856256,50.1261700721884],[-5.09136363273861,50.1245659254747],[-5.09128366969396,50.1143797054841],[-5.08150146685756,50.1098865498423],[-5.09757543589506,50.1007399153874],[-5.10027107481091,50.0999670880083],[-5.11130787404353,50.1040028328138],[-5.11391096802889,50.103008762647],[-5.115482514886,50.1034527132151],[-5.12115886855963,50.1002404326517],[-5.12409226633985,50.0991198151939],[-5.12467220677335,50.0991115013727],[-5.14013133821966,50.1001196673855],[-5.14037732400965,50.1001625924186],[-5.13943297192447,50.1059460205758],[-5.13020354482069,50.1102515914032],[-5.13782807556591,50.1117153328001],[-5.14101550404584,50.1062568878864],[-5.14455554802862,50.1071292430308],[-5.144977018407,50.1072190443992],[-5.14202702330276,50.103935986685],[-5.14530387905942,50.0986912812967],[-5.16315174339144,50.0967520113377],[-5.15927632440074,50.1080973176691],[-5.1636519700597,50.1127667060568],[-5.16288218697655,50.1039958418375],[-5.1658504791569,50.1024296223134],[-5.17016312256538,50.1057834635352],[-5.16500768086752,50.101463045416],[-5.16928107642852,50.0997765616635],[-5.16531344610558,50.0974393149116],[-5.16552028651985,50.0962874555738],[-5.16162466599011,50.0952660026673],[-5.15947773780691,50.094000957488],[-5.16259496627122,50.0932702501099],[-5.18701619663236,50.0894874823499],[-5.1910125367629,50.0896766256598],[-5.1859841237632,50.0881573469534],[-5.18698264363406,50.0875234189884],[-5.19450994958511,50.0827437756872],[-5.19212540713733,50.0800394833414],[-5.19290511806983,50.0831883022815],[-5.18480853318962,50.0879306351115],[-5.18418817788309,50.0881088670504],[-5.17874627111327,50.0896721656755],[-5.17876100037557,50.0892456458666],[-5.17887619071339,50.0859099853448],[-5.17739344518,50.0893448503637],[-5.15471157803898,50.0931944893615],[-5.14752206106823,50.085339112366],[-5.15093522944504,50.0941013516335],[-5.14132999690033,50.0964183015702],[-5.13840261476736,50.0960243281743],[-5.1341894207284,50.0944728415527],[-5.1350138483017,50.0924995098329],[-5.13564858786209,50.0913879243836],[-5.13543167712648,50.0914993408101],[-5.13560451653462,50.0910855959634],[-5.12977227313158,50.0939457654465],[-5.11967218729212,50.0958021909],[-5.11044810588319,50.0949926579936],[-5.10045188110147,50.0921280318083],[-5.09482186950118,50.0891200788196],[-5.09685779117795,50.0885876658276],[-5.10178838373434,50.0891553444479],[-5.11789110908286,50.0823087281725],[-5.10307701377371,50.0866683962022],[-5.09947766909036,50.0866033347558],[-5.09866353635808,50.0855953714328],[-5.09424505456241,50.0858305181444],[-5.08796179500081,50.0845158829377],[-5.08102640120414,50.0830643070098],[-5.07984979038983,50.0836457204423],[-5.07674526236635,50.0851141024895],[-5.07608568705995,50.0854260474521],[-5.07660542704534,50.082929935151],[-5.07955440273554,50.0687619728457],[-5.07567443201191,50.0683917071157],[-5.06770120074566,50.0676303924658],[-5.0668501876374,50.0667826683452],[-5.06161879776332,50.0612358634741],[-5.06419888963829,50.0555783114042],[-5.05782603466165,50.0527912950035],[-5.06623827745589,50.048229510521],[-5.06801894453392,50.03953009743],[-5.06893706736083,50.0350436065648],[-5.07348816565958,50.0342013478011],[-5.08922730394991,50.0312869564042],[-5.09698131732878,50.0260584784701],[-5.09352181443234,50.0199229456609],[-5.09444918888491,50.0180750610658],[-5.09137553005506,50.0161155668063],[-5.09114707430276,50.0157102604882],[-5.09575853123154,50.0156232059741],[-5.09675393450524,50.013739579155],[-5.09682955358218,50.0137126004596],[-5.0969385648531,50.0134544556607],[-5.09768746703621,50.011720574912],[-5.09779255601594,50.0114929734209],[-5.10137981771245,50.0042070548985],[-5.10355614087515,50.0039477486057],[-5.10617658215879,50.0048222362373],[-5.10622573390552,50.0048339944393],[-5.10803250127901,50.0041925024757],[-5.11156786861256,50.0029927877715],[-5.1126160867176,50.002867801626],[-5.12239418031518,50.0092512509456],[-5.13152876561946,50.0081694113042],[-5.13156843898202,50.0081662705776],[-5.13318817804916,50.0079704629117],[-5.13252554419611,50.005230123251],[-5.13791565254656,50.0081979612411],[-5.15652011766085,50.0076422149784],[-5.15672955654332,50.0076359412999],[-5.16663255993957,50.0037349810631],[-5.17181848306692,49.9976592552281],[-5.17036473607677,49.9909868916693],[-5.17986144126886,49.9868313140803],[-5.18007142245613,49.9854183017925],[-5.18233317034351,49.9821473010816],[-5.18496627291308,49.9802129481088],[-5.18520957847251,49.9797130184081],[-5.18615802352798,49.9793525122861],[-5.18881775525135,49.9736467834993],[-5.1832753686362,49.9671139361601],[-5.18561735834665,49.963105564159],[-5.19696383967157,49.9639429461807],[-5.19877944918994,49.9589618599301],[-5.20000026836619,49.9589864185305],[-5.20791974974092,49.9593120470428],[-5.20795205279349,49.9593946237868],[-5.20989843530442,49.9593259150715],[-5.21571890931189,49.9595251537922],[-5.21888056186158,49.9709796589132],[-5.23709469738624,49.9766107192596],[-5.24488561502271,49.9756123583275],[-5.24598993921806,49.9759913483365],[-5.24723621391191,49.9775286774528],[-5.24600122091485,49.9821129617093],[-5.24386510204387,49.9839550260613],[-5.24535166261827,49.9845237785287],[-5.24527003556165,49.9848267160866],[-5.2451021493964,49.9854015499606],[-5.24510605170029,49.9854352851598],[-5.25285432519155,49.9875738246171],[-5.25461439166564,49.988066921736],[-5.2550537524244,49.9882349528837],[-5.25135122542063,49.9913904051864],[-5.25454106140103,49.9965737311762],[-5.25485664813581,49.9966735575829],[-5.2553202535544,49.997432747552],[-5.25536165975771,49.997492613882],[-5.25558094859977,49.9974475803044],[-5.25768157319478,49.9975670753153],[-5.26560180974158,50.0000716719847],[-5.26742116420705,50.0027269625126],[-5.26795671884526,50.0049242503051],[-5.2636840695834,50.0092042099491],[-5.25847392177923,50.013018488508],[-5.25909479202548,50.0137685313292],[-5.2589317253147,50.0139559025257],[-5.2587057148587,50.014188738256],[-5.25866437255914,50.0142296788172],[-5.2590901342504,50.0146151207577],[-5.26117002510263,50.0165087426283],[-5.26133558324166,50.0166975528029],[-5.25592344864229,50.021629523652],[-5.25702455142669,50.0224528995696],[-5.25646847435757,50.0231872080358],[-5.265036135536,50.0284425628875],[-5.26623543071835,50.0293390052498],[-5.26584773186576,50.029824464724],[-5.26151614805417,50.0336067240406],[-5.26190268773264,50.0336618997513],[-5.26355927348807,50.0338983472515],[-5.26384023602099,50.0341838712562],[-5.26743286344151,50.0378344563113],[-5.26901205280362,50.0382390521149],[-5.26990896027159,50.0389585975387],[-5.27158829192566,50.0410931309103],[-5.28018371103189,50.0430559491902],[-5.27650558968602,50.0491077388244],[-5.27653908921862,50.0491784027443],[-5.27563721757306,50.0502721227492],[-5.27820168064318,50.0526851718148],[-5.27900230065311,50.054373657012],[-5.28123128506753,50.0563218223371],[-5.28251493582903,50.0582249681757],[-5.28974454100159,50.0637606259624],[-5.29313267497893,50.0667203058889],[-5.29694209831508,50.0702946000674],[-5.29698836245581,50.0703380051584],[-5.30135502818756,50.0726469837003],[-5.30399964110632,50.0746704618549],[-5.31232318977193,50.0784449246059],[-5.31829699954885,50.081601728685],[-5.31634389338728,50.0841236877225],[-5.31642417896983,50.0841002810992],[-5.31707602827776,50.0838981054516],[-5.31628439037373,50.0851952740984],[-5.32068412324343,50.0826713088237],[-5.32167800661445,50.0823333456626],[-5.32855409600698,50.0876219265444],[-5.33489382887877,50.0914072415695],[-5.34626018841627,50.0925346185366],[-5.35674822828105,50.0903697394978],[-5.3632231657209,50.0890717674918],[-5.36626590784312,50.0936695549543],[-5.37036524497226,50.0934468314006],[-5.3737204724054,50.0956648847344],[-5.37495158836067,50.0976455178882],[-5.39171279099839,50.1034928870424],[-5.39398633501741,50.1024282321163],[-5.39455072400066,50.1025021075784],[-5.3952796097247,50.1018225774715],[-5.39754254705351,50.100762748865],[-5.40893046307697,50.1045220626854],[-5.4148308526189,50.1023129288241],[-5.41557254097399,50.1020352014375],[-5.41522482491708,50.0999006835646],[-5.41872250943559,50.1011525368746],[-5.4292439292031,50.0969886735981],[-5.42910125460172,50.1054047148389],[-5.44195150786648,50.1121800865822],[-5.44451436739839,50.1115331369],[-5.45047224920751,50.112336457766],[-5.45462063285598,50.1159204642725],[-5.45486314771576,50.1178149980586],[-5.46064957879222,50.1211279197173],[-5.46291117960882,50.1230809711306],[-5.47121863280965,50.1218952110279],[-5.47982283770988,50.1260366882241],[-5.48169317545063,50.1263404769474],[-5.4836115975904,50.1266520396771],[-5.48378800847084,50.126794976705],[-5.48412468099209,50.1268310677276],[-5.48417778813167,50.1268768600732],[-5.48600104178474,50.1270400479957],[-5.49617718550506,50.1286918636907],[-5.51768610821447,50.1265780557965],[-5.52796933243259,50.125084914997],[-5.52848411372125,50.1246827607622],[-5.53126557442322,50.1225096920713],[-5.53116050463438,50.1222428626309],[-5.53072969509722,50.1211487657218],[-5.53160892715064,50.119636593853],[-5.53188948700876,50.1191540442111],[-5.53360954152895,50.1174982056384],[-5.53017433612407,50.1176148614857],[-5.52977305322899,50.1156680978913],[-5.53113930540264,50.1141457254798],[-5.5374162441716,50.1139152164427],[-5.53832494566364,50.1133613395751],[-5.53836639085451,50.1133591044059],[-5.53886952346518,50.1129855858653],[-5.53929446637038,50.1126900725994],[-5.5423299327312,50.1107098786874],[-5.54285516718324,50.1105824521479],[-5.54372612138295,50.1097989932858],[-5.54721008116867,50.1075258149736],[-5.5483197897453,50.1068017010148],[-5.54858130273927,50.1066310526456],[-5.54445474507886,50.103721677946],[-5.54435428607247,50.1036429479254],[-5.5442979429253,50.1035975286778],[-5.54535525742286,50.1039851345004],[-5.54890722363536,50.1058516716386],[-5.54889580266312,50.1034285925063],[-5.54568399720987,50.101337348589],[-5.5427391598642,50.1030260567286],[-5.54053637464418,50.0998091672478],[-5.53321941665169,50.0885155132022],[-5.5391754423148,50.083076206174],[-5.53987473284392,50.0774368364095],[-5.54636663587432,50.067830133433],[-5.5484531779402,50.0647537656883],[-5.54897248630107,50.0640994579395],[-5.55185344871228,50.0614445609275],[-5.55309669534075,50.0607692641285],[-5.56087652799951,50.0617483682218],[-5.5632815916018,50.0624911399616],[-5.56332696628557,50.062056641962],[-5.56386568675578,50.0621244076671],[-5.56399173192068,50.062143311795],[-5.56369744551949,50.0585088361721],[-5.56372702559451,50.0582255545617],[-5.57699608348033,50.0518308995788],[-5.58010889871245,50.0523566470748],[-5.58442675765923,50.0533185409295],[-5.58995450244113,50.0502469103936],[-5.59579035174166,50.0524904827016],[-5.59604506605928,50.052590105607],[-5.59617652194776,50.0526389264815],[-5.60767799008307,50.0482704101349],[-5.60784128953585,50.0483098599148],[-5.60936420481256,50.0486814740841],[-5.61916690748157,50.0512289982598],[-5.6290130627107,50.0475823189119],[-5.62930168630434,50.047475402214],[-5.62879482959745,50.0463564876308],[-5.62805817368625,50.0445640532294],[-5.63293277980035,50.0441581990247],[-5.63432487251738,50.0440422566566],[-5.63641069469374,50.0400466257979],[-5.64134760378143,50.0438568846023],[-5.64138703500875,50.0438746477212],[-5.64170202655725,50.0438573098774],[-5.64270946451246,50.0446041454247],[-5.64749834636736,50.0435381175837],[-5.64754214181801,50.0435335691872],[-5.64760049716003,50.0435267138136],[-5.6503680094828,50.042887762512],[-5.65297507787549,50.038249565306],[-5.65336539935155,50.0378662667217],[-5.65827753520469,50.0394283183761],[-5.67628425406646,50.0355768179171],[-5.67927228713674,50.0349931229694],[-5.69176788131622,50.0450262826256],[-5.689272375465,50.0476346195442],[-5.68846977959251,50.0482892490932],[-5.68853292322266,50.0483139613814],[-5.68838432193935,50.048562746473],[-5.69585907353978,50.0498242596231],[-5.69262061863037,50.0540537443008],[-5.70866618610995,50.0575433018151],[-5.71248006390143,50.0609478395334],[-5.71697949558696,50.0686729814241],[-5.71039276310473,50.0708100188269],[-5.7103181542227,50.0709913305871],[-5.70947867320735,50.071269513891],[-5.70907721333324,50.0745756365385],[-5.70795784152392,50.0777740293348],[-5.7056880650416,50.0783469637533],[-5.69481284522162,50.0804784258689],[-5.68903190325079,50.0885157967885],[-5.69005676551267,50.0897724789057],[-5.68982904506316,50.0901290657533],[-5.69093857919495,50.0912627536797],[-5.69095801999609,50.093159273773],[-5.6963019847835,50.0974285753122],[-5.69751726843294,50.0989180559439],[-5.70048043756093,50.1194402801474],[-5.70584898314956,50.1237754909264],[-5.70982532928711,50.1274666620419],[-5.7059572010159,50.1288438381974],[-5.70512521171967,50.1287190980362],[-5.70441562088002,50.1293926315445],[-5.70227327869907,50.1301552395053],[-5.70272624332086,50.1309960754647],[-5.70199749865399,50.1316994406626],[-5.70197616615285,50.1317400863436],[-5.70471674406452,50.1346906385792],[-5.70481556459894,50.1348740421339],[-5.70132533880692,50.1359782383365],[-5.69355894736034,50.1379428828572],[-5.69313394466404,50.1489390652111],[-5.68640848828855,50.153161256684],[-5.68485999470816,50.1540197439811],[-5.68111674288112,50.156085814615],[-5.68104788944032,50.1565258036014],[-5.67276360830373,50.1617240029626],[-5.67171101224638,50.1619916812509],[-5.67182138328351,50.1623151219674],[-5.6712359724266,50.1626823771353],[-5.67305599707322,50.1663063409121],[-5.65688647856707,50.1642862955917],[-5.65643841249686,50.1644778352008],[-5.64716117839575,50.1684429617994],[-5.63930670102425,50.1684291155842],[-5.62910762009336,50.1677298314142],[-5.62842313041566,50.1684090497294],[-5.628009207066,50.1684082661093],[-5.62737142490371,50.1690733831509],[-5.62602044140256,50.169106784124],[-5.62597554408914,50.1691940343872],[-5.62590994938207,50.1691958872702],[-5.62439600094765,50.1721760471532],[-5.61987645341345,50.176887977855],[-5.61490285551176,50.1818205606274],[-5.60702770297913,50.1809896138755],[-5.60891414856701,50.1850658898684],[-5.60686689458558,50.1861305468066],[-5.60336352159222,50.1868452167133],[-5.60329903113075,50.1870061261243],[-5.60304508990519,50.1870638301142],[-5.60257070340553,50.1883644769919],[-5.59857964944181,50.1904394184148],[-5.60066634916886,50.1932509493815],[-5.59557749406316,50.1886629657039],[-5.59085260555622,50.1887229078116],[-5.58930528093414,50.1919682185851],[-5.58469426835871,50.1914018101125],[-5.58495458944226,50.1955246878765],[-5.58459074007536,50.195521509079],[-5.57742066835348,50.195010865578],[-5.57568430411999,50.2009725088619],[-5.57165391452876,50.1983004700649],[-5.56971359679706,50.1986808713908],[-5.56952054104741,50.1987532548526],[-5.56545201704053,50.1996166206889],[-5.56373824293737,50.2010265416721],[-5.5559744499968,50.2042711362606],[-5.55517185796955,50.2042252336002],[-5.55511761214489,50.2055539321512],[-5.55501972001314,50.207951683203],[-5.55493675459597,50.2093290080469],[-5.54327059185299,50.2116137667516],[-5.54304309811583,50.2118418316218],[-5.53868843800676,50.2162069233186],[-5.53742211014615,50.2159343467165],[-5.53047302756961,50.2137616007286],[-5.52881611735391,50.2140814598204],[-5.5269073141642,50.2136703832351],[-5.51500209057799,50.2162704078503],[-5.51229797547038,50.2157087110586],[-5.49818848317038,50.2197454402317],[-5.49072349916756,50.2165346211038],[-5.49054211661364,50.2164565939623],[-5.48447209345249,50.2149322795693],[-5.47657558993571,50.218472874493],[-5.47619637888274,50.2181089488233],[-5.4796805861541,50.2129771248085],[-5.47894218731622,50.2125078910003],[-5.47758008500186,50.2116035249017],[-5.47759318654369,50.2115729669215],[-5.47522778500074,50.2101472564164],[-5.47459333407034,50.2097440037014],[-5.47335359586458,50.2080297872175],[-5.46925727059108,50.202364659729],[-5.46917489415706,50.2001782309004],[-5.46800040650166,50.1999325450665],[-5.43675893868638,50.1933919385943],[-5.43075998911467,50.1867555210581],[-5.4357012168676,50.1852994525272],[-5.4410990578754,50.1766623998169],[-5.4413632773128,50.1762395403715],[-5.44084413908158,50.1761289662529],[-5.43773442446103,50.1759207268541],[-5.43724637460798,50.1759422940694],[-5.43674717490199,50.1759643523577],[-5.43112795458482,50.1787954000041],[-5.43109349857868,50.1790762134035],[-5.43325119620741,50.1834530343343],[-5.42892838960157,50.186439041768],[-5.43351055238074,50.1903593941668],[-5.43375647510082,50.1905828572524],[-5.43367992071395,50.1905449006218],[-5.42167831160669,50.1845929367855],[-5.42234409340588,50.1883192530173],[-5.41899463458019,50.1892985832707],[-5.40700864077531,50.1928019700267],[-5.4137328595817,50.1931612164943],[-5.42251632120005,50.1884537406082],[-5.43363286935838,50.1936716044546],[-5.40914117964207,50.2099332783481],[-5.40908246476542,50.2099722440087],[-5.4084191535223,50.2104124394169],[-5.39165282028383,50.228711029246],[-5.39569837903282,50.2404041396061],[-5.38471246462019,50.239759647712],[-5.38019950713679,50.2427243176202],[-5.37801701863543,50.2440370136584],[-5.37326350383883,50.2371742262426],[-5.37323119419373,50.2371275706211],[-5.3711358456158,50.2371194300595],[-5.36852533250518,50.236567532777],[-5.36687900561799,50.2371040661604],[-5.36199027876929,50.2371217320152],[-5.35594171129361,50.2404540325565],[-5.34206196753357,50.2383918947796],[-5.34201374694301,50.2384095489618],[-5.34081757973173,50.238251047249],[-5.33065034613734,50.2421344723764],[-5.32828048009107,50.2434362417228],[-5.3256370598799,50.2444034946369],[-5.32367455930679,50.245965940051],[-5.32214115596485,50.2468080283356],[-5.30981473596069,50.2557325897636],[-5.30959611091822,50.2558908362598],[-5.31002988990818,50.2558730757059],[-5.31042729807515,50.2558563512758],[-5.30201891479023,50.2620657628333],[-5.29981797036513,50.2624816655541],[-5.29514151305722,50.261008739862],[-5.29272636949934,50.2636942577288],[-5.28936676479433,50.2611310700117],[-5.29189523427673,50.263978386087],[-5.28877723009341,50.2645672499836],[-5.28525645568801,50.2650060441031],[-5.28789537990456,50.2676272991544],[-5.28528048539119,50.2694007213175],[-5.27898276988809,50.2733973694694],[-5.27143768483353,50.2743724682171],[-5.26350613898473,50.2748835453555],[-5.26192980159195,50.279405772479],[-5.26172759361152,50.279740909789],[-5.26104933391716,50.2799383741994],[-5.25113192754214,50.2817566680068],[-5.25072818664762,50.2818306706052],[-5.24262899493606,50.2871605571503],[-5.23885778985649,50.2954769849712],[-5.23858442872856,50.2960797087214],[-5.23719066643927,50.2987144546889],[-5.23546130826904,50.3006859760796],[-5.2353464232055,50.3022003545889],[-5.23392916599194,50.3048788675304],[-5.23406593265764,50.3059234851339],[-5.23404433443134,50.3187433600436],[-5.22197881796188,50.3222057634547],[-5.22104429617551,50.322425014976],[-5.20892151695907,50.3213901304306],[-5.20064806249388,50.3205810093162],[-5.19905333863032,50.3223909232785],[-5.1974845836816,50.3234538631199],[-5.19392465993462,50.325865702403],[-5.19144447824005,50.3259843678757],[-5.19092091643141,50.3279004615434],[-5.19018518654909,50.3283988122581],[-5.1899012772796,50.3316316352542],[-5.1898047759576,50.3319847354929],[-5.18693619059633,50.3329333514598],[-5.18101762653556,50.334395946887],[-5.18105743696638,50.3348770723336],[-5.18071928516349,50.3349888640287],[-5.18133435394586,50.3404383367985],[-5.16988063090609,50.3413396874557],[-5.16898909128803,50.3433160018678],[-5.16263755066697,50.3447958972018],[-5.16169868214305,50.3464460980417],[-5.15741528933425,50.3477611344826],[-5.15386655699988,50.3461438450055],[-5.15143893878583,50.3559253426506],[-5.14662456388908,50.3753129324229],[-5.15036736653819,50.3769321060007],[-5.15029854567018,50.3771726055355],[-5.1558693014764,50.3793860246848],[-5.14955764256286,50.3816393769059],[-5.15760863146944,50.3894623602294],[-5.14701692565524,50.3890478557544],[-5.14360957743645,50.3889143103052],[-5.1469297537842,50.3902439740962],[-5.14281080401266,50.395535226554],[-5.14476461462688,50.3973141635119],[-5.1463107917602,50.3987218327263],[-5.14736011611357,50.403181187269],[-5.14510345321753,50.4046954315744],[-5.14278530069844,50.4041860707714],[-5.14069588213351,50.4037021066121],[-5.13567527426513,50.401217137434],[-5.13841009863089,50.4039230479238],[-5.13529164944298,50.4087942103358],[-5.13475058294799,50.4085628039796],[-5.12603863992044,50.4039352202719],[-5.10931190792475,50.4087629941618],[-5.10899608018686,50.4088541185129],[-5.1070727628551,50.4085781091785],[-5.10139233959402,50.4077627237615],[-5.09953850340819,50.4046582743569],[-5.09818781264155,50.4065428958907],[-5.09751410565625,50.4063598139857],[-5.08751966941862,50.4036431659332],[-5.08317636834076,50.4040804772986],[-5.0842949387478,50.4044725551436],[-5.08485040581159,50.4046672491635],[-5.08582724183641,50.4050096252946],[-5.08939831452838,50.4062611538228],[-5.09394202432125,50.4078532979541],[-5.09762921758771,50.4081255970538],[-5.11484210590432,50.4093951880522],[-5.12179491493805,50.4099072829693],[-5.12188035081119,50.4100348924822],[-5.12379749625692,50.4128981940728],[-5.11009321345602,50.4133198960587],[-5.1077981911995,50.4133704711563],[-5.10660774847025,50.4134091414675],[-5.10137953280293,50.4135788273575],[-5.09828373190263,50.4181525835117],[-5.09780103921239,50.4188656344486],[-5.09848880461442,50.4212898358019],[-5.09956890181327,50.4250963568668],[-5.09869581393689,50.4244561561453],[-5.0954693435974,50.4220901007857],[-5.09403752751623,50.4208090751025],[-5.09371552779935,50.4208038400711],[-5.09355755891416,50.4206879805081],[-5.09113087678796,50.4207143168119],[-5.08691864468905,50.4184063949145],[-5.08652111290187,50.4172031619724],[-5.08644839762393,50.417222938117],[-5.086186266704,50.4172366850939],[-5.08526431829244,50.4150942530358],[-5.07468977721508,50.4169369679655],[-5.0745170099723,50.4170241974266],[-5.06792501227954,50.4203520636927],[-5.0673642313106,50.4206351272234],[-5.06489876030812,50.4218795413007],[-5.06608303682318,50.4241001963502],[-5.06505214604912,50.4246261862904],[-5.06068709326084,50.4241932480319],[-5.06025221235309,50.4241501054886],[-5.05539027527776,50.4256855344857],[-5.0553052780563,50.4257123747954],[-5.05493912549979,50.4258279953929],[-5.05469330823253,50.4259056167706],[-5.0634089547125,50.4269182315923],[-5.06217936927486,50.4275079218851],[-5.05519103643993,50.4279930119317],[-5.04246183545353,50.4441491786525],[-5.0410347419715,50.4483574459847],[-5.03944063863132,50.4530573505958],[-5.0427765993808,50.4579991615419],[-5.04253666980188,50.4588712889865],[-5.03812456295651,50.4602657203163],[-5.0413590832639,50.4631513072292],[-5.0410159624671,50.4643982683254],[-5.03264105285814,50.4659186198799],[-5.03869096273881,50.472846107049],[-5.03724229974959,50.4781083614462],[-5.0361241597795,50.4799192898557],[-5.03517047058715,50.4942434897587],[-5.04649172348763,50.4977029934337],[-5.04677464893037,50.4977975739693],[-5.0413425558978,50.498912882907],[-5.04197161837455,50.5009667378387],[-5.03753420590828,50.5034687817069],[-5.03440193458442,50.5039220326186],[-5.03268034809869,50.5084520475143],[-5.03124012542094,50.509485326],[-5.02402057280653,50.5093031800682],[-5.02125551363502,50.5092333004164],[-5.02812833680154,50.5110219458728],[-5.02946038727416,50.5141491063497],[-5.02735562425195,50.5176332352701],[-5.02762113836721,50.5179907243107],[-5.02609667610715,50.520234921131],[-5.02911871671183,50.5202080736502],[-5.02905670939219,50.5210956305343],[-5.02628370098962,50.5235098075629],[-5.02844558700418,50.5243486539616],[-5.02779385514041,50.525124705709],[-5.02263249605587,50.5265219579063],[-5.02648749483123,50.5294505865312],[-5.02267150012636,50.5326495676841],[-5.02422225891532,50.5386668093496],[-5.0351999744426,50.5455278953675],[-5.03969390034343,50.545072386731],[-5.03836504465675,50.5469616171078],[-5.03659236790489,50.5494368974235],[-5.02432064806687,50.5515835301173],[-5.02100660780935,50.5474542996982],[-5.02108231871016,50.5473327557092],[-5.02079624546704,50.5471921612871],[-5.01923817393275,50.5452505119942],[-5.01718360672553,50.5454165552505],[-5.01695212283033,50.5453027729893],[-5.0070161385718,50.5462377111202],[-5.00358490801866,50.5465146218424],[-5.00475258376783,50.5431427003693],[-4.9982892437323,50.5402599835853],[-4.99363833230599,50.542819769648],[-4.98901121910603,50.5429228870216],[-4.98380350460812,50.5422227304993],[-4.97764037479962,50.5453590159647],[-4.98079708049445,50.5476864355423],[-4.98005689050475,50.5485911654682],[-4.97653793357771,50.549417122828],[-4.97213552064503,50.5577595466085],[-4.97131233028891,50.5580025858895],[-4.96227280271605,50.5593645175728],[-4.96051428085701,50.5611898448414],[-4.95457016104937,50.5629437638967],[-4.95610571181472,50.5657651701622],[-4.95381959585024,50.5681373554448],[-4.95218441576462,50.5691696584703],[-4.94527907070599,50.5686283034999],[-4.94659333050005,50.5639492522722],[-4.94986140641218,50.55620065873],[-4.93984026085775,50.5539778252232],[-4.93516392705429,50.5483156959254],[-4.93434165942817,50.5463643473923],[-4.93810253112328,50.5412942425982],[-4.93127169445746,50.5306361064379],[-4.93084176074108,50.5299651023487],[-4.93113750280869,50.5298667988366],[-4.9386856724409,50.5273574092636],[-4.9357161770613,50.5271238219335],[-4.93668990563552,50.5260951576538],[-4.9402070919035,50.5223791092797],[-4.94209306964869,50.5203862211832],[-4.94195711415392,50.5201809431327],[-4.93625927286234,50.5115760426706],[-4.93775471990604,50.5246616520797],[-4.92904539438229,50.5244781995937],[-4.92949469877939,50.5296347335576],[-4.91973741193288,50.5314640537175],[-4.89977745621683,50.5262610832051],[-4.89945418519013,50.5261686482978],[-4.88528123650348,50.5301745444411],[-4.85525399409013,50.5288589081959],[-4.85516977975351,50.5293191894015],[-4.85504913068746,50.5299785894537],[-4.85501526508707,50.530163679367],[-4.8527578102716,50.5316222968578],[-4.86018865903473,50.5371815159986],[-4.86656983948479,50.5338069255276],[-4.8676358541252,50.5372114462212],[-4.87017126261526,50.5336632881977],[-4.89019877005248,50.5362115669318],[-4.89196200381022,50.532319555878],[-4.90000327708293,50.5309329271292],[-4.90677150814793,50.5340439943618],[-4.9086028074781,50.5348856238738],[-4.91546307019593,50.538037937581],[-4.91415010028503,50.5429318819929],[-4.92611977241642,50.5448533623067],[-4.92934423278299,50.5532350358923],[-4.92652389045982,50.5614278399745],[-4.93114306929258,50.5644977274819],[-4.92696214005086,50.5691868775358],[-4.92559260640452,50.5700278099511],[-4.92486841966901,50.57153471148],[-4.92348108520485,50.5730902807171],[-4.91557325299498,50.5759871746751],[-4.91759775807733,50.5803324324778],[-4.92548813283942,50.5829460372685],[-4.93327030978721,50.5855229936756],[-4.93416718885203,50.5860340347772],[-4.93430386333569,50.5876430449101],[-4.9220052278547,50.5917340335803],[-4.92313848652264,50.5926979330368],[-4.91859041043265,50.5945065705416],[-4.91671356304975,50.5888146379551],[-4.91485228696032,50.5885633617015],[-4.90882104295786,50.5854028377941],[-4.90836339388369,50.5845394275434],[-4.89649809692686,50.5858517356347],[-4.89008973217464,50.5838306662335],[-4.88519880226634,50.5822878100444],[-4.8828499337229,50.5840100933634],[-4.88048506818091,50.5857439346659],[-4.87456594721121,50.5876565357096],[-4.87406925902667,50.5904469282559],[-4.87364790122832,50.5907557525423],[-4.87300107810114,50.5906444035119],[-4.86753772184173,50.5890334514481],[-4.8702877859602,50.5901772722999],[-4.86936829903999,50.5900189532821],[-4.87000148531598,50.5953898876379],[-4.86956160674714,50.5952913929235],[-4.8608340007023,50.593033921185],[-4.86042051751031,50.5932441129438],[-4.86004319493173,50.5931595865393],[-4.84935273047488,50.5987682598953],[-4.84184751731166,50.5931067961696],[-4.83954136554852,50.5946216512409],[-4.83532808451979,50.5944434804099],[-4.83243941218299,50.5921478104926],[-4.83226024310699,50.5943136508387],[-4.82788853620433,50.594128500984],[-4.82718469420089,50.5939437268374],[-4.82359517986517,50.5930013139765],[-4.82429165456359,50.5941251475923],[-4.8067965809477,50.5967558057825],[-4.80003004826747,50.597163130507],[-4.79226007993747,50.6017636399612],[-4.79058315844047,50.6026412670134],[-4.78751943298544,50.6060142076508],[-4.77043196086056,50.6223799589591],[-4.77256645232391,50.6272492680059],[-4.77094350337902,50.6316723617078],[-4.76915575253547,50.6344843629101],[-4.76878237145395,50.6365046515556],[-4.76496169792573,50.643293126076],[-4.76133240498237,50.6446159640382],[-4.75871722890044,50.6528355896087],[-4.76668420732365,50.6548531693012],[-4.75893150363693,50.6673538344573],[-4.76062146895556,50.6672898213418],[-4.76383546266453,50.6693642014922],[-4.76375477330835,50.6696393662234],[-4.75926909632738,50.66804204138],[-4.75872845511979,50.6688575523107],[-4.75865095286336,50.6688446384636],[-4.75855216635189,50.6693244175907],[-4.75705161075224,50.6720082402975],[-4.74647708172365,50.6710707950566],[-4.74367526169204,50.6732433663634],[-4.74542851090845,50.6742722753192],[-4.74473039857078,50.6757646021173],[-4.74257061895935,50.676574457333],[-4.74205731344757,50.6765686577769],[-4.73832240990642,50.6713815017806],[-4.73375346723035,50.6725812890639],[-4.733542198365,50.6724733368911],[-4.73338571470214,50.6726778302886],[-4.72983738568082,50.6736028234812],[-4.72978467353415,50.6736099964354],[-4.72794416092058,50.6787779103666],[-4.72793204806812,50.6788119192641],[-4.72736648828341,50.6803997251994],[-4.72427588461753,50.6840426340981],[-4.72410215117014,50.6842391514415],[-4.7197418360319,50.6845986801479],[-4.71589441914377,50.6838344517861],[-4.70688324762783,50.6856579214727],[-4.70543318493583,50.6857772806853],[-4.70249389380546,50.6876255812975],[-4.705271893004,50.6905817195889],[-4.69525250351545,50.6904489238323],[-4.6969832921297,50.6908260437592],[-4.69613694931365,50.6908493726601],[-4.70077418041239,50.6916515810115],[-4.70143151385457,50.6917947103751],[-4.701229686679,50.691996505163],[-4.69848303347768,50.6943917990536],[-4.68028504482393,50.6960181335949],[-4.68534803790356,50.6995695552803],[-4.68107935988473,50.7044306343587],[-4.66815995328885,50.7066970940208],[-4.66793463555208,50.7080738726449],[-4.66118472856488,50.7132278801706],[-4.6551983517671,50.7153807904676],[-4.65522563737551,50.7157037601596],[-4.65523173452776,50.7157759336923],[-4.65562539544175,50.7204350292377],[-4.65431997510654,50.7247852275654],[-4.64934740103604,50.7288944044338],[-4.65386615816216,50.7397758896983],[-4.65320085701679,50.7397488844931],[-4.64154263233842,50.7381274042058],[-4.63457347500163,50.740961954254],[-4.6397600393678,50.7457206182811],[-4.634251054889,50.7464793812769],[-4.63316487263329,50.7499353864143],[-4.61993507173028,50.7513254924762],[-4.61948553534858,50.7548553612078],[-4.61795024685196,50.7573532467383],[-4.61046225020328,50.7621966927973],[-4.59025653544693,50.7662550956871],[-4.58581855808282,50.7701619247879],[-4.5798887623042,50.7717575772345],[-4.57646186375825,50.7718693713319],[-4.56697865408785,50.7779628027861],[-4.5584999365786,50.7882580676205],[-4.55694157834616,50.7986205905165],[-4.56077639440106,50.8004342788599],[-4.5568539887278,50.8085784275103],[-4.55689057753897,50.8089854780456],[-4.55691005973524,50.809202202001],[-4.5584045095656,50.8258213181512],[-4.55847282169911,50.828979654596],[-4.55740473158469,50.8303953118412],[-4.55662094687897,50.8314340883809],[-4.5528221774987,50.8308490409607],[-4.55440010151109,50.8330010096213],[-4.55456683193103,50.8358075525165],[-4.55533117303719,50.8486679773836],[-4.55541619938387,50.8494974597585],[-4.55804475447929,50.8751233751929],[-4.55996177249226,50.8771081526458],[-4.56213796420128,50.8793610057907],[-4.56219401426285,50.8796276601244],[-4.56295695071783,50.8802087717439],[-4.56811243857461,50.8855445413591],[-4.56544213595671,50.8880531601685],[-4.56365587474328,50.889085612089],[-4.56378325676508,50.8896114314643],[-4.56133654087377,50.8919095263693],[-4.56496142990534,50.8944741703338],[-4.56532481141408,50.8959737449351],[-4.56413421108086,50.9010278045207],[-4.56984576322975,50.9037021492824],[-4.56351432443412,50.9087478587877],[-4.56445640012644,50.9149890490893],[-4.56213478983867,50.9167011481933],[-4.55939354077656,50.9187224914528],[-4.55799347447148,50.9191288906188],[-4.55643787767459,50.9209016707952],[-4.55195770823854,50.9242043248661],[-4.55508490427358,50.9259302780663],[-4.54595691118618,50.9283540559508],[-4.54589819133464,50.9286438418316],[-4.51717826099072,50.926831929404],[-4.47124993534224,50.9312684656498],[-4.45605810788073,50.9288692680265]]]]},"properties":{"FID":26,"SICBL26CD":"E38000089","SICBL26NM":"NHS Cornwall and the Isles of Scilly ICB - 11N","ICB26CD":"E54000036","ICB26NM":"NHS Cornwall and the Isles of Scilly Integrated Care Board","BNG_E":212497,"BNG_N":64493,"LONG":-4.642546,"LAT":50.45023,"GlobalID":"43989485-1cfd-430c-9289-461dff436e62"}},{"type":"Feature","id":27,"geometry":{"type":"Polygon","coordinates":[[[-2.82496400272432,53.485208941101],[-2.81679303418558,53.4778829920421],[-2.81867165393264,53.4668978656521],[-2.80450828907698,53.4672073637275],[-2.80694192725803,53.4559179283452],[-2.79511048486087,53.4430886706192],[-2.79681947150958,53.4406090006861],[-2.80465896519573,53.4411982886826],[-2.80511903999037,53.4386136198187],[-2.79684294723189,53.436058721185],[-2.79333668237451,53.4310418850223],[-2.77621475445617,53.4266680559166],[-2.78245897434477,53.4193157227948],[-2.77816870633332,53.4162221266111],[-2.78573784318573,53.4150542596272],[-2.78677601972664,53.4011875654785],[-2.74520381364458,53.4019301168759],[-2.74339592922146,53.3952855189088],[-2.75064720607259,53.3937881956902],[-2.7481417256757,53.3885013391583],[-2.76027028476101,53.3843355780711],[-2.75765399500463,53.380738188812],[-2.76905339421622,53.3839008685679],[-2.77667642698209,53.381031752527],[-2.78719893850419,53.35633342973],[-2.80912557957038,53.3550577296956],[-2.81843920035093,53.3480077493799],[-2.84048900570535,53.3474012080081],[-2.85344123211832,53.363480667488],[-2.85613798573154,53.3788771708484],[-2.84476241833277,53.3820583807878],[-2.82207275209507,53.3806183197212],[-2.83364971960148,53.3889409892206],[-2.83734532387973,53.3998687802469],[-2.85628797050564,53.3949911483541],[-2.87536289929987,53.4009948403505],[-2.88181737610831,53.4081609808336],[-2.89061741865736,53.4070738627968],[-2.89229913226936,53.4117877889738],[-2.88479364691564,53.4165975239606],[-2.8711586978542,53.4123930811145],[-2.86602739931381,53.4182658451506],[-2.87018874577313,53.4251067280411],[-2.86617722624553,53.4280229957256],[-2.87341597690404,53.4365186878146],[-2.86784388266775,53.4492613011789],[-2.90002427705645,53.469087265019],[-2.90587129947386,53.4701728621632],[-2.90492383467835,53.4652455754754],[-2.91441648138518,53.46500047968],[-2.92256732719741,53.4749988259462],[-2.91682097539058,53.4792688821421],[-2.91955906089463,53.4820728550875],[-2.91267978630004,53.4831862457856],[-2.90514626757206,53.4920328337215],[-2.89941662702729,53.4917847929164],[-2.89774454142241,53.5014001412192],[-2.88798923502368,53.5038317176544],[-2.87333413473496,53.5000396679843],[-2.87070132472857,53.49463736053],[-2.86147101407409,53.4910290276868],[-2.85026683432178,53.4932531476975],[-2.84393746624047,53.4902112481129],[-2.84442096854788,53.4841303502339],[-2.82557451682315,53.4827816643096],[-2.82496400272432,53.485208941101]]]},"properties":{"FID":27,"SICBL26CD":"E38000091","SICBL26NM":"NHS Cheshire and Merseyside ICB - 01J","ICB26CD":"E54000008","ICB26NM":"NHS Cheshire and Merseyside Integrated Care Board","BNG_E":344764,"BNG_N":393521,"LONG":-2.832903,"LAT":53.43558,"GlobalID":"c219cab0-7ade-4857-b65a-b7b22a0050ed"}},{"type":"Feature","id":28,"geometry":{"type":"Polygon","coordinates":[[[-1.07507869877577,52.6696257729691],[-1.05675448702401,52.6638379424999],[-1.05894518234222,52.6564260022788],[-1.04861273070825,52.6549958210555],[-1.05162369235507,52.644081763591],[-1.04616476697622,52.6381033753906],[-1.04696224210028,52.6346199706265],[-1.05602138936234,52.6325691719101],[-1.05446522044017,52.6257369712252],[-1.07436612744571,52.6134259342986],[-1.09661365519004,52.6164914286219],[-1.09837840871654,52.6111117042116],[-1.09370536395325,52.6086864111712],[-1.10365087792184,52.5959119221212],[-1.12017132144771,52.5975428226454],[-1.12679791492814,52.5956441438529],[-1.12666984812103,52.5910833097563],[-1.1412654446828,52.5900032352443],[-1.15309936718407,52.5806688232567],[-1.16094153615742,52.5825304651473],[-1.15571591809775,52.5863556735431],[-1.15955182528366,52.5917137115456],[-1.17422450827386,52.5929262321497],[-1.16536626595953,52.603040681622],[-1.17104515893346,52.6058182116274],[-1.1640476438044,52.6094532143387],[-1.16555901177212,52.6130815389124],[-1.21598058245653,52.6345336223541],[-1.20725120826973,52.6425882510699],[-1.20089990802143,52.6398437795382],[-1.19065597113646,52.640393801146],[-1.18291944234084,52.653015957613],[-1.18520802758943,52.6606426436456],[-1.17665394751358,52.6643029134942],[-1.18023080952372,52.6693646507853],[-1.17804584605586,52.6780048812986],[-1.15725221003267,52.6915228915743],[-1.14451911413314,52.6882585919647],[-1.1292247634193,52.6653898207683],[-1.11886704001325,52.6731623835477],[-1.09055690581012,52.6685399591125],[-1.07507869877577,52.6696257729691]]]},"properties":{"FID":28,"SICBL26CD":"E38000097","SICBL26NM":"NHS Leicester, Leicestershire and Rutland ICB - 04C","ICB26CD":"E54000015","ICB26NM":"NHS Leicester, Leicestershire and Rutland Integrated Care Board","BNG_E":458946,"BNG_N":304594,"LONG":-1.130409,"LAT":52.63592,"GlobalID":"8cc301c1-f235-4fe4-a10e-dd65bff4b88f"}},{"type":"Feature","id":29,"geometry":{"type":"Polygon","coordinates":[[[-2.81843920035093,53.3480077493799],[-2.8187798507099,53.3397718641561],[-2.83245739436426,53.3372895301413],[-2.82575694857683,53.33181393097],[-2.82666108251466,53.3316567904658],[-2.83641028510294,53.3270180221655],[-2.85497271766899,53.3274716906758],[-2.8781584032105,53.3341988129017],[-2.88225551493409,53.3361820526316],[-2.88307364109977,53.3365780343856],[-2.90271948689426,53.3460829284945],[-2.90986934033261,53.3495402475937],[-2.91033766494538,53.3498276738672],[-2.91613103666373,53.3533980302289],[-2.92241081028017,53.3572671486057],[-2.92382253603583,53.3578679267488],[-2.94393943702948,53.3664252588191],[-2.94476955672841,53.3667782274517],[-2.94573600345657,53.3671902358264],[-2.96799886507509,53.3753289136876],[-2.9692998574906,53.3758042866466],[-2.98379771774959,53.3857015856591],[-2.98497258192719,53.386503354574],[-2.99506094505106,53.4009260900531],[-2.99597825709121,53.4023119150111],[-3.00176306297194,53.4110490226558],[-3.00187532829115,53.4114881526164],[-3.00194461342193,53.411759162234],[-3.00858034567406,53.4376980776964],[-3.00862063658468,53.4378554716704],[-3.00862917921222,53.4378888447917],[-2.97491068402746,53.4433554527226],[-2.97381250331999,53.4627368355734],[-2.967332161411,53.4677622600986],[-2.95930173598287,53.4676656494188],[-2.95630638238201,53.47299342334],[-2.92256732719741,53.4749988259462],[-2.91441648138518,53.46500047968],[-2.90492383467835,53.4652455754754],[-2.90587129947386,53.4701728621632],[-2.90002427705645,53.469087265019],[-2.86784388266775,53.4492613011789],[-2.87341597690404,53.4365186878146],[-2.86617722624553,53.4280229957256],[-2.87018874577313,53.4251067280411],[-2.86602739931381,53.4182658451506],[-2.8711586978542,53.4123930811145],[-2.88479364691564,53.4165975239606],[-2.89229913226936,53.4117877889738],[-2.89061741865736,53.4070738627968],[-2.88181737610831,53.4081609808336],[-2.87536289929987,53.4009948403505],[-2.85628797050564,53.3949911483541],[-2.83734532387973,53.3998687802469],[-2.83364971960148,53.3889409892206],[-2.82207275209507,53.3806183197212],[-2.84476241833277,53.3820583807878],[-2.85613798573154,53.3788771708484],[-2.85344123211832,53.363480667488],[-2.84048900570535,53.3474012080081],[-2.81843920035093,53.3480077493799]]]},"properties":{"FID":29,"SICBL26CD":"E38000101","SICBL26NM":"NHS Cheshire and Merseyside ICB - 99A","ICB26CD":"E54000008","ICB26NM":"NHS Cheshire and Merseyside Integrated Care Board","BNG_E":339361,"BNG_N":390553,"LONG":-2.913649,"LAT":53.40831,"GlobalID":"627e0589-3088-4c77-8357-cb44c1b62d01"}},{"type":"Feature","id":30,"geometry":{"type":"MultiPolygon","coordinates":[[[[0.608094674157458,51.6292375146752],[0.607065916989673,51.6290134579699],[0.606325693716892,51.629088930363],[0.606801274492625,51.62912887899],[0.608094674157458,51.6292375146752]]],[[[0.746420029088127,51.6354105476982],[0.746482465922937,51.6351477687027],[0.745834754738392,51.6353375259983],[0.738735053103655,51.6374171416503],[0.745635548207842,51.6387119792499],[0.746420029088127,51.6354105476982]]],[[[0.759458460870587,51.6414874340437],[0.76276940611183,51.6403026729354],[0.749688342023746,51.6363209725289],[0.756302279397179,51.6398186558011],[0.758569294061839,51.6410173228403],[0.756024054907069,51.6414503108198],[0.752419041121401,51.6414112355196],[0.748608040156205,51.637529911658],[0.751874392047457,51.6421561020547],[0.759458460870587,51.6414874340437]]],[[[0.746533201741215,51.6405539239905],[0.745387090073376,51.639901367961],[0.732587258232312,51.6395696659979],[0.737654281071059,51.6342647311137],[0.725534497506703,51.638453840902],[0.712310363700953,51.6374704460179],[0.711461766978794,51.637407289156],[0.712624528212974,51.6381736317506],[0.712680194953915,51.6382103185853],[0.718120005637639,51.6417950228287],[0.741468159997879,51.6401739547811],[0.749935972803208,51.6424911525208],[0.746533201741215,51.6405539239905]]],[[[0.787745310700603,51.7223400550592],[0.772328635276649,51.7186612802973],[0.754509028415827,51.7245450556116],[0.756268932894527,51.7267423216282],[0.777960799080903,51.7265677829777],[0.787745310700603,51.7223400550592]]],[[[0.721897837323274,51.7305250981514],[0.724400175239905,51.7249332464585],[0.724927510965315,51.7270804032705],[0.72860783564891,51.725790721769],[0.724184717062193,51.7220728612196],[0.72833829268897,51.7229253068402],[0.729067482659209,51.7183476197924],[0.7104618525979,51.7185643649918],[0.721897837323274,51.7305250981514]]],[[[0.68420458170672,52.0869686044307],[0.690084902314404,52.0800183939675],[0.70208134220067,52.0794950134459],[0.712753355484772,52.0711086798537],[0.703177981851303,52.0652732559475],[0.716263056048419,52.0486872264492],[0.699400235112931,52.0484380414959],[0.696511904156978,52.0393021527618],[0.712507295358411,52.0348693958665],[0.706529414859525,52.0295252321187],[0.714396387592929,52.0273185650427],[0.74063464983078,52.0312014773901],[0.742409973302743,52.0163570421723],[0.738526926613591,52.0106983166109],[0.74915886286297,52.0055501154335],[0.749863631187383,51.999858475413],[0.761149433984657,51.9974831332042],[0.759667978735818,51.985429071708],[0.774633523107018,51.9825918142864],[0.77226104602285,51.9704249162435],[0.78147088096987,51.9665126022981],[0.777575785345801,51.9598849490738],[0.768509876452234,51.9619076089422],[0.764050656575811,51.954324152656],[0.74949145661935,51.9546898281908],[0.746920237719253,51.9453705740319],[0.740273303630481,51.9399948767525],[0.740141613324373,51.9316387623378],[0.722226089748524,51.9101755935314],[0.729012817442479,51.9080531345302],[0.726228330517794,51.905840923579],[0.722605204237174,51.9035875344503],[0.715094246875661,51.9049591465453],[0.712805035772591,51.902222830255],[0.707014988967074,51.9052298727231],[0.699474489591653,51.9033200273318],[0.699959211924351,51.8997255451959],[0.712526835299032,51.8929281040125],[0.711869258515407,51.8865453570212],[0.722757937093884,51.8787930638044],[0.718189980149534,51.8779422628107],[0.723499048893588,51.8739173918362],[0.716402187271712,51.871262472766],[0.730461405947583,51.8675533655172],[0.736606509444671,51.8716795200741],[0.747222251086716,51.8685998191859],[0.752925401206438,51.8631322436852],[0.745235520424586,51.8563854507381],[0.750344036819723,51.8536017279977],[0.733144185796442,51.8484620975496],[0.741589911175097,51.8396759486416],[0.735064209960124,51.8377420041681],[0.733193100446778,51.8419784817785],[0.711904453164611,51.8345307609428],[0.721331515289626,51.8302363199845],[0.708910752336947,51.8191240695842],[0.721663493700066,51.8100052513097],[0.713329937767756,51.8084596292734],[0.719036271027785,51.8051620289553],[0.718170980774375,51.7973632015271],[0.754230536428813,51.8009692410753],[0.779089305657155,51.8115632365277],[0.811854831388401,51.7991191293778],[0.808111738198418,51.7933185967582],[0.81592969540938,51.7892482610978],[0.805730513938476,51.7919481347957],[0.803929783067448,51.7897048770614],[0.834492339555267,51.7826873145258],[0.836965958327456,51.7795175956721],[0.844275613171458,51.7788323263122],[0.845883867908734,51.7813433693835],[0.852588428797037,51.782849430868],[0.857931471969376,51.7840493025433],[0.877233282761881,51.779353903615],[0.890701397237792,51.7697119340787],[0.886632433495922,51.7708040019192],[0.884959684454068,51.768261134253],[0.894608810887656,51.7663024234976],[0.883101725269874,51.763857460709],[0.860360001426338,51.7688526631486],[0.857433304377419,51.775000992557],[0.851253417279161,51.7740898672028],[0.851368495955383,51.7705129185066],[0.839890263571399,51.7736801561364],[0.836724761248785,51.7738721895278],[0.834583084848583,51.7704432649163],[0.839650939460707,51.773208488773],[0.838918595122999,51.7710374025351],[0.842481103029129,51.7722482008925],[0.856202335021915,51.7677243467768],[0.840964668953761,51.7702163053255],[0.845340379057936,51.7675103004618],[0.842271535735097,51.7648333812369],[0.860734007202027,51.7642926242904],[0.850356658179789,51.7571285428407],[0.861833214515808,51.7631101934279],[0.882710544872676,51.7576522539139],[0.856248301249789,51.7438013401661],[0.848653396097639,51.7469072959306],[0.847436044557382,51.7474050503024],[0.848301226474633,51.7464016925257],[0.852430417976529,51.7416123526918],[0.8348488632034,51.7387386603935],[0.825064835297226,51.7383954725371],[0.822613270731443,51.7408270050932],[0.822433437822072,51.7386541883404],[0.811215423097858,51.738850954856],[0.792287589833152,51.7451635889845],[0.789044975569237,51.7376382093492],[0.79484800905873,51.7394565711925],[0.795309527017925,51.7396011674631],[0.796736598853129,51.7400482603799],[0.795367536511563,51.7394748239809],[0.78863232079183,51.7366533027938],[0.780894175882109,51.7385379702218],[0.779391219448415,51.7389039472692],[0.776902803082075,51.7439848983409],[0.771472396116519,51.741294158065],[0.774616814316833,51.738858547978],[0.774534333066534,51.7388591817752],[0.77449308668122,51.7388594992377],[0.767390339217304,51.7389138934579],[0.761542748157056,51.7422072617369],[0.760463943040118,51.7424823720644],[0.761432245821566,51.741115754786],[0.763141413613398,51.7386967227378],[0.755169655519804,51.7353046473069],[0.754885011544808,51.7353365768745],[0.745540017279007,51.7363844541444],[0.744999185327617,51.7364450737204],[0.745001347323711,51.733446566562],[0.745052299314329,51.7334582803519],[0.745130912941102,51.7334763521448],[0.747759794532478,51.7340806546326],[0.747314168063583,51.7320802821714],[0.747769714979954,51.7321510980357],[0.750959509168034,51.7325302807776],[0.749911096725669,51.7322218673425],[0.744785444576927,51.7309397294275],[0.743058466389895,51.7313166370826],[0.738273973820522,51.7325320107543],[0.737516004444836,51.7326704776644],[0.737565880487988,51.7325948782743],[0.739400854711086,51.7298133672751],[0.735516568997566,51.7294784471389],[0.712890147206159,51.7375002265908],[0.714605389908931,51.7341203257558],[0.705375743022771,51.7238565594087],[0.702176227158754,51.7279224879747],[0.690056870515077,51.7323718532004],[0.689558903027648,51.7304244546753],[0.686471863557025,51.7332192582975],[0.687158768885176,51.731767055972],[0.688671851262025,51.728567892623],[0.699318643809774,51.7261678577602],[0.69734446423786,51.7228307095377],[0.712062931861356,51.7157528840165],[0.711068172308606,51.7147803469638],[0.710183794382378,51.7139156836074],[0.716199828007682,51.7136120891657],[0.717834265791398,51.7162395354896],[0.746995793694314,51.7114543937522],[0.743759841336277,51.7065168396142],[0.74803053783207,51.7102735016596],[0.751108781471435,51.7078823408839],[0.751508310729552,51.7075719657841],[0.746033709141438,51.7048637252004],[0.751325264894183,51.70664567274],[0.751974900071848,51.7076898865857],[0.754667200326733,51.7099984772815],[0.769185517779274,51.7083592420955],[0.749837700929676,51.7003290429221],[0.754238394335417,51.6953594671933],[0.746941509100834,51.6946147828323],[0.748282996689752,51.6909571758989],[0.740572698079686,51.6940414036805],[0.740133288014236,51.6932209870626],[0.73842916893741,51.6936942551664],[0.738301890789598,51.6937732978423],[0.738323364039189,51.6937103098439],[0.739217331119556,51.6915107312788],[0.739885381404552,51.692758111545],[0.742066464472572,51.6914352514029],[0.737834658420487,51.6872043975415],[0.742746927026809,51.6892000171237],[0.751229517613637,51.6885039139578],[0.751540706531218,51.68870504901],[0.751828407601321,51.6886090445123],[0.756279371393044,51.6917288921591],[0.757428343094442,51.6949738063889],[0.759207152948762,51.6998436208942],[0.7660570164019,51.7008569800272],[0.772166417186214,51.7017442156558],[0.772177241757684,51.7017130781766],[0.77220748890082,51.6940499159243],[0.77544836576583,51.6902295407575],[0.77628831180405,51.689239303722],[0.773457903405068,51.6889119385156],[0.776829853470916,51.6887934670498],[0.776872711533561,51.6887919608484],[0.773382061362499,51.6875757244976],[0.778130660491529,51.6852030811385],[0.777205695863363,51.690995389657],[0.776222374282777,51.6914181210584],[0.775908549507167,51.6915530311769],[0.77614037744074,51.6916268353666],[0.77978257077557,51.692786259658],[0.778493104335705,51.6929465861318],[0.778434926875374,51.6929538192115],[0.775474473170231,51.6933218507518],[0.774433997127061,51.695970116395],[0.775438332084299,51.7015850454512],[0.771581982679827,51.7040612953427],[0.785355109067918,51.7081451666109],[0.790217172681366,51.7063048020991],[0.790820933191851,51.7090568861701],[0.797560483871276,51.7079450291101],[0.790809214665959,51.7103010136061],[0.794317308407574,51.7172576659902],[0.801337545509072,51.7181004578162],[0.805882113064029,51.7177989462596],[0.819726082887312,51.7210811516916],[0.834167539152291,51.7149946067747],[0.848178284675708,51.7157052273293],[0.875264297019819,51.7251526016439],[0.886290622938406,51.7330100060562],[0.890704052787805,51.7413360335938],[0.895595242817426,51.7433045220083],[0.899523834523474,51.7448853339155],[0.927747806836817,51.7481156716841],[0.942750277395386,51.7398036426599],[0.950572298872485,51.7308319625438],[0.950691527860078,51.7228800393088],[0.939517468836879,51.6986172123987],[0.950057791342381,51.6834964089707],[0.943015915240158,51.6722803057323],[0.942315790221674,51.6618968420764],[0.942227563918651,51.6605879301102],[0.93565532757396,51.6610888291773],[0.941849763567525,51.6602916078505],[0.936526329276151,51.660021925854],[0.939961908842364,51.6591885266936],[0.934762371180455,51.6550824190176],[0.939221522222564,51.656396408099],[0.939629868392666,51.6544839202111],[0.934239117539083,51.6538318339861],[0.939444365936141,51.6543437819399],[0.937968132663018,51.6525351875712],[0.937443653817733,51.6518925879605],[0.937128798444721,51.636223702194],[0.935168220558103,51.6348759715285],[0.926546958770398,51.628948235542],[0.925739943807412,51.6287112890607],[0.901920982885591,51.6227348253932],[0.891996726871842,51.6240196606223],[0.887969677854985,51.6236733578206],[0.8595815514143,51.6212280877734],[0.838382650011439,51.6240412650554],[0.82287928136844,51.6231131541946],[0.804378848529106,51.6261163334292],[0.802984052267524,51.6293676984386],[0.802908944951455,51.6258762685731],[0.795210299480288,51.6255200691495],[0.777160736446368,51.6356287822019],[0.776439970241478,51.6360344319385],[0.761917861023703,51.6441523091065],[0.74546875005021,51.6432963587182],[0.746239791392601,51.6456490249917],[0.742009810525441,51.6412412330652],[0.71693327822913,51.6430042314582],[0.711060789993781,51.639916697736],[0.710741784872925,51.639408464646],[0.709037187478184,51.6366925202933],[0.695916356792009,51.63924831421],[0.691988101311184,51.6370109502147],[0.662107857639027,51.6369962039513],[0.659917680554172,51.6430589249123],[0.66483480745062,51.6408815889731],[0.666650104765101,51.6425770022832],[0.650380626224716,51.6484412808022],[0.650470936002069,51.6457286375487],[0.658457744065231,51.6434543908735],[0.657874564453792,51.6378610992974],[0.629578830245553,51.6395984882452],[0.62960696188379,51.6393390838434],[0.630386840776339,51.6374855599119],[0.646699816654623,51.6366323369613],[0.642610432952507,51.6326468640016],[0.626910264991903,51.6334507300192],[0.607758219787993,51.6298162504196],[0.606994973844609,51.6295698618051],[0.606918958599284,51.6295453228351],[0.606678803579102,51.6294677952146],[0.606201228778257,51.6293054886071],[0.605739793308875,51.629148664105],[0.588327774927024,51.6309224435054],[0.586921781464603,51.6233899034962],[0.578483577639065,51.6250072242936],[0.566270413037257,51.6225569498083],[0.562477425788286,51.6178525368504],[0.544432334826411,51.6179047382866],[0.540987072005962,51.6208765640233],[0.520822563000505,51.6187909983378],[0.52025997911639,51.6254104561448],[0.515554854807808,51.624423232432],[0.514680370829631,51.6269670092448],[0.504821348852433,51.6243719146808],[0.504829630842054,51.621716137147],[0.481465063373904,51.625558219851],[0.460824683119472,51.6235827982815],[0.446828094118314,51.6266691138283],[0.442893785334206,51.6369976442002],[0.446970981995998,51.641678366125],[0.442935531513163,51.6466557655612],[0.433808916176382,51.6495103780808],[0.402328290688969,51.6509948876712],[0.397061537254594,51.6536513412938],[0.402761755835296,51.6596554014036],[0.400250815656879,51.6622471522368],[0.412560114558661,51.67089604502],[0.404896401410503,51.6786924758562],[0.397826181299638,51.67946031751],[0.401497451373654,51.6824215089875],[0.392025423099355,51.6914570725416],[0.38182709289844,51.6936465584372],[0.377517749695554,51.6987196326759],[0.360551543800054,51.6903843931437],[0.346633672640943,51.6939050586756],[0.338885738484615,51.7015132058446],[0.333999325795866,51.7170129408871],[0.347591463943328,51.7312688436778],[0.341113858700387,51.7520120914685],[0.34823025888222,51.7729432772943],[0.335264614536125,51.7759219464991],[0.332197760119218,51.7796294479487],[0.334953857510633,51.7857105218346],[0.340823031515171,51.7865407168055],[0.337931245944465,51.7914116941564],[0.340581476689749,51.7944783106288],[0.362617172371505,51.7949070247024],[0.359045546395418,51.7981293575959],[0.361569579174154,51.8011500180497],[0.382786767561485,51.7998191972727],[0.378317277407232,51.797987915347],[0.384164889616793,51.7970744606714],[0.390005999097572,51.8050862662217],[0.398877285602234,51.8074973130437],[0.400030426722211,51.8127616806525],[0.403578723154987,51.8128635803698],[0.404614772088409,51.8074223992149],[0.404951752925083,51.8124895936573],[0.4143228465528,51.8142418478806],[0.406350953555082,51.8287321685749],[0.409986036143613,51.8365774758225],[0.403520872623762,51.8402762827979],[0.407991230762891,51.8461873575673],[0.411969077762414,51.8437340389191],[0.413922040982925,51.8455651973828],[0.41317142982719,51.8566595639732],[0.424031734269323,51.8541587156819],[0.422579525116546,51.8449628776186],[0.43147597836326,51.8360967004035],[0.431061494810618,51.8318265247961],[0.439458400451923,51.8324615530772],[0.445681433422131,51.8288729328238],[0.453055283996404,51.8346298785457],[0.461905995397887,51.8346051109869],[0.467115328820524,51.8395877239294],[0.486422324084662,51.8399273002487],[0.486799043215361,51.8426488931907],[0.519283375076203,51.8504873638432],[0.511442362964279,51.8555464398144],[0.513503044057891,51.8643973682999],[0.501271934141638,51.8646329881829],[0.490795560079557,51.8703860233628],[0.482300989293214,51.8696337803687],[0.4826927640911,51.8726915567224],[0.467205447571307,51.8786564373132],[0.470638620695471,51.8781806857473],[0.440033147996259,51.9082775637428],[0.433016332991296,51.9247986191468],[0.421392559062412,51.9263041728857],[0.419117637315055,51.9411083461464],[0.425215082639521,51.9520314585514],[0.430052809967284,51.9538209103355],[0.42562388081031,51.958202990354],[0.418758137497315,51.9585737182608],[0.412475729234085,51.9710612598466],[0.414169562147414,51.9740463390337],[0.423622833353803,51.9732171132517],[0.426943129521539,51.986758687777],[0.413839144759286,52.0116819479076],[0.420966301481603,52.0148352602921],[0.43775471169564,52.0140473356581],[0.430441997121883,52.0205267947217],[0.431389686360323,52.0389327684688],[0.412840785104212,52.0380739856998],[0.394032735446175,52.0318408253665],[0.389695175377441,52.0364665821455],[0.388188967667305,52.0437175075223],[0.379612829656032,52.049562666124],[0.390419552738342,52.0602879419605],[0.404638608115575,52.0655023832833],[0.418785495413169,52.0649054807788],[0.435379894126224,52.0690832413823],[0.438278355008164,52.072332621316],[0.446098242374318,52.0721172526985],[0.443951885712483,52.068518533003],[0.453622270476819,52.0681472971121],[0.453829323174958,52.0711413371743],[0.461823388230479,52.0723350655886],[0.458159804244835,52.0761228400246],[0.466666318196703,52.0784560620545],[0.470794618227942,52.0734628991207],[0.474721113643991,52.0751936034777],[0.487145812027722,52.0696271260131],[0.488529767982944,52.0614737572088],[0.501678207755438,52.0538523437376],[0.511053848438897,52.0598314696169],[0.523153372889937,52.0567734857748],[0.534212217972825,52.059752926707],[0.542262356341726,52.0577590048574],[0.551529482177658,52.0620568726363],[0.551487215818594,52.0688100774623],[0.565237076229832,52.0713156379324],[0.57177691613528,52.0690857273984],[0.582118636864544,52.0758430061375],[0.59480272178781,52.0741774540811],[0.607376838735288,52.0809155185104],[0.6195139427916,52.0765913153725],[0.636209435409592,52.0866168769512],[0.652036990307109,52.0831466173134],[0.668466340526908,52.0862263916258],[0.67894531481297,52.0838857604059],[0.68420458170672,52.0869686044307]]]]},"properties":{"FID":30,"SICBL26CD":"E38000106","SICBL26NM":"NHS Essex ICB - 06Q","ICB26CD":"E54000066","ICB26NM":"NHS Essex Integrated Care Board","BNG_E":582458,"BNG_N":221463,"LONG":0.648403,"LAT":51.86192,"GlobalID":"ba5f634d-1163-4e3c-809c-edf3e88f068c"}},{"type":"Feature","id":31,"geometry":{"type":"MultiPolygon","coordinates":[[[[0.965127442611807,51.8088285964816],[0.974779534993853,51.8043890041999],[0.993336163218833,51.8035311451099],[1.00584611507955,51.7994568826143],[0.996613666695185,51.7912454914589],[0.945791283086092,51.7747258178021],[0.902246805353056,51.7743722021],[0.89809896079341,51.7797315126495],[0.901872450179929,51.7861562817775],[0.919537136948157,51.7940606410209],[0.926477960719761,51.8015688155276],[0.94361197928901,51.8069357389841],[0.944593727541082,51.8057643738811],[0.945356648764211,51.8068362804456],[0.965127442611807,51.8088285964816]]],[[[1.26345578751963,51.8639898598293],[1.26333499604689,51.8639666457188],[1.26328452432898,51.8640195230687],[1.25879892530005,51.8687183568365],[1.25185794447706,51.8694763301796],[1.25446885503035,51.8736188738493],[1.26461065764565,51.8722493599139],[1.26805397676059,51.8650875410289],[1.26812643473034,51.8649368128486],[1.26814820614087,51.8648915239098],[1.26805608076554,51.8648738236785],[1.26766100335633,51.8647979172076],[1.26345578751963,51.8639898598293]]],[[[1.26368204534891,51.8749415915575],[1.26353533668466,51.8729897442252],[1.25464536768155,51.8756206230746],[1.25964254037514,51.8755991439655],[1.26221459640115,51.8806942091861],[1.26368204534891,51.8749415915575]]],[[[1.25703538940432,51.8837322410115],[1.25901466930897,51.8763199029463],[1.25408816692709,51.8767370087411],[1.24833127300618,51.8742342694299],[1.25026137585999,51.8769697028266],[1.24607141548123,51.8745634215039],[1.24455757595359,51.8688379883539],[1.22591119740826,51.8750671342519],[1.22942460325023,51.8814277936831],[1.2364433474708,51.8819444070092],[1.23862684020185,51.8789017170173],[1.23825105990805,51.8812146656052],[1.25703538940432,51.8837322410115]]],[[[1.22716478087014,51.8882014517828],[1.2297897397936,51.885181928156],[1.22975855142634,51.884929119021],[1.21200031524243,51.8809697351814],[1.22954470503402,51.8851239322731],[1.2261528202344,51.8882136589435],[1.2209084375239,51.8882767803513],[1.22567091605508,51.8886525917529],[1.22716478087014,51.8882014517828]]],[[[1.22353488649699,51.8982218550782],[1.22889669762993,51.8956291607964],[1.22386056245945,51.8965467655412],[1.218650420511,51.8974958114743],[1.21907132452539,51.8975583850242],[1.22353488649699,51.8982218550782]]],[[[1.23183115658758,51.901752906866],[1.23818194634668,51.8965196689778],[1.23474180021249,51.8966746633793],[1.24461803955968,51.8955138557944],[1.24464201801994,51.8880621834897],[1.23499523540231,51.8911387834772],[1.24248822551348,51.8864927155901],[1.23086545379862,51.8882626067551],[1.23424588875067,51.892969991189],[1.22866773830392,51.8984560926752],[1.23183115658758,51.901752906866]]],[[[0.964847953032109,51.9719970805983],[0.971579420545114,51.9693358951625],[0.970982656554715,51.9624081839772],[0.989084785418273,51.9613793123608],[0.998951615719708,51.9639267179455],[1.0089882210105,51.9560078893658],[1.0186963332561,51.953219120803],[1.04771194276654,51.9594983563272],[1.05572843464114,51.9521541050592],[1.05391970029527,51.9529993952923],[1.05823920214007,51.9498532887122],[1.05859713897247,51.9495252599535],[1.0587485694726,51.949482252842],[1.05993410562293,51.9486186454915],[1.06187679906279,51.9459455133504],[1.07557746485267,51.9470271640478],[1.07930501174487,51.9464874838568],[1.07955037869967,51.9464519545383],[1.08121785227952,51.9446821630868],[1.08470058079331,51.9457060752065],[1.08480143690524,51.9456914661643],[1.0981951104704,51.9437505423513],[1.11943852814645,51.9400398116356],[1.1363099969753,51.9404781437774],[1.15036717995018,51.945894780098],[1.17062471897496,51.9479985541244],[1.18103036720358,51.9417581717899],[1.19946310822176,51.9425195091336],[1.20587645608039,51.9427837149652],[1.21407832709636,51.9403204084106],[1.21914123829902,51.9449128879732],[1.21728642902023,51.9398225536349],[1.22741295225821,51.9394740875685],[1.23288459757089,51.9406338059566],[1.2320112700536,51.9447929453671],[1.23516443824467,51.9435100504693],[1.23650050586455,51.9441634936848],[1.24195776045936,51.9468321643377],[1.25414229625193,51.947180758387],[1.26291341969618,51.9459297727424],[1.26405513279629,51.9452932061527],[1.27460801716414,51.939407727356],[1.27754662509792,51.9399042036113],[1.280563367352,51.9404137922946],[1.27686640373224,51.9447127034773],[1.28483050515505,51.9450545847398],[1.28440457767951,51.946502885321],[1.29082797307222,51.9489567034273],[1.29148558101755,51.9478162716221],[1.2901315059968,51.9381669045976],[1.29223014088416,51.9373305609276],[1.29212161190136,51.937119213749],[1.29549238685517,51.9360303637907],[1.29641839684689,51.9356612642448],[1.29292491237326,51.9365405538331],[1.29133489149863,51.9369497050096],[1.28968673830244,51.9364014710711],[1.2853253368632,51.9369178237407],[1.28214325253252,51.9346415319706],[1.27325337458564,51.9282804522965],[1.27299827806938,51.9280978829076],[1.26182633389352,51.9179124603289],[1.25973401015472,51.9167532636603],[1.25900323007883,51.9163483707787],[1.25859996371276,51.9165241853304],[1.2550207078311,51.9180637514822],[1.25403512083466,51.9181211616641],[1.25891137764335,51.9152815073818],[1.25413075391168,51.9041078085043],[1.2533440464274,51.9032579540903],[1.24672983700422,51.8961112443349],[1.24347388272551,51.9001928398583],[1.24438354654052,51.8969800710834],[1.23998454893314,51.8965788541162],[1.23166101667148,51.9024618125958],[1.24007421264424,51.9026305217223],[1.22975647342711,51.9045504590852],[1.21274871163684,51.8971799926598],[1.21216811525606,51.8969282989132],[1.21890639959652,51.8958765801918],[1.23012328339655,51.8941248692637],[1.22830911843283,51.8905382608214],[1.2125165477982,51.8903844131394],[1.21225960587511,51.8863763458468],[1.19901633333596,51.8847874861497],[1.20254883607792,51.8781568872205],[1.21050951500313,51.8795318267976],[1.20628923445666,51.8818100878654],[1.21120682569375,51.8805614550073],[1.21086404320923,51.8791578005928],[1.20978643618942,51.8784946584958],[1.19711176971226,51.8773290009948],[1.19969209259311,51.8756856773577],[1.19451788063131,51.8729216270599],[1.19234003227232,51.8717580529251],[1.17821443386404,51.8714311458658],[1.19439080159547,51.8711289945474],[1.20778053502139,51.870877199019],[1.2244241881101,51.8805810745268],[1.22177261886509,51.8720775420544],[1.21275752363623,51.8699489097347],[1.22849430213928,51.8726082471567],[1.23014939005789,51.8679890715788],[1.22528272170436,51.8649503800952],[1.23227651557844,51.8629683756449],[1.22812475093648,51.8589033278034],[1.22818793717632,51.8588468390169],[1.2324077673325,51.8550740668173],[1.23562120821829,51.8614993266542],[1.24313871020205,51.8592180296445],[1.2492937204337,51.8623067593537],[1.25238528625632,51.8589481415619],[1.24996108376022,51.8570222889188],[1.24971353140395,51.8568256133635],[1.24937000016796,51.8565526812869],[1.25379105722713,51.85805832827],[1.2525311376854,51.8637471335598],[1.25871953412744,51.863502852204],[1.26003435726686,51.8633791327051],[1.26008412437474,51.8633744496183],[1.27145860623909,51.8623035011709],[1.26623624267874,51.8619432643167],[1.27142481577368,51.8605972898017],[1.26545190905584,51.8558901783816],[1.26906622648226,51.8517520770447],[1.26975168476138,51.8560566561714],[1.27493221978392,51.8548717229012],[1.27016073967464,51.8569699101965],[1.27348284329379,51.8621122189026],[1.26778863269749,51.8770989875547],[1.27033407463681,51.8770389940484],[1.26649278010671,51.8812913761365],[1.27163603468133,51.8820909479469],[1.26355903098977,51.8827616063798],[1.26369001181489,51.8862127594072],[1.28344387341178,51.8767291303103],[1.28626448992612,51.876662266158],[1.29101877205553,51.8716799508907],[1.29176485849684,51.8693170905977],[1.28851985073061,51.8621286282035],[1.28158524034826,51.8548825765286],[1.26261525921551,51.8401435291317],[1.26064174788504,51.8386094298944],[1.25426991647006,51.8335547961835],[1.2392201293661,51.8216101101871],[1.23905919926711,51.8214823376181],[1.23876185276414,51.8212462529822],[1.23188653709781,51.8171694446532],[1.2317476630502,51.8171074689656],[1.23167725547691,51.8170760476881],[1.19603715873188,51.8011596131877],[1.18929290013936,51.7990811423981],[1.18556048904239,51.7979306222224],[1.17883593618467,51.7958573189598],[1.17278908955294,51.7936995188393],[1.16133253190603,51.7896075490258],[1.16124989437052,51.7895718533741],[1.15501743806996,51.7868793393647],[1.15482209759526,51.7867949380964],[1.15015247681164,51.784777140944],[1.12442757547838,51.7754534167844],[1.09456122734594,51.7719416339767],[1.04268242610963,51.7699096026894],[1.03300528671158,51.7783093821631],[1.02924384001904,51.7886911100181],[1.03220713373939,51.7862105826619],[1.03558979032212,51.7874741660574],[1.03628619829406,51.7848374147411],[1.04118065282149,51.7838768145011],[1.0370940856413,51.7854943860216],[1.0371519929749,51.7906069269002],[1.01761138042625,51.8006619301233],[1.02078223242157,51.8031518580599],[1.02976994835261,51.8003869151755],[1.04653396370251,51.8024575917201],[1.04443247163713,51.8031281444543],[1.06218273317232,51.8103822528971],[1.06743951014092,51.8204062201967],[1.06779725573519,51.8210882206679],[1.06328870592436,51.8205869648387],[1.05955593023872,51.8241846583549],[1.0610130942472,51.8221656279074],[1.06362611582679,51.818544568016],[1.06349717738911,51.8182810059345],[1.06023126455515,51.8116041228859],[1.0396735422232,51.8056005120152],[1.01060215931811,51.8056300588906],[0.993651915824556,51.8164150578131],[0.98268967275106,51.8311920821026],[0.988320549386931,51.836603352637],[0.989362382430021,51.8376043765841],[0.985494380295129,51.8387405776029],[0.984300987794018,51.8407191293835],[0.980418556453222,51.8471546575988],[0.971589799456425,51.8501122910558],[0.9665818665051,51.8516580476528],[0.966201093639065,51.8517755640249],[0.955468599013042,51.8541225852651],[0.957597254207333,51.8533218183963],[0.976016068634127,51.8463901882248],[0.977621955049513,51.8408885038181],[0.978421110744497,51.8381501557769],[0.97442280434507,51.8288167050851],[0.982322645310723,51.8173587210199],[0.966372556553522,51.8222809214898],[0.964056412032822,51.8290021229312],[0.952554470344666,51.8332857943404],[0.962939883940556,51.8282684785529],[0.964166441964546,51.8219930305421],[0.94923919813316,51.8246530236963],[0.943539748645469,51.8221642668495],[0.951213891332441,51.8233767137193],[0.966618462767479,51.8194425426985],[0.991238982819986,51.8071991994293],[0.969588925811234,51.8127326566151],[0.927476617217011,51.8075545536969],[0.925257909629833,51.8083096999287],[0.91989286791833,51.8079105305248],[0.92325920399176,51.8061674994241],[0.937152457903174,51.8058597735168],[0.925405185078919,51.8026999807827],[0.899600731313459,51.7887872740442],[0.90132167691746,51.7923262245868],[0.89859425915302,51.7901226391834],[0.897248327082882,51.7890351043713],[0.894753394092583,51.7910203673161],[0.894657630526799,51.7898230963302],[0.893427669898868,51.7744385625096],[0.87852787192688,51.7857473920404],[0.871228309094193,51.7842720122422],[0.872213411176291,51.7832064397121],[0.8561967911631,51.7874165086692],[0.859595177172243,51.7857518643482],[0.851548773574725,51.7862873375788],[0.841604084309049,51.7823046832207],[0.837467699678749,51.7842070106866],[0.843306602649899,51.7807643034907],[0.845883867908734,51.7813433693835],[0.844275613171458,51.7788323263122],[0.836965958327456,51.7795175956721],[0.834492339555267,51.7826873145258],[0.803929783067448,51.7897048770614],[0.805730513938476,51.7919481347957],[0.81592969540938,51.7892482610978],[0.808111738198418,51.7933185967582],[0.811854831388401,51.7991191293778],[0.779089305657155,51.8115632365277],[0.754230536428813,51.8009692410753],[0.718170980774375,51.7973632015271],[0.719036271027785,51.8051620289553],[0.713329937767756,51.8084596292734],[0.721663493700066,51.8100052513097],[0.708910752336947,51.8191240695842],[0.721331515289626,51.8302363199845],[0.711904453164611,51.8345307609428],[0.733193100446778,51.8419784817785],[0.735064209960124,51.8377420041681],[0.741589911175097,51.8396759486416],[0.733144185796442,51.8484620975496],[0.750344036819723,51.8536017279977],[0.745235520424586,51.8563854507381],[0.752925401206438,51.8631322436852],[0.747222251086716,51.8685998191859],[0.736606509444671,51.8716795200741],[0.730461405947583,51.8675533655172],[0.716402187271712,51.871262472766],[0.723499048893588,51.8739173918362],[0.718189980149534,51.8779422628107],[0.722757937093884,51.8787930638044],[0.711869258515407,51.8865453570212],[0.712526835299032,51.8929281040125],[0.699959211924351,51.8997255451959],[0.699474489591653,51.9033200273318],[0.707014988967074,51.9052298727231],[0.712805035772591,51.902222830255],[0.715094246875661,51.9049591465453],[0.722605204237174,51.9035875344503],[0.726228330517794,51.905840923579],[0.729012817442479,51.9080531345302],[0.722226089748524,51.9101755935314],[0.740141613324373,51.9316387623378],[0.740273303630481,51.9399948767525],[0.746920237719253,51.9453705740319],[0.74949145661935,51.9546898281908],[0.764050656575811,51.954324152656],[0.768509876452234,51.9619076089422],[0.777575785345801,51.9598849490738],[0.78147088096987,51.9665126022981],[0.785123015875692,51.9674945522787],[0.787161979658815,51.9631339289767],[0.807689041894357,51.9617642109983],[0.81231748424256,51.960935766884],[0.815203588520563,51.9669924863012],[0.821642596877846,51.9687188200961],[0.85024046739858,51.9607666732446],[0.85833101813553,51.9629653950429],[0.863093622858034,51.968271263572],[0.880005209399943,51.966456219603],[0.886565624124708,51.9684449746797],[0.889688298223126,51.9733863652736],[0.907672541783174,51.9729708522706],[0.925169083050365,51.9761941769253],[0.929336845992149,51.9714513674566],[0.942910913446747,51.9706907322682],[0.962589678676559,51.9771649291299],[0.964847953032109,51.9719970805983]]]]},"properties":{"FID":31,"SICBL26CD":"E38000117","SICBL26NM":"NHS Essex ICB - 06T","ICB26CD":"E54000066","ICB26NM":"NHS Essex Integrated Care Board","BNG_E":611296,"BNG_N":223685,"LONG":1.067965,"LAT":51.87171,"GlobalID":"ffaecce4-545f-4d68-ade1-fba175f01c27"}},{"type":"Feature","id":32,"geometry":{"type":"Polygon","coordinates":[[[0.0169324920882467,53.5257458292944],[0.0105156521153024,53.5214149702628],[-0.0147990902624589,53.515368432052],[-0.0195484588938997,53.5179752968172],[-0.0286390983618118,53.5173376824406],[-0.039689768075196,53.5131027670181],[-0.0466132777200157,53.5200986514013],[-0.0649384458495684,53.518806132253],[-0.0752618282669631,53.4893357227139],[-0.0954885183523047,53.4859889571839],[-0.0898036868388014,53.4776824585702],[-0.107864224019586,53.46989402975],[-0.0822089690253196,53.451150928425],[-0.120339336102072,53.4335996788032],[-0.122634899110579,53.4372553444901],[-0.13180745819181,53.4359374671364],[-0.134248064838093,53.4407382397876],[-0.144445671961529,53.4409501594236],[-0.149285426537789,53.446863298969],[-0.158545644357638,53.4616184880856],[-0.153709166521889,53.4657339873035],[-0.181801854863512,53.468711466553],[-0.188565408374543,53.4845380989616],[-0.210604930029191,53.486288388147],[-0.204086558840811,53.5117673786219],[-0.213624074858215,53.5263588417934],[-0.210589655813459,53.5317066872881],[-0.219819248115007,53.5326155804692],[-0.187493474285753,53.5635743468915],[-0.189609171037535,53.5662517804148],[-0.195185087631342,53.5716190467236],[-0.222650549905049,53.5680347743694],[-0.234659335369723,53.5862435304944],[-0.239084768120196,53.5881795590513],[-0.251395628769967,53.5846531535994],[-0.248494047971351,53.5936334418431],[-0.254493569791271,53.5924395891724],[-0.259349143254916,53.5969647819358],[-0.269704867214933,53.5985095230838],[-0.283002815041786,53.6044982482111],[-0.286961413924872,53.6118317101762],[-0.290418314948171,53.6106319808123],[-0.292115057436606,53.6132674104169],[-0.250958003829149,53.6229930989882],[-0.232616584513778,53.6240033666603],[-0.204766824689998,53.6382035571549],[-0.204635434798451,53.6380876400672],[-0.204422800569946,53.6379000446098],[-0.188797442454584,53.6311190130297],[-0.18805670461559,53.630538410152],[-0.187508776639827,53.6305595761497],[-0.186810326989124,53.6302563525193],[-0.177232620200985,53.6260974615749],[-0.175142430170526,53.624240681908],[-0.171194880887232,53.6234749076797],[-0.152837942198458,53.6154975267695],[-0.130433120542928,53.6013446872912],[-0.129335974577611,53.6006512828406],[-0.11153947625784,53.590049087168],[-0.0946292065298051,53.5817652801964],[-0.09431335795701,53.5816105500013],[-0.0932145186275363,53.5810722299436],[-0.0928209288271332,53.5813248643987],[-0.0922781112312654,53.5816712996173],[-0.0794577311451485,53.576930191082],[-0.0711407025595288,53.5823159882113],[-0.0698040014794085,53.5831813850764],[-0.0685643810431782,53.5830810757741],[-0.0602285028280816,53.5815780694896],[-0.0518683369436247,53.5766201317967],[-0.0509908770297739,53.5760709123742],[-0.0293595810422965,53.5625249774893],[-0.0282204995285429,53.5618113171278],[-0.0281401003252131,53.5617609441893],[-0.020185368079946,53.5553194539604],[-0.0201440909914824,53.5552859562099],[-0.0196679544300776,53.5548995497006],[0.00847716975022032,53.5351252627872],[0.00885275349766781,53.5348612140603],[0.0164201827845139,53.5263239355014],[0.0164658104036784,53.5262724489995],[0.0169324920882467,53.5257458292944]]]},"properties":{"FID":32,"SICBL26CD":"E38000119","SICBL26NM":"NHS Humber and North Yorkshire ICB - 03H","ICB26CD":"E54000051","ICB26NM":"NHS Humber and North Yorkshire Integrated Care Board","BNG_E":523465,"BNG_N":404567,"LONG":-0.139109,"LAT":53.5233,"GlobalID":"0cb3f393-d193-4d1d-bc6a-b822adaaa2da"}},{"type":"Feature","id":33,"geometry":{"type":"MultiPolygon","coordinates":[[[[-0.546408375512733,53.6899338455488],[-0.525117006207205,53.6852850299264],[-0.520604423154002,53.6856770201683],[-0.525238016129795,53.6831864217599],[-0.535830514281413,53.6812718207733],[-0.534320305553291,53.6833836982032],[-0.54357294197637,53.6828773037196],[-0.558599802283928,53.6894870633902],[-0.546408375512733,53.6899338455488]]],[[[-0.26641783041436,53.6953895730262],[-0.263924166660674,53.6914988362615],[-0.268172702696113,53.690052803857],[-0.262768615416126,53.6902101061826],[-0.237811836891949,53.6637002237522],[-0.237582178303332,53.6636998323129],[-0.237895867927804,53.6635946618857],[-0.237616350519802,53.663662432366],[-0.237855982165026,53.6635711523267],[-0.237214453548093,53.6637348791189],[-0.233942912772443,53.663924616149],[-0.233418079536936,53.663462270471],[-0.204766824689998,53.6382035571549],[-0.232616584513778,53.6240033666603],[-0.250958003829149,53.6229930989882],[-0.292115057436606,53.6132674104169],[-0.298237150924658,53.6125616448375],[-0.300930325449262,53.6163879986108],[-0.308555221907783,53.6143286604211],[-0.300743018588269,53.5952834782148],[-0.303517541684407,53.5908309176328],[-0.310867664508354,53.5901540944513],[-0.335828222631353,53.5586853877038],[-0.348658910314698,53.5595128871336],[-0.348030184859815,53.556082676334],[-0.356284538728564,53.5560544529765],[-0.417649051963393,53.5633152920764],[-0.429001026897759,53.5745246195816],[-0.439407601711962,53.570293169734],[-0.450706667317645,53.5579985206874],[-0.456852513962907,53.5593008061927],[-0.466410415367178,53.5554996251157],[-0.467018074459382,53.5489609735331],[-0.476482762452719,53.5458778588344],[-0.49090605215506,53.5458593131587],[-0.501229084101009,53.537461231335],[-0.430699990578816,53.5463241089677],[-0.421870776255254,53.5344337112875],[-0.413495110100342,53.5357038659059],[-0.408144930317813,53.532108727265],[-0.405057223738541,53.5175952369409],[-0.444028028197144,53.5093716853015],[-0.475871932745384,53.5089343497434],[-0.488388118009028,53.5048272051369],[-0.480686584765141,53.4962451754635],[-0.487771637065107,53.4877793444005],[-0.486576995642773,53.4804793550869],[-0.471749707110458,53.4748728374396],[-0.556966560831452,53.4590093285882],[-0.599479840769331,53.4564021287411],[-0.629752726719693,53.4582190218165],[-0.626705602433391,53.4618659677245],[-0.634806711144714,53.4695517338676],[-0.633950443787792,53.4854337138419],[-0.630134239137712,53.4859944215898],[-0.625687804232535,53.4955915253569],[-0.62821345406033,53.5067936772429],[-0.624481055436275,53.5128211607231],[-0.6757584016179,53.512509829449],[-0.687380836745643,53.5164321339805],[-0.701630119881934,53.5141696364974],[-0.739591688256343,53.519936012042],[-0.752113515004439,53.500530307512],[-0.76810981612354,53.4989259026447],[-0.77562389218036,53.4890250202165],[-0.771568387320011,53.4792016906679],[-0.78438890923529,53.4766691945822],[-0.784364750026447,53.4633798087032],[-0.797483545959022,53.4550643167458],[-0.872046123106417,53.4663604720024],[-0.873732279315474,53.4615256820275],[-0.916265386988433,53.4603031433949],[-0.920247180166508,53.4655069843764],[-0.900533859308088,53.4751555814916],[-0.935581687798874,53.5024987008447],[-0.932094372155208,53.5106718560401],[-0.950009321696709,53.5136572243877],[-0.943715960432126,53.5306432275003],[-0.898071096347464,53.5327596913978],[-0.892295399145003,53.5374668264864],[-0.901266038428807,53.5479084803596],[-0.900303034513187,53.5556586769946],[-0.890995092719466,53.5665590621202],[-0.901117589988992,53.5687243594428],[-0.897926453320605,53.5832773514215],[-0.886897031899396,53.6010268382083],[-0.886996123655924,53.6096873475926],[-0.865338703223255,53.6377082364208],[-0.848263912505967,53.6330367025473],[-0.829153051507333,53.6432357840436],[-0.805805582474241,53.6463556054468],[-0.801541892012569,53.6527264077318],[-0.788743396330516,53.6592097264982],[-0.772136015287184,53.6640752253721],[-0.774499499825807,53.6562093194374],[-0.753243251323521,53.6626989930128],[-0.758978292679779,53.6643666299852],[-0.746607519564478,53.6696122669125],[-0.723191056304625,53.6737290711524],[-0.72176788792076,53.6793602339779],[-0.702457731661357,53.6774914795964],[-0.704311583585888,53.6815092697707],[-0.694138256500247,53.6859920988413],[-0.696202468034578,53.6895874363059],[-0.694941995673697,53.6923245830239],[-0.691396226568171,53.6967767041701],[-0.611423103252438,53.7146028982699],[-0.584326412874844,53.6961816010528],[-0.586254450924243,53.6933387508275],[-0.583502854508105,53.6954024019616],[-0.548710346068903,53.679624634173],[-0.525538761492673,53.6779805078407],[-0.503401763243773,53.6808563955782],[-0.489952078208512,53.6891550458243],[-0.488635403495871,53.6899671909231],[-0.487115726996997,53.6906585346203],[-0.470491491336252,53.6982186739619],[-0.443008085268306,53.6954645098768],[-0.442545946999724,53.6973955879126],[-0.407983571254342,53.6985832788037],[-0.407884679517704,53.6985866663012],[-0.406520540017006,53.6986333849385],[-0.395161311122574,53.7000742212867],[-0.393535097452903,53.6968748624305],[-0.393341927914811,53.7003573390322],[-0.387650816742898,53.7021804716252],[-0.361556952959579,53.7038923592097],[-0.332440331720814,53.7113410163098],[-0.289364002000774,53.7131988201614],[-0.26641783041436,53.6953895730262]]]]},"properties":{"FID":33,"SICBL26CD":"E38000122","SICBL26NM":"NHS Humber and North Yorkshire ICB - 03K","ICB26CD":"E54000051","ICB26NM":"NHS Humber and North Yorkshire Integrated Care Board","BNG_E":497800,"BNG_N":410993,"LONG":-0.524076,"LAT":53.58643,"GlobalID":"69b8699f-3e41-4391-a667-bffdf574cb60"}},{"type":"Feature","id":34,"geometry":{"type":"Polygon","coordinates":[[[-1.77898143433986,53.0448442925565],[-1.79018956060783,53.0428950637547],[-1.79091592897028,53.0383136417775],[-1.79466008588238,53.0393361315253],[-1.79345209038392,53.0324000605485],[-1.78792043106027,53.0298995196553],[-1.79110608461126,53.0263790137057],[-1.78486498054064,53.0245837144046],[-1.79471372738901,53.0204285609059],[-1.79600020956737,53.0132084216468],[-1.81313880652983,53.0293871601673],[-1.8211447871871,53.0287401357454],[-1.83048213418159,53.032972469802],[-1.84508099635823,53.0303267470105],[-1.85603260988065,53.034097041616],[-1.87159526501031,53.0200324706935],[-1.88417695082028,53.0200551323354],[-1.88533808563749,53.0133106763504],[-1.87620574000949,53.0044681314047],[-1.88059510813547,52.9946024989538],[-1.86938240768513,52.9915541226516],[-1.86977118865947,52.9865843699944],[-1.85990878154603,52.9777694096744],[-1.86249337970277,52.974273814807],[-1.8709116007403,52.9744156319711],[-1.87996999191599,52.9699292401135],[-1.89920603771399,52.971643310459],[-1.90966832019599,52.9625463925041],[-1.91686876308573,52.965955708531],[-1.92545179725049,52.9631958456967],[-1.92803075374218,52.9597452164456],[-1.91739587344253,52.9573504667038],[-1.91780584083392,52.9518847454871],[-1.90354904077602,52.9460131671855],[-1.9101874962118,52.9398093666505],[-1.92689308505826,52.9412965873871],[-1.93436535546653,52.9316693353069],[-1.94050989909652,52.9314762926884],[-1.97111612841404,52.9407916750496],[-1.97740591767187,52.9345971175498],[-1.99365004795886,52.9339280885089],[-2.00420029072777,52.9277662614429],[-2.02589879069374,52.9248274645025],[-2.03388433066442,52.9224183888016],[-2.03496046787953,52.9178134122605],[-2.04152659342085,52.9174770527449],[-2.06304313237133,52.9224390469473],[-2.04626505603367,52.9368319114849],[-2.0499328642985,52.9393781064709],[-2.04303154143835,52.9513533470555],[-2.06888027313436,52.9629933166998],[-2.06844718095269,52.9683670256625],[-2.08812781483436,52.9738520359361],[-2.08410638128796,52.975194836235],[-2.07189629160123,52.9711970553034],[-2.06406481777031,52.9749861611186],[-2.06071364046537,52.9822506824657],[-2.05080974895427,52.9792277335679],[-2.04080751572875,52.9832986130265],[-2.03273114031591,52.9813177443623],[-2.03220598038737,52.984588919697],[-2.02983187678483,52.9819274973207],[-2.02015708382237,52.9836152060274],[-2.01619366312343,52.9874967930191],[-2.00881855701221,52.9869596090213],[-2.0229565239397,52.9962816429988],[-2.03566331753847,53.0151468712756],[-2.04789079837152,53.0166945404761],[-2.04403627004438,53.0212541125231],[-2.06610627611627,53.0254962232525],[-2.07377717033733,53.0214387642566],[-2.09382898455218,53.0211119010423],[-2.11234408042585,53.0171840869356],[-2.12313761209914,53.0209168359464],[-2.11880260817037,53.0264453260423],[-2.12916703327552,53.0356170692444],[-2.12650817599881,53.0401356994669],[-2.11040485854756,53.0419560118015],[-2.09635678163529,53.0336885303576],[-2.09129648114948,53.038065416547],[-2.08087682919393,53.0556577146666],[-2.08885315180053,53.063217587891],[-2.08631932055634,53.0668003760597],[-2.07863560360088,53.0678762986213],[-2.08228632736642,53.0712483762293],[-2.07609335377361,53.0817580883741],[-2.09461942214102,53.0817145381471],[-2.09877920532595,53.0848640600634],[-2.0949986836653,53.0882288018136],[-2.09782993040459,53.0937252958646],[-2.11294414389885,53.0939809309447],[-2.12753928618861,53.0986553359241],[-2.14896634682235,53.0961873542252],[-2.15776232499496,53.0924769878549],[-2.15881394986802,53.0954680844774],[-2.16977458319582,53.0967554316347],[-2.18177552901745,53.0893800697177],[-2.19861504194063,53.0927193447579],[-2.20137050851657,53.086699893094],[-2.21587894088379,53.0853099429677],[-2.23876132538136,53.0733388197731],[-2.23413976007346,53.0643929737172],[-2.22791745094558,53.0637305082934],[-2.20251728120765,53.0199603012829],[-2.21548623557194,53.0153046941102],[-2.21149665232052,53.0070348925428],[-2.21719090576262,53.0016364325553],[-2.21034569854604,52.9847790845021],[-2.20434031258919,52.9813983925525],[-2.21251369398955,52.9805793783633],[-2.23203569074539,52.9750398547979],[-2.25357475068977,52.9639311731263],[-2.26256567716204,52.9656898620817],[-2.2644037962892,52.9628493110131],[-2.27014685072797,52.9634782614603],[-2.27801975096391,52.9512470306894],[-2.27315258585894,52.941173299523],[-2.26326391459366,52.9339649257765],[-2.26411240992795,52.9236961431165],[-2.28547415043764,52.9266181417505],[-2.29641028372949,52.9319477967324],[-2.30205122003325,52.9300426794594],[-2.31991234647108,52.9324322176506],[-2.33285709977709,52.9281341314473],[-2.3473710791497,52.9141104611568],[-2.35791689354369,52.9185968149858],[-2.37917233638732,52.912886809677],[-2.38269916741081,52.8978963724437],[-2.37893842582711,52.8917191846812],[-2.38555426894047,52.8879887890494],[-2.4118579364999,52.8878902284906],[-2.42585072844947,52.8820022837921],[-2.44041122287413,52.8812277641956],[-2.44614158181501,52.8740086552586],[-2.45759406847572,52.8791044859667],[-2.45634627945152,52.8852338979985],[-2.46524376389752,52.8921620714199],[-2.47084047150186,52.9058599585304],[-2.46085446338271,52.9093830799052],[-2.45571310097371,52.9155006702377],[-2.45677450513822,52.9243594070213],[-2.44688191867951,52.9286279794437],[-2.43712284676717,52.9435989707171],[-2.42526957176988,52.9499984066735],[-2.40560307480185,52.9472940365137],[-2.40717508848257,52.9578779465679],[-2.41289886950827,52.9617405092815],[-2.39915316508161,52.9606312613816],[-2.39376657105225,52.9505790722649],[-2.38620832125146,52.9532173204561],[-2.38475061013679,52.9598220665661],[-2.37713198277168,52.9649668956073],[-2.38283202189149,52.9706580420564],[-2.37976411778626,52.9759967304059],[-2.37629532607958,52.9747897203146],[-2.36873445002889,52.9793681560713],[-2.37978231433637,52.9909999284466],[-2.37664671184867,52.9977178762133],[-2.38079398366022,52.9984110990241],[-2.38304501146748,53.0077869471043],[-2.3704676479142,53.0145759333275],[-2.38422743656796,53.0261676625074],[-2.37978543479535,53.0275915369553],[-2.38617091880049,53.0335642107988],[-2.38124844980282,53.0525514843359],[-2.35757913094281,53.0547189156173],[-2.35373532856703,53.0588488463924],[-2.34758551740231,53.0561702596147],[-2.33051501889263,53.0708605739692],[-2.32900923930644,53.0765798833521],[-2.3180509009063,53.0813587366698],[-2.30339656449269,53.0829613566576],[-2.29337575431895,53.0783263622511],[-2.27765233036128,53.0812235389968],[-2.27710576364536,53.0859055584657],[-2.2571257487357,53.0900164088218],[-2.25324856182196,53.0939771156228],[-2.24652136924321,53.0902106123872],[-2.23795123250351,53.1010467333326],[-2.22295423965356,53.1038818224447],[-2.22243081772057,53.107620797815],[-2.177518036919,53.1448220162821],[-2.15954327197103,53.1529062350046],[-2.1556450020776,53.1596189356195],[-2.14141178460025,53.1566524494107],[-2.14486590886018,53.1737677819925],[-2.14043890732325,53.1838127981008],[-2.1338266674457,53.1830654074155],[-2.1293029967111,53.1754515493815],[-2.11954130252702,53.1746339853953],[-2.1120765326828,53.1686596735431],[-2.10173595674464,53.1689046876437],[-2.09287288180719,53.1729156994865],[-2.08723640402899,53.1698538971589],[-2.07023248914642,53.1716860611765],[-2.06814425515599,53.1746997439115],[-2.05772695638239,53.1766261418394],[-2.05921495129989,53.1809007754525],[-2.05228929487348,53.1839591796044],[-2.05502621631628,53.1864276070363],[-2.04652710273255,53.1926479017606],[-2.02855545294237,53.1933534419009],[-2.01817950845957,53.1890529792948],[-2.00020203019903,53.1937376748735],[-1.98740744875066,53.2135856599163],[-1.96236483482562,53.2262416458225],[-1.95670740665642,53.2137474763872],[-1.93769324193778,53.2117783689953],[-1.90804424468585,53.1985400524221],[-1.89058836745282,53.1993917209434],[-1.87402442001012,53.1953806781274],[-1.83206903707898,53.1728276257441],[-1.81202512125932,53.1527436301007],[-1.82143935932494,53.1358092302024],[-1.81163346208683,53.1318001770145],[-1.80965135533571,53.1237996630237],[-1.80056459972406,53.1148584607018],[-1.78698740781704,53.1086991706373],[-1.78372518218229,53.1028276571446],[-1.7830531345241,53.0931087550731],[-1.79216176093939,53.0915822496219],[-1.79423981365869,53.0883941734386],[-1.78860459004379,53.080905001613],[-1.79135544606685,53.0782000745018],[-1.78563459046302,53.0631043956361],[-1.77565257922459,53.0593546251746],[-1.78414524444924,53.0547079442343],[-1.77898143433986,53.0448442925565]]]},"properties":{"FID":34,"SICBL26CD":"E38000126","SICBL26NM":"NHS Staffordshire and Stoke-on-Trent ICB - 05G","ICB26CD":"E54000010","ICB26NM":"NHS Staffordshire and Stoke-on-Trent Integrated Care Board","BNG_E":404503,"BNG_N":350364,"LONG":-1.934273,"LAT":53.05054,"GlobalID":"2a8403d9-fec1-41e5-8af3-6cae0e6438a2"}},{"type":"Feature","id":35,"geometry":{"type":"Polygon","coordinates":[[[-1.53061245363505,54.9840922673047],[-1.53369940360204,54.9857498877937],[-1.5399856741501,54.9833188269866],[-1.54044234389126,54.9898911746536],[-1.54578146549611,54.9890249635293],[-1.54791702321342,54.9926211377452],[-1.55235357874222,54.9897319245664],[-1.55635818052312,54.993371044457],[-1.56298099537196,54.9923176993387],[-1.55850418337799,55.0055435413317],[-1.57198082414227,55.0039229292857],[-1.57921447202475,55.0097920036016],[-1.60047040515038,55.0097483721933],[-1.59444919087151,55.0235077828782],[-1.58738231185854,55.0257780219213],[-1.59175250846886,55.0394711244725],[-1.61658877107195,55.0412937866668],[-1.6223963976782,55.0389559446701],[-1.63850810016467,55.0415511243887],[-1.63878921231162,55.0454244038032],[-1.63223917713443,55.0482382513731],[-1.63788944878746,55.0647694202948],[-1.62126831445099,55.0664575891684],[-1.57853967029571,55.063081196621],[-1.57508023905987,55.0556198188939],[-1.55704079660144,55.0541779786505],[-1.53986832264514,55.0615905059369],[-1.53233968519814,55.0541495184426],[-1.51028402235811,55.0550090472159],[-1.50863190542119,55.0480202926891],[-1.49257779233125,55.0544135654704],[-1.48781432992574,55.0535919718092],[-1.49232845382851,55.0660584701542],[-1.47964453657453,55.067209223001],[-1.47071713936462,55.0744859501636],[-1.46198495640968,55.0745722153136],[-1.46177203661591,55.0743210198694],[-1.45614584449036,55.0720128759486],[-1.45618534920917,55.0708710126332],[-1.45586391232777,55.071077609626],[-1.45591672367542,55.0708337066906],[-1.45414277913942,55.0711909838071],[-1.45138733347301,55.0700602645496],[-1.45509757044996,55.0641398433346],[-1.45043742059614,55.0536537536165],[-1.45039944168,55.053609674463],[-1.45033894339022,55.0535394583019],[-1.44583446703078,55.0483106580945],[-1.43627916359089,55.0412954313514],[-1.43065036362879,55.0371614378645],[-1.43058201383034,55.0365634116335],[-1.43049295200059,55.0357841385762],[-1.43068183688857,55.035622037935],[-1.43046194256975,55.0355128047664],[-1.43037256521577,55.0347307227433],[-1.43070202993676,55.0343099106593],[-1.43040278285954,55.0342256774521],[-1.43058336173892,55.0340721224815],[-1.43028868100339,55.0339966852769],[-1.42988923278935,55.0305009088878],[-1.42971474880145,55.0303008199685],[-1.42967466516539,55.0302548533058],[-1.41971687433161,55.0188320097026],[-1.41577057796182,55.0178220087228],[-1.41461761890244,55.0168678254373],[-1.41426078735057,55.016590337178],[-1.40352484824056,55.0146695654291],[-1.40518162006587,55.0148989099677],[-1.41611532889245,55.0166172234624],[-1.41614903392702,55.0165093440475],[-1.41726451801609,55.0166770999475],[-1.41687052737513,55.0150248641541],[-1.41690452560967,55.0143919045364],[-1.42984008205754,55.0132284991455],[-1.43088379144816,55.0115561615986],[-1.43252791855014,55.0089214676074],[-1.44105356407592,55.0068568562689],[-1.45079930939627,54.9965575795144],[-1.45103317019466,54.9963103617693],[-1.44871573894722,54.9930693393557],[-1.45650552441973,54.9885661971359],[-1.47181447709831,54.9891619582219],[-1.47027380449726,54.9910405992356],[-1.48197690420807,54.9882242929741],[-1.48391691700499,54.9882540931157],[-1.50178137504528,54.9885270248885],[-1.50298523827274,54.9891965785231],[-1.50263074736771,54.9884877312589],[-1.5027405158318,54.9884831187848],[-1.51951300024009,54.9877772211053],[-1.53061245363505,54.9840922673047]]]},"properties":{"FID":35,"SICBL26CD":"E38000127","SICBL26NM":"NHS North East and North Cumbria ICB - 99C","ICB26CD":"E54000050","ICB26NM":"NHS North East and North Cumbria Integrated Care Board","BNG_E":431485,"BNG_N":570602,"LONG":-1.509011,"LAT":55.02896,"GlobalID":"ced6a370-a510-43c4-bc70-58a1903d71e1"}},{"type":"Feature","id":36,"geometry":{"type":"MultiPolygon","coordinates":[[[[-1.65500818957618,55.6173834569729],[-1.65513035846439,55.6166538114573],[-1.65834778644732,55.6169154716109],[-1.65567461406693,55.6173322545357],[-1.65500818957618,55.6173834569729]]],[[[-1.85965653744917,55.6978381652239],[-1.81377740778336,55.6867635176583],[-1.8012101911041,55.6893115830555],[-1.7973861714577,55.6872235093376],[-1.79246987708205,55.6887508847375],[-1.78937072533162,55.6850365255971],[-1.77921132996832,55.6856261067366],[-1.77914624146462,55.6821705988056],[-1.78106113095204,55.6768123631687],[-1.78060033774368,55.6757763654949],[-1.77895349201677,55.6719303211818],[-1.77887451590651,55.6677306658771],[-1.79323177239199,55.6706021645343],[-1.79492523330286,55.6681089329071],[-1.80243892207114,55.6682838297306],[-1.80607507016145,55.6781813733908],[-1.8155911616325,55.6824100040443],[-1.83101448696504,55.6834303954622],[-1.84239488379665,55.6787148465463],[-1.85531779959983,55.6806939736381],[-1.85796983021727,55.6918600293923],[-1.86506516488905,55.6957954086827],[-1.85965653744917,55.6978381652239]]],[[[-2.03117086683748,55.804230056814],[-2.01259406724471,55.7933303987033],[-2.01294006547302,55.7916115625028],[-2.01084890949263,55.7911604493986],[-2.00420322412863,55.7884042759992],[-2.00157806906484,55.7868627180578],[-1.9999867028264,55.7859281402617],[-1.99201935598906,55.7673298424387],[-1.98837078885294,55.7661224563164],[-1.98839159216096,55.765808428884],[-1.9871641045456,55.765723099551],[-1.98446318106302,55.7648083665409],[-1.99159962805213,55.7663495689058],[-2.00157808425854,55.7656642356208],[-2.00420610049215,55.7654836012585],[-2.00970854735837,55.7695640282135],[-2.01030370840474,55.7700053137703],[-2.01072461940087,55.7703173927454],[-2.01307047327734,55.7720565711898],[-2.013110177276,55.772086005259],[-2.01327575237076,55.7722087515821],[-2.01656895791342,55.7746499081077],[-2.02932441017098,55.7714791248558],[-2.02997815341848,55.7713165657046],[-2.0320398891072,55.7708038637323],[-2.03211553219876,55.7707850526329],[-2.03886781450395,55.7691055824564],[-2.04049112438117,55.7606394043495],[-2.0415579327934,55.7601290341868],[-2.04195767432781,55.759937788756],[-2.04603502788312,55.7579869060294],[-2.03813865390427,55.7601226382904],[-2.03165299642724,55.7697554827039],[-2.02561583809455,55.7711865509275],[-2.02518764431678,55.7712880359508],[-2.02523520714185,55.7708729145736],[-2.02593164723941,55.7705334330904],[-2.02940813023036,55.7688386609401],[-2.02658214463278,55.7691880773205],[-2.02537447140924,55.7693373772728],[-2.01342114865745,55.7712584686963],[-2.00374198440676,55.761768349998],[-2.00157800709227,55.7616918225878],[-1.99256972269135,55.7613728456021],[-1.98351155071485,55.7512370816532],[-1.98327133773075,55.7509682109994],[-1.96668320135369,55.7404713222266],[-1.96276732764856,55.7373502379238],[-1.96077232432745,55.733266247536],[-1.94021817347284,55.7227441137198],[-1.93948077146445,55.7222219257991],[-1.93854652725963,55.721887958537],[-1.9192154318836,55.711982915758],[-1.86934637266556,55.6961632255218],[-1.87659114012691,55.693227531371],[-1.87416439077603,55.6841048390936],[-1.8844765519817,55.6848180926649],[-1.87324686228725,55.6827839674129],[-1.86855286206275,55.6729122661557],[-1.86618443370883,55.6659258268172],[-1.87002498158312,55.6659138119563],[-1.84904406564207,55.6534366977095],[-1.84709163218285,55.6522750207885],[-1.84104956115715,55.6456588402129],[-1.84671116664888,55.6467037650248],[-1.84046532682522,55.6431666234087],[-1.83901677850136,55.6423461443414],[-1.813186225269,55.6337046363593],[-1.80217017470921,55.6361142895337],[-1.79380340943885,55.6481144436823],[-1.79181932470192,55.653352921343],[-1.79528260101794,55.6577937786204],[-1.79171607356388,55.6581202333894],[-1.78719912513306,55.655508659398],[-1.78712578313762,55.6533448076388],[-1.78396271545148,55.6441037000416],[-1.75451777297921,55.6233974406879],[-1.77182776717116,55.6173494133884],[-1.78633189999702,55.616004377776],[-1.77836998984013,55.6146165025657],[-1.76908790141066,55.602968171683],[-1.7423378637719,55.6185622134771],[-1.72701452409368,55.6171782664536],[-1.72153438324308,55.6159358726411],[-1.71649804650053,55.612291748198],[-1.69201921769641,55.6061584382384],[-1.68417719068592,55.6003780933364],[-1.66483165772922,55.586109483639],[-1.64905366391383,55.5838208537404],[-1.65286686232257,55.5828998489162],[-1.63942865021283,55.5782306221485],[-1.65216369148104,55.5712558786831],[-1.645663885044,55.5741764979448],[-1.63327238003529,55.5596654531553],[-1.626519839178,55.5576756003665],[-1.62813946716428,55.5543721643789],[-1.61894770179467,55.5521835852126],[-1.63238167130301,55.5502615929949],[-1.63811327634802,55.5409070046479],[-1.63665477457996,55.5393042613175],[-1.6262079400566,55.5278194797594],[-1.61848967442918,55.526385926434],[-1.61893360932282,55.5233154744966],[-1.61903344253339,55.5225599216586],[-1.61059329382314,55.5217182712206],[-1.61870251278091,55.514503541266],[-1.61361694757434,55.5093911022615],[-1.61386065131349,55.5052266168644],[-1.61410387463049,55.5051494221531],[-1.61405615528785,55.5047474506087],[-1.61448640996179,55.5045819606365],[-1.61398307284946,55.5031342896549],[-1.61427439421224,55.4981543191088],[-1.60897995282778,55.4962150731515],[-1.60835356877563,55.495658314122],[-1.60656514650407,55.4953304390662],[-1.59548925868755,55.4912718324346],[-1.59344955642646,55.4918040411234],[-1.59115047822871,55.4922592104836],[-1.59335516861687,55.4731509458376],[-1.59336136983387,55.4730971692803],[-1.58860726220993,55.4619682641858],[-1.59304491423065,55.4570285756012],[-1.58633026733719,55.4466458486354],[-1.59334536153846,55.4402349545991],[-1.58731606064409,55.4342574001338],[-1.57535748675576,55.4308801283539],[-1.58182860303318,55.4181251427935],[-1.57884615580075,55.4088976094158],[-1.59129239771472,55.4033516565929],[-1.59259864215853,55.4027694406665],[-1.5966817597506,55.3947185156199],[-1.61142133180323,55.3851680059346],[-1.62127361287514,55.3883061183847],[-1.61736398159784,55.389256305278],[-1.6178287390497,55.3904995605264],[-1.62359074771146,55.3918140444403],[-1.62347066395297,55.3894918057877],[-1.61464468376904,55.379928842407],[-1.6137888227813,55.3843632159102],[-1.60848651940798,55.3839464939471],[-1.60605951485748,55.3738739879528],[-1.60590092740421,55.3736142561068],[-1.60581645001725,55.373475900011],[-1.59891536850539,55.362169906049],[-1.59821776784856,55.3603289884719],[-1.59685526128323,55.3587935418502],[-1.58855938471082,55.3452211408888],[-1.58184041139057,55.3394793784576],[-1.5712994477519,55.3396507028066],[-1.57123383009138,55.3396231401905],[-1.58200522710671,55.3375992381903],[-1.58289817676221,55.3380068153507],[-1.5881233235311,55.340391476636],[-1.59444878211834,55.3432752804332],[-1.5941215401279,55.3426329770339],[-1.59407298134931,55.3425461288464],[-1.59243817480818,55.3396220524809],[-1.58534274507226,55.3362656898467],[-1.58496661380949,55.3360877411603],[-1.58468035178721,55.3359523069685],[-1.58395716008295,55.3356101484702],[-1.57368950448152,55.3362532060343],[-1.57075781199199,55.3389907335638],[-1.57021497815202,55.3353820288983],[-1.54939419416243,55.3217234425153],[-1.54977934428435,55.3113634819305],[-1.55491999143316,55.3087550084158],[-1.55786123115581,55.3072623090892],[-1.56876503686939,55.2933564322839],[-1.56995760796806,55.2918348537995],[-1.57313557886025,55.2753482547148],[-1.57220646357343,55.2754034707335],[-1.57091013191127,55.2754511934118],[-1.55436756973493,55.247300682691],[-1.55242035446618,55.2459484817785],[-1.52545077234589,55.2272074742912],[-1.52886468665355,55.2212783806206],[-1.52592167281391,55.2172949591054],[-1.52692124055698,55.2160758706033],[-1.52689465570807,55.2160421418481],[-1.52217304794505,55.2098441767037],[-1.5198474848565,55.2077441910421],[-1.51912153401704,55.2068891760973],[-1.51236526665455,55.2009849381343],[-1.51052182180648,55.1991262691545],[-1.50863920872287,55.1985283246625],[-1.50217636867266,55.19584864373],[-1.50511039175201,55.192596907476],[-1.49902381488852,55.1854382095119],[-1.51171479561292,55.1836538483443],[-1.51182109174639,55.1830318013791],[-1.51302254922544,55.1809818688009],[-1.51438014837007,55.1787154434013],[-1.51437639026504,55.1786716691055],[-1.51272273185521,55.1777546775961],[-1.51322303489825,55.1748258909405],[-1.51394059026649,55.1740880430242],[-1.52000502262644,55.1705546702599],[-1.52069822933981,55.1671377618929],[-1.52507761098866,55.1626320444064],[-1.53799522675709,55.1623433981817],[-1.53822452265739,55.1623371498898],[-1.53941205777127,55.1618366375081],[-1.539715377093,55.16170879298],[-1.54007499767794,55.1615572169786],[-1.52493482293934,55.1605144043841],[-1.51941147033663,55.149795645886],[-1.51932136795006,55.1491544866612],[-1.51879034083231,55.1485898945674],[-1.51616610230403,55.1434948193477],[-1.51029019249345,55.1388286782018],[-1.50549786596653,55.1342338285402],[-1.50353920579712,55.1334659349591],[-1.4986686100033,55.1295957437051],[-1.4912912844457,55.1214984237742],[-1.49097954606709,55.1207567802998],[-1.49864059710304,55.128450819204],[-1.50413175061294,55.1305535108035],[-1.52194010728981,55.1435750633959],[-1.52003452468043,55.1388131518742],[-1.52252812776008,55.141718232879],[-1.5332368336357,55.1390575953582],[-1.55814388154088,55.1469230900182],[-1.53398133516483,55.1376280676367],[-1.54956560337677,55.1350184170495],[-1.55392473753194,55.1342880452847],[-1.55803830921347,55.1344832522131],[-1.56112028263862,55.134629413442],[-1.56316299117922,55.1342164795435],[-1.56339980151211,55.1341686052715],[-1.56400451929265,55.1340463525098],[-1.56513821073327,55.1338171479129],[-1.56452970099685,55.133791388586],[-1.56438773008721,55.133785378111],[-1.55620255179945,55.133438573904],[-1.55245825943956,55.1332797440928],[-1.54881559071767,55.1343902880243],[-1.54838978135126,55.1345200940463],[-1.54804601555572,55.1344894104077],[-1.54249821983897,55.1339940849956],[-1.54383834091777,55.1322836478126],[-1.53523023020457,55.1349761838945],[-1.53476293716278,55.1351223212322],[-1.52764470512425,55.1371750886715],[-1.51582727070345,55.1340384582414],[-1.51446685519691,55.1336772656987],[-1.50515442836453,55.129628185536],[-1.50506531730511,55.1295894325666],[-1.50460876254343,55.129390880192],[-1.50256436906632,55.1286993432007],[-1.50030938028039,55.1279364942109],[-1.49729088854969,55.1251609046608],[-1.49732278332939,55.1246369210829],[-1.49733424248317,55.1244486579621],[-1.49774133397215,55.117759470699],[-1.49543992772456,55.1220917341836],[-1.49100311325067,55.1179256779045],[-1.49114439526733,55.1178391047802],[-1.49231182010849,55.1181882897686],[-1.49144340340633,55.117655881482],[-1.491943238549,55.1173495916094],[-1.49467927791243,55.1183746986379],[-1.49709869749783,55.1147513448803],[-1.49802104241316,55.1133698460943],[-1.49848843883248,55.1126432858007],[-1.49457030005263,55.1023998583529],[-1.49418964096372,55.1020761615772],[-1.49415272747069,55.1020447723115],[-1.48215108673841,55.0918357343357],[-1.47689752513594,55.0871681245493],[-1.47662942810484,55.0871365957843],[-1.47373682480152,55.0846743494031],[-1.47120079124032,55.0854412432649],[-1.46926521104854,55.0831590144948],[-1.46932231269376,55.0814930672983],[-1.46853451047117,55.0811870117537],[-1.46837575820361,55.0802918050465],[-1.46640377420707,55.0797845699675],[-1.46201931294635,55.0746127467075],[-1.46198495640968,55.0745722153136],[-1.47071713936462,55.0744859501636],[-1.47964453657453,55.067209223001],[-1.49232845382851,55.0660584701542],[-1.48781432992574,55.0535919718092],[-1.49257779233125,55.0544135654704],[-1.50863190542119,55.0480202926891],[-1.51028402235811,55.0550090472159],[-1.53233968519814,55.0541495184426],[-1.53986832264514,55.0615905059369],[-1.55704079660144,55.0541779786505],[-1.57508023905987,55.0556198188939],[-1.57853967029571,55.063081196621],[-1.62126831445099,55.0664575891684],[-1.63788944878746,55.0647694202948],[-1.647681147558,55.0793889761866],[-1.69111809858004,55.0728257216436],[-1.69133808760958,55.0697263586175],[-1.7046128170398,55.0709328870874],[-1.70410690041301,55.0658276158532],[-1.71375962455652,55.0654793636102],[-1.71054032237842,55.0527503953954],[-1.69792662568659,55.0523789707855],[-1.69491597217583,55.0428935396766],[-1.70865348359989,55.0422603423397],[-1.71694343175008,55.038625583491],[-1.71444797292382,55.0340237486289],[-1.72692351863552,55.0331521898368],[-1.73932119155586,55.0295953796167],[-1.74003263045586,55.0245810822363],[-1.75024514100856,55.024020687999],[-1.75105827090349,55.0156141937945],[-1.75634426250947,55.0159438189908],[-1.75667590271924,55.0023166202715],[-1.77381372687445,55.0039693352684],[-1.77568508887337,54.9896302813223],[-1.77006362732713,54.9814294197121],[-1.78497172937048,54.9845241647276],[-1.78175765213265,54.9834895134735],[-1.77906210918424,54.9826218494134],[-1.78834991198852,54.9842559156126],[-1.81281265767518,54.9763218978223],[-1.81552480401859,54.9672935189635],[-1.82449281774004,54.9624412815496],[-1.82299828175156,54.9557532927936],[-1.83369023385449,54.9533134622619],[-1.83107818116093,54.9443298467206],[-1.82485722865181,54.9403187547123],[-1.82695148278576,54.930225674048],[-1.84115505954423,54.9297221778049],[-1.85272134451354,54.9174135389548],[-1.82672106102874,54.9101319462286],[-1.82101368161582,54.9056617161255],[-1.82769665069142,54.9054935793563],[-1.83468644796902,54.8990257837324],[-1.84544925773402,54.8969028790869],[-1.84747577902911,54.8897820662765],[-1.85443673745078,54.8911846102789],[-1.85090894309881,54.8847331840659],[-1.860049154803,54.8780335655271],[-1.86127867864257,54.8664302784902],[-1.86967114142366,54.8615578228292],[-1.86660201203123,54.8553360895726],[-1.870104116097,54.8508655248124],[-1.88750001994356,54.8436105625902],[-1.8967214735411,54.8458860443552],[-1.91404372327442,54.8395287988846],[-1.9137649822879,54.8339969961585],[-1.92075497700489,54.8379916346392],[-1.91813711565638,54.8407734037225],[-1.92707679168722,54.8411969177478],[-1.92097697334195,54.8424523286763],[-1.92131818368748,54.8484716292173],[-1.93183789651012,54.850904861468],[-1.93268127084227,54.8541876066628],[-1.93773437313006,54.8518167924822],[-1.94905763707639,54.8529673109771],[-1.97246368547309,54.8602433628197],[-1.97476719982913,54.862063826115],[-1.97069331996302,54.8634889514531],[-1.98023631241388,54.8681839123994],[-2.00096649214272,54.8696675897525],[-2.02621039853968,54.8588142497147],[-2.03975671494728,54.8482914370313],[-2.06789299881208,54.8447999042538],[-2.08247542510929,54.8382222863879],[-2.09772564066603,54.8367629259246],[-2.10391888459742,54.840244429948],[-2.13978939738692,54.8418702394762],[-2.14313050249929,54.8269590468601],[-2.16426561982296,54.815827026453],[-2.16947004674718,54.8036101764382],[-2.17741740867756,54.8068210210179],[-2.19860052461459,54.8067365975196],[-2.21890649074879,54.7823773905011],[-2.23406505001384,54.7841653409153],[-2.23552049871841,54.786797255071],[-2.24866315934411,54.7879599694847],[-2.28267855297701,54.798251881778],[-2.292986756402,54.7931651838097],[-2.31208958046593,54.7910148408926],[-2.32328424453606,54.7950090587777],[-2.32739740262511,54.8053377459037],[-2.34842861249769,54.8070791610398],[-2.36983071535912,54.8209667429639],[-2.37266971004419,54.8273792274979],[-2.3899853564479,54.8321551538147],[-2.4016229081803,54.8514840704729],[-2.41162387643033,54.8564308562693],[-2.42269074419719,54.8428333137349],[-2.45221838999206,54.8320308434986],[-2.46059320790734,54.8341706258904],[-2.48199193670451,54.8168920888939],[-2.4964913391021,54.8099920788299],[-2.53180560131833,54.806207294919],[-2.56784846824913,54.8235748589752],[-2.58267105113602,54.8458669343168],[-2.57335229200006,54.8535461749516],[-2.59024697959068,54.8737837930078],[-2.60539228560373,54.8846621313658],[-2.57641408585527,54.8967173540341],[-2.56756548936455,54.9090028984011],[-2.56622131471397,54.9192378290263],[-2.5452725191203,54.9291718672718],[-2.55142130637806,54.9294193465034],[-2.56764966570152,54.9408559896609],[-2.57128531086655,54.9483701426004],[-2.56849142932329,54.9583618859183],[-2.59556880264086,54.9634807332772],[-2.60136164264861,54.9713174014529],[-2.60034563871584,54.9736622117059],[-2.59159181908673,54.9741510750736],[-2.5866295896291,54.9820341198104],[-2.5792370411249,54.9828929435531],[-2.5733107667702,54.9876376601678],[-2.56771355856967,55.0027472284686],[-2.57418082949167,55.0037002841601],[-2.57024185563917,55.0065062144588],[-2.57365338685657,55.0067266092926],[-2.57285167751498,55.0163983763924],[-2.55261929895801,55.0210418094159],[-2.53957221880075,55.0288767662551],[-2.52762190788328,55.0290999374101],[-2.52691242808644,55.0329399114618],[-2.51229820996465,55.0338393590668],[-2.5093622205917,55.0363453298167],[-2.50447996327309,55.0331905572465],[-2.50525722745848,55.0368701550504],[-2.48305010868891,55.040018877131],[-2.48295623519211,55.0437008629377],[-2.4943414577758,55.0507148177197],[-2.49075235666215,55.0545259566232],[-2.49470626706904,55.0531305841786],[-2.50067734345045,55.0565736511563],[-2.49995926856711,55.0620367528082],[-2.50398509080588,55.062431371235],[-2.49219970404776,55.0681536180158],[-2.50123423930272,55.0752246863174],[-2.49465378851065,55.0818636007125],[-2.48608626906919,55.0824436388376],[-2.50257432032482,55.0907587098232],[-2.5164674067356,55.0891156887104],[-2.51780109507648,55.0850337528196],[-2.53047073037461,55.085186982984],[-2.53225713118058,55.0827608210457],[-2.54576616748903,55.0837776191465],[-2.55095994966957,55.0808831790291],[-2.5621362337247,55.0834621663041],[-2.55829470338678,55.0888102894458],[-2.56670552843396,55.0919659004393],[-2.56842593250885,55.0962616229172],[-2.58077998969607,55.0956079744109],[-2.58338758593144,55.1017262146918],[-2.59353955476063,55.1050963138956],[-2.59343634412368,55.1128326454807],[-2.60047088105337,55.1171619796517],[-2.59890285415831,55.1245755764472],[-2.62127350542276,55.1292162437165],[-2.63263859521607,55.1277570860379],[-2.65693948151137,55.136132077052],[-2.66162475587836,55.1463648614285],[-2.66857835302583,55.1473109132912],[-2.67732425506648,55.1554876119627],[-2.68325404773807,55.1666303627813],[-2.674555571459,55.1758912590741],[-2.68979029151321,55.1889842276589],[-2.66680481363034,55.2215901457809],[-2.64807007832041,55.21986702253],[-2.63184918323873,55.2236053112053],[-2.63580574912157,55.2297660384789],[-2.63024023810228,55.2448565524249],[-2.6114511103051,55.2471346607995],[-2.62708529552795,55.2503561042064],[-2.64698395647102,55.2599169914576],[-2.62671655777974,55.2622231501433],[-2.628190573412,55.2679327343989],[-2.60923724470791,55.2832638225185],[-2.57335831503397,55.2969278561721],[-2.57370415749245,55.3007859971047],[-2.55722592417925,55.3114914921355],[-2.55899096223546,55.3179027097333],[-2.55042857501629,55.3158178092704],[-2.53076849391751,55.3227089130553],[-2.52026948603462,55.3230472779388],[-2.49096832336831,55.3503965800752],[-2.4753276250236,55.3547596837405],[-2.46753528328512,55.352765607885],[-2.44454062756885,55.3592097430482],[-2.42926076814506,55.3564420668357],[-2.41499641163228,55.3589217483447],[-2.40085626943531,55.3534871606387],[-2.39968593857515,55.3483001233987],[-2.37891967708761,55.3492372666692],[-2.37289444263291,55.3550526297701],[-2.33753942126331,55.367285004986],[-2.34623293912609,55.3730609130839],[-2.33006947973166,55.3811723372122],[-2.33474276206094,55.3830488062759],[-2.33563303566391,55.3926574063354],[-2.34494681145577,55.3993135343691],[-2.33347590014315,55.4024852315186],[-2.33562914456026,55.4082080454873],[-2.33236631272885,55.4099109566454],[-2.31326690292313,55.4068273068806],[-2.31255948730289,55.4098546610788],[-2.29608048922051,55.4148229297793],[-2.29451342575086,55.4204651387375],[-2.27389431476966,55.4260028983265],[-2.2706678291009,55.4295917221689],[-2.2623048979358,55.4285602817758],[-2.2606249284883,55.4330068768379],[-2.24254369932121,55.4321462151998],[-2.23128254212577,55.4284296951541],[-2.19490265984646,55.4445561964285],[-2.18807798845797,55.4621153391272],[-2.16553267086482,55.4683717012689],[-2.17377044029099,55.4722613918249],[-2.20133569621735,55.4752673394483],[-2.20634601611386,55.48132156258],[-2.20264932826513,55.4895411680983],[-2.21941973331957,55.5057006751656],[-2.22898792714454,55.5097989743684],[-2.22430765703325,55.5227553131777],[-2.22758949641988,55.5283861185584],[-2.23323518170841,55.5296188437662],[-2.23232769542295,55.5449444346564],[-2.24030221352876,55.5556155328381],[-2.24781501225876,55.5566924840982],[-2.28944913167926,55.5809855430343],[-2.29235951159166,55.585948488661],[-2.28604682780781,55.5965243269062],[-2.28924514304842,55.6037616488253],[-2.29521729606442,55.6086329169301],[-2.30728620278007,55.6111041419022],[-2.31609408702165,55.6204584502112],[-2.30900448049497,55.6224596914052],[-2.30862358571941,55.6287810014174],[-2.32431047260695,55.6261660733968],[-2.33608195387319,55.6324664888862],[-2.32643016192353,55.6368331129388],[-2.32488481176053,55.6431303987951],[-2.30564058213617,55.6470667939585],[-2.279283639234,55.6427861131649],[-2.25571228205345,55.6445197125795],[-2.24560941605121,55.6395836321338],[-2.23373427671199,55.6415125115585],[-2.23219109297286,55.645321392004],[-2.2482935791157,55.6523424256069],[-2.23081233896497,55.662108650148],[-2.21844338256446,55.664268467676],[-2.21865936983431,55.6759069994208],[-2.19780859071724,55.6883993923489],[-2.18375610895962,55.7018086076828],[-2.16723081028607,55.7060349854567],[-2.1762932461796,55.7190571010537],[-2.16769442277077,55.72244551872],[-2.15069298592526,55.7230835441579],[-2.14981133070346,55.7352199243317],[-2.14502730118768,55.7390400648044],[-2.11741555241786,55.7389588631763],[-2.11568312221929,55.747612517821],[-2.10644436036875,55.7485635852091],[-2.10763583953138,55.7599076872832],[-2.08565595857035,55.7620822219306],[-2.08612304172593,55.7930453092836],[-2.07696336364591,55.7941252645986],[-2.06258252361422,55.8026604362747],[-2.0526247944098,55.8025727730972],[-2.03443258767914,55.8110871409547],[-2.03117086683748,55.804230056814]]]]},"properties":{"FID":36,"SICBL26CD":"E38000130","SICBL26NM":"NHS North East and North Cumbria ICB - 00L","ICB26CD":"E54000050","ICB26NM":"NHS North East and North Cumbria Integrated Care Board","BNG_E":395323,"BNG_N":600699,"LONG":-2.075219,"LAT":55.30037,"GlobalID":"b081f8a5-589e-41dd-8503-329d149cfc25"}},{"type":"Feature","id":37,"geometry":{"type":"Polygon","coordinates":[[[-2.00947066466641,53.6167794203669],[-1.97824397802197,53.586788193038],[-1.94715147334014,53.5721682647898],[-1.9427259404415,53.5616412159572],[-1.92482618024268,53.5525847239936],[-1.91288469250638,53.5516436644238],[-1.90962093258169,53.538391206829],[-1.92244490315785,53.5308151970301],[-1.92678028855831,53.520949070343],[-1.91676710720162,53.514495728125],[-1.92197283458608,53.5099550318358],[-1.95133340013987,53.5041986576173],[-1.96338649315472,53.5098269363377],[-1.99691886439356,53.5220514006102],[-2.00918908195726,53.5192263557676],[-2.01880473031258,53.5214032294193],[-2.01802942664382,53.5247147688949],[-2.02622006973885,53.5292694771655],[-2.0549381462695,53.5313609036092],[-2.05412544672742,53.5222692127066],[-2.09318427261459,53.5205800219142],[-2.10000358549413,53.5115777633322],[-2.11970126360528,53.505637312243],[-2.12066386049858,53.5011295086855],[-2.13143385894551,53.4982417898769],[-2.13622559945955,53.4919040532016],[-2.16305433849454,53.4928662938843],[-2.16183743179886,53.498320702249],[-2.17867801682005,53.5058389926263],[-2.17347645329902,53.5122926396376],[-2.16051653081475,53.5129911537925],[-2.15475237912844,53.5180494129614],[-2.15913518149235,53.5221683769558],[-2.16477269474978,53.5201563665017],[-2.17016795321175,53.5277358173921],[-2.18592227203478,53.5290577701307],[-2.16946740093471,53.5461485688312],[-2.17208612051792,53.5581989488335],[-2.15095401327835,53.5671768532051],[-2.1566165375334,53.5823115543456],[-2.1368963341932,53.583081801548],[-2.12586724534977,53.5864718891025],[-2.11841321674062,53.5926087072324],[-2.1126852251756,53.5927684745108],[-2.1106692466653,53.59968994374],[-2.05993492644429,53.592517782226],[-2.0551413313741,53.5946328605927],[-2.05682354238325,53.5974260107772],[-2.03580589481675,53.6029629596395],[-2.02686862921522,53.6242443543737],[-2.02303593033934,53.6158393331042],[-2.00947066466641,53.6167794203669]]]},"properties":{"FID":37,"SICBL26CD":"E38000135","SICBL26NM":"NHS Greater Manchester ICB - 00Y","ICB26CD":"E54000057","ICB26NM":"NHS Greater Manchester Integrated Care Board","BNG_E":396598,"BNG_N":406789,"LONG":-2.052824,"LAT":53.55773,"GlobalID":"c94d70ab-200e-4618-9868-50933e6498aa"}},{"type":"Feature","id":38,"geometry":{"type":"Polygon","coordinates":[[[-1.11808633809214,52.0154261437537],[-1.11197962530447,52.0165923864426],[-1.10287774165778,52.0120898229628],[-1.09591936854868,52.0149698239905],[-1.08806198974571,52.0057819286955],[-1.07715503832356,52.008823435889],[-1.07392844135874,52.0063220163343],[-1.06084711838877,52.0086110352077],[-1.05312118753229,52.0024530046622],[-1.07818601421035,51.981057375518],[-1.09516616521544,51.9574319982709],[-1.08127429729767,51.9504478959043],[-1.0789509686881,51.9433663713634],[-1.05926599684063,51.9493008830701],[-1.05461630734341,51.9479585940223],[-1.06211169342416,51.9351368012536],[-1.07754928706884,51.9316433466252],[-1.07553484746801,51.9299382993373],[-1.08667328848864,51.9226459575533],[-1.07935629029122,51.917221962565],[-1.0862791370242,51.9053197666218],[-1.08425428821511,51.8995450830014],[-1.09351888418742,51.8939370226365],[-1.06897519065403,51.8872626396708],[-1.07760496664633,51.8767308300513],[-1.06916618795087,51.8746444433788],[-1.06464248652092,51.8686971459983],[-1.06603117369032,51.8528166737725],[-1.06197800936234,51.8441266118097],[-1.04712275971605,51.839813776271],[-1.06190655333442,51.8323840749524],[-1.06858835024711,51.8346355352777],[-1.07844933567469,51.8292544286634],[-1.12159872113957,51.8453422531986],[-1.14067629342759,51.8346898408284],[-1.11009646117538,51.8173049941916],[-1.1248898575843,51.8075111534356],[-1.11740582655038,51.7991670655391],[-1.12354110804397,51.7941812489252],[-1.1199917975451,51.7922925327939],[-1.12286318718087,51.7885314058148],[-1.10636077288893,51.7816309354149],[-1.08335569825371,51.7805865310373],[-1.07884848493259,51.7712662528125],[-1.08280090100613,51.7641141486476],[-1.08085190434834,51.7565539958222],[-1.0728920484825,51.7583228349205],[-1.06638433109487,51.7536245997416],[-1.0549727402421,51.7521811319055],[-1.04547117488344,51.7445989038321],[-1.03043513667704,51.7449286007686],[-1.02978272526631,51.7578890727781],[-0.98613081183977,51.7521200766066],[-0.98064014765952,51.7535518410365],[-0.979612610466107,51.7607183813762],[-0.973852597182569,51.7580173958064],[-0.953673900270021,51.7578548115706],[-0.944928239887845,51.7536312760433],[-0.951990628594633,51.7399385881974],[-0.950311087034999,51.7336252022875],[-0.960224779471593,51.7347284455913],[-0.96480551577978,51.7223429302604],[-0.973267851784148,51.7209339859559],[-0.974645364553267,51.7178763311247],[-0.989659775842999,51.72780315432],[-0.999524643919112,51.7271471650855],[-1.00599810784745,51.7355662370873],[-1.0232161796544,51.7329034128588],[-1.03137317334694,51.7053291441198],[-1.0041277810087,51.6979592989377],[-0.99210738451468,51.7039513173022],[-0.981214481715844,51.7045639917117],[-0.977993993883677,51.6965019018745],[-0.969274399099518,51.6977772466671],[-0.97166384269726,51.6948405139371],[-0.958269176054656,51.6849083581366],[-0.961955628998204,51.6829138172737],[-0.959165660729471,51.6801171562021],[-0.94382789247691,51.668331795478],[-0.924789994108603,51.65942269906],[-0.92725108508018,51.6514435907764],[-0.929430669440647,51.65574896075],[-0.933169240586105,51.6526017674932],[-0.946317533133807,51.6537840013573],[-0.944983725055493,51.6497905909796],[-0.950725934375551,51.6507415155471],[-0.934585902206788,51.6366984102733],[-0.950029477937729,51.6289071266193],[-0.94979352058345,51.6206781544973],[-0.938565986949982,51.6179431099704],[-0.943075268552277,51.6048866542375],[-0.933504124908978,51.601626743177],[-0.929252548374992,51.6043244717301],[-0.920071964267991,51.603590182735],[-0.916868487702635,51.5993130595048],[-0.924879609074339,51.5908886677997],[-0.941495801677678,51.5854968615299],[-0.940089461715163,51.57620817147],[-0.938602131711557,51.5710415930354],[-0.92781949234855,51.5680958663123],[-0.924135383060511,51.5634143761484],[-0.921394514641321,51.5646471398944],[-0.90170140670008,51.5560856615388],[-0.903277483097668,51.5458967559206],[-0.896882067944146,51.5448630553813],[-0.900134171807443,51.5366613419185],[-0.878512275980395,51.5234857018942],[-0.880353858016903,51.5119816999172],[-0.870252854789984,51.5036293453934],[-0.893636710121756,51.4967882843386],[-0.897651853712799,51.4870452931057],[-0.9093944768112,51.4830427627342],[-0.910293232229713,51.4771130088159],[-0.921651011910426,51.4679616743644],[-0.930642323776406,51.4676399272763],[-0.947030211753078,51.4594161833908],[-0.955452378140689,51.4612565392974],[-0.955183926925753,51.4653338610603],[-0.949440930927519,51.464930867767],[-0.947323164503098,51.4729418471862],[-0.941206760627695,51.4752559754757],[-0.947011125256965,51.486062114766],[-0.95748118722195,51.4930777919873],[-0.969590313200345,51.4908640714721],[-0.974320534555689,51.4867511888175],[-0.97764954262763,51.4884069024587],[-0.978613232718422,51.485626001688],[-0.998399118647603,51.4843048675848],[-0.998181260576745,51.4775499790892],[-1.00692905084209,51.4734219581765],[-1.00715758666259,51.4679528649943],[-1.01820443147375,51.4665847446762],[-1.03862485978142,51.476258912932],[-1.03763057478175,51.48409703208],[-1.05047169250765,51.4916217094111],[-1.08788199144739,51.4857545757241],[-1.1021800809154,51.4896736827591],[-1.11318652781922,51.5095922988551],[-1.13393586049829,51.5112837946537],[-1.1420529936908,51.5161954221818],[-1.14353565241035,51.5234544472885],[-1.13444637288388,51.5337223114054],[-1.14038515244845,51.5429066202109],[-1.16079786740999,51.5345897661331],[-1.20465028971754,51.5283945728898],[-1.20464411070595,51.5376039089202],[-1.22994152718963,51.5346136113251],[-1.24016454539409,51.5376582077374],[-1.26065563058478,51.5377899575351],[-1.2701997092874,51.5446203981749],[-1.28552131330246,51.5483310571458],[-1.28755145155745,51.5528504817609],[-1.32629758112275,51.5595821240906],[-1.32870120859477,51.5636911990596],[-1.34240308834633,51.5436862364961],[-1.35878105442544,51.5466056050503],[-1.36732108707647,51.5524668904409],[-1.3779514288567,51.5496867630045],[-1.37696050800728,51.5457788743852],[-1.38377863846874,51.5404261659668],[-1.39585051864581,51.5403450309098],[-1.40490021364139,51.5472115652626],[-1.42276855259078,51.5357648865992],[-1.42659139697395,51.545598788011],[-1.447832278334,51.5364267759581],[-1.45675635914856,51.5354583845374],[-1.46442266280615,51.5385166345283],[-1.4629877464384,51.530191069201],[-1.47074445102845,51.5286068609072],[-1.48585650647856,51.5340788531664],[-1.48956391047549,51.5428107870203],[-1.51293904720629,51.550759736756],[-1.52130668870338,51.5508958576169],[-1.53095870076473,51.5460696835319],[-1.54145347466805,51.5520588807185],[-1.55500819597642,51.5533709542825],[-1.56610379346416,51.545562785206],[-1.5698680446478,51.5475149852067],[-1.56935952483595,51.5432830202081],[-1.58118678850467,51.5369947486568],[-1.58470826231602,51.5249119124244],[-1.6028117485292,51.5182953603601],[-1.61374997554821,51.5365102681243],[-1.63407051832875,51.5532565778595],[-1.65137023132913,51.5739053170254],[-1.64644944889564,51.5769159772232],[-1.65021051300579,51.580532787013],[-1.63789152491638,51.5838688045293],[-1.64096472781307,51.5975744532142],[-1.63749112374194,51.5982866654684],[-1.6311423728585,51.5933278499926],[-1.62248257674338,51.5961636743479],[-1.61993642929761,51.59332272798],[-1.60558419296715,51.5981579395674],[-1.5855777124138,51.6139162000545],[-1.59426050522186,51.624419711082],[-1.60877512825021,51.6298730716087],[-1.61392459013877,51.6284629744767],[-1.61549431939818,51.6319346466045],[-1.65475838825384,51.6298451237621],[-1.6631692814205,51.6398598735025],[-1.67562201219316,51.6413978356324],[-1.68622579154817,51.6523508434728],[-1.6919381204604,51.6521646297895],[-1.68849515087717,51.656788080725],[-1.69060625808145,51.6637436948673],[-1.70025206883903,51.6719107252933],[-1.69651810540981,51.6821165647467],[-1.68268874667124,51.6900524087552],[-1.67601558390591,51.6884070581376],[-1.67520860544698,51.6825350799851],[-1.66844031785437,51.6804354125908],[-1.64825383282081,51.6840871020789],[-1.65743834798511,51.6964513199307],[-1.66545167613839,51.6972629575402],[-1.68800016003306,51.7120447791251],[-1.69587100197734,51.7235373248623],[-1.6857859419893,51.7299048753019],[-1.68702070531161,51.7398839847226],[-1.69486563814323,51.7485750573774],[-1.70070477656539,51.7705847167627],[-1.71948866637283,51.7832120615431],[-1.69344970694054,51.7941494454545],[-1.68193140763182,51.8039926750022],[-1.67685970352272,51.8170246886795],[-1.6811199406292,51.8160526209597],[-1.68646102459171,51.8344558226475],[-1.67638494449648,51.850309589067],[-1.68686752299361,51.8655000108072],[-1.66711193343739,51.877000083006],[-1.66895699435766,51.8815045127596],[-1.65865173403781,51.8965512737527],[-1.64488287940201,51.8946017116287],[-1.63305010260347,51.8992253903288],[-1.63417065050213,51.911653260029],[-1.64486586114032,51.9136898856555],[-1.64118224581513,51.9215618850817],[-1.64552998318358,51.9222940594455],[-1.61518907827564,51.9376818794026],[-1.63249051480431,51.9556514853686],[-1.64892656760453,51.9589248637704],[-1.65536679373132,51.957503529218],[-1.65237437932094,51.9615121566226],[-1.66252889649809,51.9640049478498],[-1.6689432228175,51.9752727491434],[-1.6657543945251,51.9874888626855],[-1.6383154577455,51.9751719652205],[-1.61234252205381,51.9554034280946],[-1.59163379239407,51.9704496449449],[-1.60030081528879,51.9769414341147],[-1.58057377578447,51.9729960644346],[-1.54967142826298,51.9808596121198],[-1.55722367314764,51.9916575993499],[-1.5417415500961,51.9964322983668],[-1.52530916452619,51.9928568060217],[-1.49735326195873,52.0589545587747],[-1.50185540381387,52.071626636584],[-1.49066517862304,52.0771354416543],[-1.49436206951763,52.0821862004287],[-1.48560764825305,52.0877334367278],[-1.48780422847159,52.0939574365892],[-1.48014862318322,52.0934779695233],[-1.47730156120222,52.1013510021086],[-1.46755949807215,52.097056526914],[-1.44718802882177,52.0976249897199],[-1.45346394203495,52.1129994471578],[-1.44874123022937,52.1160666656596],[-1.42585516992433,52.1182495502556],[-1.40389411938837,52.1100898927745],[-1.38532951122425,52.0941842815099],[-1.37442400849961,52.099725911054],[-1.35776960206709,52.1013104683146],[-1.365191784665,52.1113070813783],[-1.37036697390999,52.112717890826],[-1.37084162369156,52.117533975721],[-1.39070006672596,52.1167888765732],[-1.39330264845027,52.1189629405965],[-1.38546287231142,52.1284032220625],[-1.36614689331074,52.136075275965],[-1.34870936849789,52.1351375054365],[-1.34993672247422,52.1415917646875],[-1.34104059033704,52.144856725712],[-1.34345845888397,52.1532353059893],[-1.33400454412251,52.1590830091805],[-1.33189692992491,52.1684850568195],[-1.30642969345101,52.1455530172073],[-1.30843269954713,52.1435087649596],[-1.276829452037,52.1170765544844],[-1.25292770471157,52.1038744284355],[-1.24808508673434,52.097160768683],[-1.27228319489981,52.0978665399747],[-1.28712533375338,52.0926388629186],[-1.30796302794478,52.0922729427321],[-1.32116478673126,52.0870189315797],[-1.31816012736645,52.0799212138442],[-1.29936050069294,52.0801015301046],[-1.29750885136927,52.0780563668479],[-1.3069030200852,52.070313586878],[-1.30025655282433,52.0687160958718],[-1.3021755170657,52.065018868569],[-1.30776831582725,52.0643519080964],[-1.30737998581318,52.0575899447212],[-1.31291981603405,52.0514526585028],[-1.29754310517455,52.0427209744259],[-1.29186101007485,52.0319400617844],[-1.29431221628867,52.0280352251948],[-1.28532325699221,52.0264736058205],[-1.27814679189148,52.0142381870179],[-1.27856664779458,52.011403559226],[-1.28453997187265,52.0106652001659],[-1.27705118753099,52.0053319876076],[-1.28334475933865,51.9995395092471],[-1.28236218528277,51.9929150743026],[-1.28885877741594,51.9897255767514],[-1.28338485811519,51.9795405158843],[-1.28086525348053,51.9823641592218],[-1.26091580688804,51.9809259287438],[-1.24161224731688,51.9862933908823],[-1.22970010088509,51.9813673197719],[-1.19625996309684,51.9774314311563],[-1.19075606241344,51.9815108636733],[-1.1760546074237,51.9820452800689],[-1.16382376796738,51.9934121064633],[-1.15665097290725,51.9922344908384],[-1.13432888783756,51.997296379368],[-1.13125278793631,52.0048846275129],[-1.11808633809214,52.0154261437537]]]},"properties":{"FID":38,"SICBL26CD":"E38000136","SICBL26NM":"NHS Thames Valley ICB - 10Q","ICB26CD":"E54000070","ICB26NM":"NHS Thames Valley Integrated Care Board","BNG_E":448985,"BNG_N":208334,"LONG":-1.291468,"LAT":51.77155,"GlobalID":"34161e9b-1609-4316-8df4-df9fedfbcea4"}},{"type":"Feature","id":39,"geometry":{"type":"MultiPolygon","coordinates":[[[[-1.11224746104653,50.78927262332],[-1.12477292433823,50.7821512711451],[-1.11227694179695,50.7893444128274],[-1.11224746104653,50.78927262332]]],[[[-1.09259884047015,50.8150475317129],[-1.10164342831192,50.8136706101516],[-1.09803663842497,50.8203004373683],[-1.09259884047015,50.8150475317129]]],[[[-1.04413719716249,50.8313603396871],[-1.04235340140659,50.815641907004],[-1.04229269839533,50.8151067627567],[-1.03924330210301,50.7983779737646],[-1.03887485682086,50.7969144786154],[-1.03854143725673,50.7955900286861],[-1.03830522643681,50.7946516766106],[-1.04400290835515,50.7901642864033],[-1.03808270131539,50.7910718423425],[-1.03199334450838,50.7920050015499],[-1.03065982897167,50.7955249604126],[-1.03209702078451,50.7867846224977],[-1.06400723841818,50.7812492004825],[-1.08472720150074,50.7779778383362],[-1.08863269924011,50.7777370781347],[-1.09965691446772,50.7842716950126],[-1.10090378193628,50.7850567217997],[-1.10967244295408,50.7915422205449],[-1.10567528259217,50.791115066322],[-1.10862644907642,50.7961466909748],[-1.10875613260052,50.7963677694575],[-1.10883211974156,50.7964973084643],[-1.10584452200622,50.7970434843218],[-1.11124937487272,50.7985380766537],[-1.11151248696923,50.8069645902954],[-1.10373774415546,50.8057018432061],[-1.10399281701702,50.8104700595753],[-1.09250445039372,50.8091761810638],[-1.09133832534436,50.8090447808352],[-1.09049054528629,50.8116272396763],[-1.09685880773377,50.8112927629952],[-1.09120966830241,50.8148019506299],[-1.09065466822102,50.8168462578166],[-1.10021521689139,50.8269101105464],[-1.09608955294699,50.8281253226861],[-1.09307798182057,50.8290122862246],[-1.09151182536288,50.8281564695765],[-1.08775794158093,50.8261049073185],[-1.08561071785047,50.8249312583334],[-1.07660783193164,50.8367971223187],[-1.05475204494628,50.8334048763066],[-1.05471109353064,50.8333981530624],[-1.04950585573593,50.8325435156171],[-1.04417208541707,50.8316675790464],[-1.04413719716249,50.8313603396871]]],[[[-1.11314292875302,50.836106084497],[-1.12224724189401,50.8356648052366],[-1.13685245187815,50.8383053473903],[-1.11314292875302,50.836106084497]]],[[[-1.15425487198112,50.8447146003945],[-1.1624453129281,50.8428999533245],[-1.154329577075,50.8448950692725],[-1.15425487198112,50.8447146003945]]],[[[-1.09406221925529,50.8592996459987],[-1.07563184222974,50.8563940797408],[-1.06611230888947,50.8584908799043],[-1.06214042240369,50.8554743636626],[-1.02310625669086,50.8527725494876],[-1.02478215385597,50.8459768798839],[-1.02062532534392,50.8390587400968],[-1.02116045045486,50.8383058508389],[-1.02186613625835,50.8373129419327],[-1.02171418115208,50.8373512623898],[-1.02158698720663,50.8373833388325],[-1.02413754612386,50.8329374475703],[-1.0240716246018,50.8329353016816],[-1.02412894889485,50.8263225588785],[-1.03489519311751,50.8293078650345],[-1.03628568799817,50.8353744535101],[-1.04411850438351,50.8321365884638],[-1.0542758687272,50.8338897313751],[-1.07879231501581,50.837217222719],[-1.08916845299701,50.8285950927072],[-1.08844354729689,50.8302599281273],[-1.08790998475898,50.8313494400853],[-1.09497544927682,50.8313345601044],[-1.1062757985556,50.8378619572434],[-1.10327975271944,50.8464001747544],[-1.11384209901434,50.8467994425545],[-1.11181792283721,50.8435013882665],[-1.11604956800975,50.8438497068932],[-1.11608577739555,50.8412684984864],[-1.11434371972155,50.838395985293],[-1.11310761902447,50.8363575401753],[-1.11300670668217,50.8361911179816],[-1.11296050356456,50.8361149207547],[-1.1130634309024,50.836109935125],[-1.11819131519392,50.8442177698014],[-1.11584820616141,50.8582717263486],[-1.0998824004712,50.8571531253861],[-1.09406221925529,50.8592996459987]]]]},"properties":{"FID":39,"SICBL26CD":"E38000137","SICBL26NM":"NHS Hampshire and Isle of Wight ICB - 10R","ICB26CD":"E54000067","ICB26NM":"NHS Hampshire and Isle of Wight Integrated Care Board","BNG_E":465619,"BNG_N":101352,"LONG":-1.070062,"LAT":50.808,"GlobalID":"a5618d10-094f-4f34-a315-e7154d0ad77e"}},{"type":"Feature","id":40,"geometry":{"type":"Polygon","coordinates":[[[-1.31256494689284,53.5137371357691],[-1.30990287753659,53.4978285558905],[-1.28969695209721,53.4910490162786],[-1.29318949639288,53.4857548240892],[-1.30133063047571,53.4834717991624],[-1.29598913919544,53.4805228599471],[-1.29849043058772,53.475587328826],[-1.28090738293109,53.4784234189454],[-1.26973324284639,53.4858907376219],[-1.24991295319564,53.4768791952369],[-1.25932087919097,53.4642396813322],[-1.25214285922282,53.4544872604955],[-1.25818097804122,53.4549563205198],[-1.2518005853729,53.4487846113063],[-1.25242838773606,53.4417475942725],[-1.23733689219527,53.4411758232656],[-1.23805750547541,53.4327774994825],[-1.21655424561651,53.435087011955],[-1.19734353780721,53.431603045422],[-1.1951021528778,53.4371242617707],[-1.18580614506817,53.4337751308191],[-1.17038715578668,53.4352979275557],[-1.16039998812507,53.4243407779812],[-1.14584592648561,53.4263887320479],[-1.13561979688403,53.4240885820305],[-1.14587397776182,53.4123035253712],[-1.13335534281527,53.4087560750972],[-1.11802870999372,53.4109568595153],[-1.11598081249377,53.4074084929018],[-1.11560759276275,53.3971687585476],[-1.12289119838994,53.3982922411133],[-1.13460867894903,53.3900315311443],[-1.13131074628722,53.3895564207868],[-1.13056566244606,53.3755873594721],[-1.14596104398621,53.3696373820903],[-1.14647459846801,53.3639434490577],[-1.14047316154618,53.36397993455],[-1.13852822234038,53.355840822759],[-1.15061201777871,53.3544105008161],[-1.16264707584163,53.3568436973828],[-1.15685090262121,53.344965988493],[-1.14107096372078,53.3468064611678],[-1.13868641369035,53.3413951427141],[-1.1457152395426,53.3406547118878],[-1.17511091832347,53.3256772429961],[-1.17448182937551,53.3213908915344],[-1.1924847979944,53.3189830576496],[-1.19973836233179,53.3114383962792],[-1.20317508851904,53.3041912695407],[-1.21953090467292,53.3040005236087],[-1.23059636796603,53.308641913345],[-1.24345372931273,53.3015985807982],[-1.25425511033634,53.3017555249847],[-1.27359822240835,53.3104402939801],[-1.28200352507145,53.3094796986071],[-1.29546833978952,53.3148730346594],[-1.29515891272748,53.3217916191196],[-1.28855843143651,53.3261712203287],[-1.29907196690781,53.3325326647694],[-1.31233367960612,53.3341686597908],[-1.3103279523532,53.3293966570904],[-1.32091289610985,53.3255779745065],[-1.32472658908614,53.3288326995255],[-1.33207654554735,53.3524147785731],[-1.33575293185697,53.3520901724258],[-1.35194611828469,53.3664613139149],[-1.36106978451433,53.3665713553935],[-1.3798527660959,53.3810997152503],[-1.39140178730008,53.3832855840268],[-1.37563929604991,53.3936401509243],[-1.39359149010268,53.4200186719475],[-1.38243445229585,53.4210527302609],[-1.38159373582011,53.4253703679902],[-1.3972336332067,53.4249573718882],[-1.40854463728028,53.4203612887965],[-1.44131935533114,53.4452259826515],[-1.45520404813545,53.4717660187394],[-1.45033258074413,53.4776565654861],[-1.45216313092571,53.4850401210809],[-1.44094171617855,53.4911462297765],[-1.42787619090893,53.4858505370672],[-1.41503538565207,53.4924903996487],[-1.40850669505532,53.5033009870853],[-1.39635606334135,53.5052577243323],[-1.38006931020018,53.5142153165045],[-1.31256494689284,53.5137371357691]]]},"properties":{"FID":40,"SICBL26CD":"E38000141","SICBL26NM":"NHS South Yorkshire ICB - 03L","ICB26CD":"E54000061","ICB26NM":"NHS South Yorkshire Integrated Care Board","BNG_E":447544,"BNG_N":388984,"LONG":-1.286484,"LAT":53.39557,"GlobalID":"4a01575f-d150-454a-8fde-dceb0104d650"}},{"type":"Feature","id":41,"geometry":{"type":"Polygon","coordinates":[[[-2.33823594887034,53.5336482406103],[-2.32454271985376,53.5272956359647],[-2.31047252805188,53.5271871496556],[-2.30225981449801,53.517087358463],[-2.29079596319899,53.5120212491505],[-2.27160888925905,53.5174842647479],[-2.25692499691844,53.5179395286693],[-2.24518271517896,53.5120935180536],[-2.25026457183277,53.5080462692085],[-2.24569636489302,53.5065375338901],[-2.24710214496332,53.5024120446093],[-2.25151531122193,53.5039012175096],[-2.25540196090731,53.4990931442186],[-2.24513712028666,53.4860869225454],[-2.26534540009953,53.472715238237],[-2.28175945177011,53.4648446207256],[-2.32136530362584,53.4800724473723],[-2.35498132790473,53.4740159282168],[-2.39631829721352,53.4584258357434],[-2.40717120065451,53.4491688838141],[-2.41958277376868,53.4293190428747],[-2.4493779237472,53.4158916097603],[-2.4516287107323,53.4268093834878],[-2.46172420991991,53.4363688028838],[-2.47433592769198,53.4395572107245],[-2.47830892396922,53.4437234993856],[-2.47598712607617,53.4482379144816],[-2.489730293992,53.4601419935907],[-2.4345208306503,53.4650676614106],[-2.43849663168373,53.4923591659379],[-2.43047077238192,53.5047880803414],[-2.42050643973673,53.5067511277965],[-2.4222406897166,53.5091057981365],[-2.41458174863207,53.5149221086368],[-2.42283008621527,53.5204363741062],[-2.45417743934549,53.5260535405039],[-2.45111445654814,53.5286520410684],[-2.44310904432475,53.5323508333625],[-2.43720201547577,53.5421392017591],[-2.39835399071173,53.5383096515529],[-2.38520087000472,53.5314649269087],[-2.35442048391493,53.5262702720954],[-2.3508662300877,53.5296963699458],[-2.35368196347342,53.535068326171],[-2.34628345556567,53.5375294575793],[-2.33823594887034,53.5336482406103]]]},"properties":{"FID":41,"SICBL26CD":"E38000143","SICBL26NM":"NHS Greater Manchester ICB - 01G","ICB26CD":"E54000057","ICB26NM":"NHS Greater Manchester Integrated Care Board","BNG_E":374547,"BNG_N":398122,"LONG":-2.384987,"LAT":53.47922,"GlobalID":"9bb2f0d3-f182-40d5-907f-b98cdc3f1677"}},{"type":"Feature","id":42,"geometry":{"type":"Polygon","coordinates":[[[-1.45520404813545,53.4717660187394],[-1.44131935533114,53.4452259826515],[-1.40854463728028,53.4203612887965],[-1.3972336332067,53.4249573718882],[-1.38159373582011,53.4253703679902],[-1.38243445229585,53.4210527302609],[-1.39359149010268,53.4200186719475],[-1.37563929604991,53.3936401509243],[-1.39140178730008,53.3832855840268],[-1.3798527660959,53.3810997152503],[-1.36106978451433,53.3665713553935],[-1.35194611828469,53.3664613139149],[-1.33575293185697,53.3520901724258],[-1.33207654554735,53.3524147785731],[-1.32472658908614,53.3288326995255],[-1.32842468395291,53.3288785847436],[-1.33775170523623,53.315847640344],[-1.34728878247558,53.3189014930899],[-1.36174501094287,53.3185428845697],[-1.36265527171203,53.3150212877763],[-1.38684198204219,53.3176148686334],[-1.3920546902197,53.3226631392125],[-1.38665945496082,53.3348571345682],[-1.41108897717152,53.3420170692005],[-1.42086736705163,53.3345680663269],[-1.44201299725455,53.3374115975122],[-1.45129950951707,53.3313452229974],[-1.45993051847559,53.3306303045912],[-1.45524210932807,53.3218441164644],[-1.46791401177364,53.3171442731424],[-1.47842159848437,53.3193722984901],[-1.5021080228959,53.3175890293607],[-1.53127715297132,53.3106333686023],[-1.53691428154257,53.3047306266027],[-1.56176634519796,53.3064245425379],[-1.55582227933638,53.3117065334997],[-1.56166057794462,53.3159688261547],[-1.58053384307492,53.3117376566816],[-1.58307782331321,53.3156978344404],[-1.57899566977687,53.316692306232],[-1.58503152012505,53.3215892656197],[-1.5990781056935,53.311378264518],[-1.60152487589439,53.3182054702808],[-1.60883558440411,53.3225540889299],[-1.62816068880807,53.3163016532117],[-1.63277198080172,53.3208276414967],[-1.61222682735739,53.3432105125193],[-1.60157538801788,53.3426089194788],[-1.59058650600881,53.3459588645118],[-1.6256037980064,53.3520617933228],[-1.63059259338227,53.3561609874046],[-1.66395819746608,53.3668902414369],[-1.66329218017304,53.3742477061885],[-1.65351658449657,53.3851145598991],[-1.65464410099147,53.3929308719828],[-1.66808997850041,53.3930708810276],[-1.68182849210783,53.4017807497195],[-1.69452139614519,53.401161258639],[-1.70496490793419,53.4050558722668],[-1.70323429253063,53.4137223357043],[-1.70877449437586,53.4174399138676],[-1.71820802783255,53.4194803781948],[-1.72995147436309,53.4159855682498],[-1.73977910470758,53.4209771368491],[-1.74673708669559,53.4261936241186],[-1.74427283535743,53.431296700712],[-1.74972800032761,53.4391192890564],[-1.74368098216497,53.4449552175751],[-1.74808252968205,53.457433867424],[-1.74533067397688,53.4621837618225],[-1.75241526386735,53.4649578554882],[-1.76835025787178,53.4647236641616],[-1.7802977246171,53.4748389906956],[-1.79114041050359,53.4758330745816],[-1.80147073060994,53.4809917132719],[-1.78364830779165,53.4847991330384],[-1.73870779869907,53.4771520403248],[-1.73181335115496,53.491041967044],[-1.71980479607422,53.4924825181565],[-1.71116518723187,53.5012125447923],[-1.7011339295711,53.5031416637451],[-1.68880390137396,53.4990979261967],[-1.66851099353557,53.5005466347395],[-1.63383274171107,53.4923907657088],[-1.61497712255068,53.4906209230165],[-1.61448406186811,53.4931172227138],[-1.60661827565131,53.4928848322304],[-1.56601384748656,53.4860778234653],[-1.54963394247996,53.4785166880787],[-1.53909983600302,53.4617013921546],[-1.5404179586744,53.4561127548922],[-1.55138358703796,53.4554550737685],[-1.54736207264402,53.4498805428057],[-1.55120638374277,53.4461925284741],[-1.5459072664036,53.4417564269076],[-1.53189723042172,53.4382967861517],[-1.52636361733784,53.439093034998],[-1.51313081511178,53.451483068174],[-1.51813066960543,53.4572438419577],[-1.51481376791369,53.4636666406772],[-1.50737193366582,53.4666179952654],[-1.49450717466371,53.4810236189815],[-1.49471619072555,53.4863247461086],[-1.46385048631143,53.4780235171144],[-1.45520404813545,53.4717660187394]]]},"properties":{"FID":42,"SICBL26CD":"E38000146","SICBL26NM":"NHS South Yorkshire ICB - 03N","ICB26CD":"E54000061","ICB26NM":"NHS South Yorkshire Integrated Care Board","BNG_E":430508,"BNG_N":389739,"LONG":-1.542593,"LAT":53.40361,"GlobalID":"f9ddae6d-5709-466a-abc5-c5f0f81a9d88"}},{"type":"Feature","id":43,"geometry":{"type":"MultiPolygon","coordinates":[[[[-3.01577328883599,51.2284862458919],[-3.0148210695477,51.2230920041491],[-3.0186832058029,51.2284187610187],[-3.01577328883599,51.2284862458919]]],[[[-2.99413274365098,51.3062357996118],[-2.99429725946481,51.3061422654381],[-2.99430968959712,51.3062046130614],[-2.99413274365098,51.3062357996118]]],[[[-2.99441701648755,51.3050209473688],[-2.99339377580547,51.3018224171434],[-2.99394673145403,51.3044086353078],[-2.98981999222295,51.2990348177222],[-2.97261945503335,51.2957125167365],[-2.96338859950997,51.2985377070055],[-2.9620390073677,51.3047910134396],[-2.93687953229808,51.3030789084768],[-2.91751336793947,51.2944757490181],[-2.89710356760183,51.290614585452],[-2.88491956827742,51.3066645963282],[-2.87714603027095,51.3000626773935],[-2.86794589521978,51.3022057472449],[-2.85316067094342,51.2994756233255],[-2.81023634315207,51.3014242903667],[-2.81206735001633,51.310710013998],[-2.80710645167435,51.3119648975982],[-2.81867696574717,51.3203721397155],[-2.81867338247925,51.3263650734242],[-2.81492120317336,51.3270777601637],[-2.76179912087063,51.3221020924008],[-2.75480667170124,51.3245482025511],[-2.75394101519448,51.3197745581764],[-2.72806310253519,51.3172263726186],[-2.72092583394631,51.321527280092],[-2.71684104983896,51.3168010596757],[-2.69685488598735,51.3161404017738],[-2.69487946603266,51.3180940609698],[-2.66770881449763,51.309950071488],[-2.6624847060716,51.3065599851709],[-2.66679470799565,51.3024451444677],[-2.6599907016882,51.3025925821173],[-2.63869862958917,51.2948228075193],[-2.63829476481036,51.2882778974393],[-2.62749339201267,51.2828708576016],[-2.61845241488793,51.2862253430161],[-2.61237507851297,51.2842556779218],[-2.600337613043,51.2889873985321],[-2.59487768860416,51.2923586036778],[-2.59546629362269,51.296186305388],[-2.58228198435409,51.2919299505525],[-2.55782391328233,51.3026613820752],[-2.55280335974437,51.3013174281308],[-2.55416437488673,51.2986862757668],[-2.55001238199214,51.3005159026156],[-2.52800359679818,51.2931608504915],[-2.49722112360968,51.2908408589096],[-2.49697117059435,51.2863018985487],[-2.50635609685307,51.2789907709927],[-2.47800142155625,51.2730969233661],[-2.47379240832121,51.2779866016309],[-2.4517227723753,51.2742514115103],[-2.45250991827079,51.2770249775417],[-2.44431134799252,51.2774114264116],[-2.44601534033532,51.2808362175925],[-2.43904718043783,51.2851856314383],[-2.42205487872903,51.2875014827523],[-2.41739021053084,51.2921339373168],[-2.42009483007173,51.2968377547005],[-2.40091760887889,51.3048001749352],[-2.38718064101229,51.2946434653987],[-2.38157490116737,51.3000849375876],[-2.36863771956805,51.3011137626861],[-2.34160445047929,51.3096948956925],[-2.33252113078426,51.3084434016589],[-2.32481837055511,51.3135595442059],[-2.28909095184753,51.3252720194348],[-2.27493764245597,51.3250345225153],[-2.27195461272396,51.3142540779439],[-2.2850678106993,51.3094560598221],[-2.27676526460277,51.3039973579714],[-2.28068009156277,51.2934628872533],[-2.26525297948032,51.2962199934102],[-2.2652867706792,51.2928586903863],[-2.25349727214321,51.2898347768264],[-2.24509266157374,51.2722785849155],[-2.24443051885472,51.2631191117948],[-2.24958342431107,51.2589660075816],[-2.24534118167187,51.2538760994277],[-2.26078891957202,51.2391209038802],[-2.26976091303551,51.2189528063158],[-2.26666400250576,51.2155337014629],[-2.28453286652621,51.1973480480982],[-2.298464669074,51.1753224091972],[-2.31012245004371,51.1683996817015],[-2.33171212383209,51.1457271277966],[-2.33224472170725,51.13789432926],[-2.3458587524971,51.1333687821079],[-2.34453902149982,51.1246781419796],[-2.36384610139529,51.1194134882725],[-2.36559665956594,51.1151275298334],[-2.36288330132267,51.1157752302442],[-2.360777275324,51.1088381319886],[-2.36086956362849,51.0990175342703],[-2.34705160560957,51.0882355640094],[-2.32914034657804,51.0852585230351],[-2.32585267619138,51.07967546872],[-2.33437189944145,51.0752615254563],[-2.34367036000047,51.0746401591285],[-2.34995804183649,51.0688009619866],[-2.34925588414307,51.0612432278392],[-2.3444821962964,51.0554807510161],[-2.34010872731904,51.0560627377582],[-2.33317813302888,51.0514865678309],[-2.33001454261576,51.0413445913426],[-2.36067372729414,51.0251746326795],[-2.36911406698428,51.0142985071359],[-2.37804729957506,51.0117143448527],[-2.37566955669791,51.0092535923023],[-2.38134845251002,51.0049218243419],[-2.37692077420858,50.9907647982471],[-2.35489713784814,50.9908805318446],[-2.34391354275961,50.9847698270722],[-2.34455680285368,50.9788292499597],[-2.38354174751526,50.9723592159681],[-2.41492768339424,50.9605834353528],[-2.42799302318965,50.9713864110976],[-2.44717758566512,50.9678502396459],[-2.44286762982946,50.9596600717471],[-2.45620379833908,50.9493438991345],[-2.46681786328405,50.9598105462061],[-2.47474218665168,50.9579515130804],[-2.47457762034237,50.9625077823356],[-2.4903452904278,50.972772802102],[-2.48833270969411,50.9757564516633],[-2.50234655646245,50.9938362968403],[-2.51731312625612,50.9946091509592],[-2.52641649205121,50.9919083154046],[-2.53556159092018,50.994022830563],[-2.53516734577015,50.9993729296347],[-2.54743503338994,50.9995417344331],[-2.55192417469512,50.993698040412],[-2.54473210580783,50.991672660625],[-2.54542356614697,50.9850805319001],[-2.55620700548961,50.9795351450643],[-2.56237156581908,50.97771098151],[-2.57463038684032,50.9866936659574],[-2.57493880583112,50.9833181362885],[-2.58602392020116,50.9768693798109],[-2.59584519356888,50.9813399819106],[-2.60338713698545,50.976344474112],[-2.59805759542065,50.9736130140577],[-2.59988260178154,50.9674016019657],[-2.59491010765149,50.9622284440195],[-2.59869535620825,50.9589375951224],[-2.59820029415011,50.9485745119193],[-2.60717451656929,50.9457574562392],[-2.61158805644211,50.9401936134917],[-2.61609379019349,50.9405812844074],[-2.60626761280551,50.9346743286868],[-2.60404179534641,50.92672483881],[-2.61480518413227,50.923256534541],[-2.61661506826137,50.9133629749167],[-2.62406527733493,50.9078668749972],[-2.61485244586787,50.8932896845333],[-2.60957224912606,50.891554403991],[-2.61610123803383,50.8816335405345],[-2.62412930432114,50.8792590919213],[-2.62796097579058,50.8863057655664],[-2.64710451167332,50.8883521945271],[-2.65041927289555,50.8833078308443],[-2.66061158345118,50.8871047705778],[-2.67896588040882,50.8774799329447],[-2.69572633763641,50.8759908523253],[-2.70714484159066,50.8697664136275],[-2.71438984268762,50.8711435677554],[-2.71455603963266,50.8638948377374],[-2.72309188379561,50.8661906839958],[-2.75093703669975,50.8638379546573],[-2.75749887225936,50.8669025545815],[-2.7614153579322,50.8609032351852],[-2.78078052089886,50.8601458517345],[-2.79229422652433,50.8528182326224],[-2.8078414858144,50.8586796182731],[-2.80559020072403,50.8618926920262],[-2.81142499375798,50.8634097728276],[-2.81772991942822,50.8556148767373],[-2.82894537669744,50.851704800516],[-2.82895659798603,50.8486602220582],[-2.84284616896202,50.8473460580831],[-2.84519572760377,50.8515943004114],[-2.87702479297073,50.8493231569402],[-2.87905459625496,50.8464490782698],[-2.88624471659283,50.8505895173494],[-2.90306115322993,50.8437977274899],[-2.91025989386283,50.8447870389147],[-2.92520533293997,50.8394502027136],[-2.93015779259126,50.8409286125783],[-2.93438159179492,50.8364745448941],[-2.94172447687945,50.8358650515048],[-2.94736935092066,50.8236920110091],[-2.95432120333644,50.8211725080072],[-2.96982680948955,50.8341804873204],[-2.97248739209324,50.8460376377885],[-2.96802281693374,50.8512979819121],[-2.97465190789884,50.8523526465561],[-2.97358099705819,50.8557123398856],[-2.99417085424547,50.8551977479469],[-2.99850412891891,50.8509859620313],[-3.01144113748615,50.857232901278],[-3.03680615574342,50.8510651695888],[-3.03263148512032,50.8616392313293],[-3.03844232292756,50.8683152275191],[-3.04373264837975,50.868104419122],[-3.05476597796223,50.8745467255133],[-3.0522950289913,50.9085179115785],[-3.10342451680454,50.9041262183752],[-3.12207800124341,50.89814095225],[-3.1263411764133,50.9017177894047],[-3.13963474225914,50.8914486341585],[-3.14791852331859,50.891784358042],[-3.15609623209645,50.9000615270398],[-3.17043392059443,50.9003521580817],[-3.17049854722471,50.9075827570575],[-3.18787092123651,50.9104207651772],[-3.18028093497901,50.9228899958657],[-3.1725048103496,50.9255927063299],[-3.17249883777542,50.9357132875236],[-3.16394555827456,50.9459723695763],[-3.16647895422341,50.9477136817185],[-3.18870584927574,50.9485792445696],[-3.21834615880698,50.943280837605],[-3.25483049072797,50.9418455912902],[-3.29384731211607,50.9551386256805],[-3.33367000564237,50.982788272096],[-3.37866352429782,50.9775084893334],[-3.38342765870056,50.9945369850422],[-3.38048793694407,51.0184858763744],[-3.41417370880269,51.0197028108423],[-3.41508396924572,51.0272512762973],[-3.42130416123563,51.0307780046776],[-3.46019394250285,51.0252167366231],[-3.48336549792147,51.0338314029168],[-3.50426782545075,51.0301128151969],[-3.5204283343639,51.0258710068001],[-3.51890198663183,51.0147930370187],[-3.52734087639388,51.0056812406287],[-3.53504949956946,51.0033472152904],[-3.60966105060371,51.0079340465155],[-3.61465455210104,51.0154904268309],[-3.59816872166412,51.0369716342248],[-3.60033011767926,51.0506426212425],[-3.59447124326477,51.0551947141934],[-3.61032963661446,51.05794678498],[-3.6130528372129,51.056107007204],[-3.62440421928975,51.0612459783581],[-3.63530166466419,51.0563013477208],[-3.6467092652151,51.0580591753298],[-3.6523097848221,51.0595867369224],[-3.65025702394503,51.0640921420678],[-3.68242144217079,51.0733308835998],[-3.69240743326007,51.0805923912008],[-3.71995488296215,51.0808147337714],[-3.76739543614367,51.1057835558798],[-3.80428891140815,51.1156853568168],[-3.83449119288474,51.1383810415219],[-3.8320689282616,51.1511859090905],[-3.83917573483001,51.1769233022249],[-3.80626749922955,51.1778734200292],[-3.78630340027577,51.1719269501465],[-3.72498384870458,51.1795920337587],[-3.72565009581568,51.1859410848318],[-3.73208733236577,51.1909693855851],[-3.72621098405804,51.1994233724695],[-3.73157282093108,51.215131353651],[-3.7287371140891,51.2188513930037],[-3.73320145474866,51.2227250864324],[-3.72056674110206,51.2330694040848],[-3.72016921124437,51.2330276532884],[-3.69528638697684,51.2304115292271],[-3.6398368417433,51.2233692536765],[-3.63780980494075,51.2243471405347],[-3.63331402651705,51.2238715173654],[-3.6235436374996,51.2180140528533],[-3.62171408877056,51.2167743609447],[-3.59217538021585,51.2227005027736],[-3.59023170435564,51.2240307998674],[-3.590125754443,51.2241082248587],[-3.58992627315764,51.2241294449316],[-3.58579436906359,51.2272048660661],[-3.57879645701062,51.2321433048904],[-3.56867396296565,51.2326266775419],[-3.55454928781029,51.2330952836626],[-3.50297850217554,51.2230081168531],[-3.49689826504952,51.2239862700087],[-3.48648534581471,51.219960182638],[-3.4862994565178,51.2198882949677],[-3.47241775286111,51.2136471210261],[-3.46903363319122,51.2079056206006],[-3.46841908284355,51.2079790171518],[-3.45523473921521,51.209552729388],[-3.44201499423175,51.2065062777853],[-3.43260992055348,51.1981923620249],[-3.42427807514544,51.1908125568388],[-3.41164398996629,51.18386319038],[-3.39312065037907,51.1825033779527],[-3.37362417136395,51.1846636765756],[-3.35024044899596,51.1815159723203],[-3.34951911196522,51.1816014745946],[-3.32885747139513,51.1840485489141],[-3.3281420717091,51.1818606865326],[-3.31321663206093,51.1795597948868],[-3.29395512524132,51.1826825969581],[-3.28534398427263,51.1808790898869],[-3.28414135130616,51.1806271503692],[-3.27584819130941,51.1797755013576],[-3.25690424501575,51.1877223172613],[-3.22897501684103,51.1918139551661],[-3.21627119457835,51.1943099471972],[-3.2021829622056,51.2014607567652],[-3.19012321302831,51.2026658361308],[-3.18042991607843,51.1997614832966],[-3.16428724679581,51.2026452313071],[-3.15482147932731,51.2086011474968],[-3.14663056075551,51.2093854296592],[-3.13144137756214,51.210838169724],[-3.11444756817476,51.2069742421962],[-3.10074613972497,51.2084022546423],[-3.07637887941965,51.2013744816403],[-3.05455598463182,51.2056689750309],[-3.05387273350212,51.2060265847176],[-3.03082764166879,51.2180828577054],[-3.01915209610144,51.2182579131404],[-3.0242480641587,51.2129026007943],[-3.02637076888121,51.2149441336957],[-3.03029522339059,51.2082086070437],[-3.02447859121935,51.2121937852862],[-3.03270944014092,51.1944254689713],[-3.04518951540499,51.1946519552783],[-3.05641989480066,51.186535568234],[-3.06138214651075,51.1735769891904],[-3.05723808197852,51.1734010031754],[-3.05618149248754,51.1733561094807],[-3.05615606121789,51.1736899342068],[-3.05595026605395,51.1763911112663],[-3.05593013644485,51.1766553053072],[-3.05555092629347,51.1816318885492],[-3.0510400433665,51.1871154205023],[-3.03462949984068,51.1889205507116],[-3.02708386922012,51.192693571057],[-3.02514639763646,51.1957943878714],[-3.02224471976832,51.20043754249],[-3.01801496996201,51.2072036958287],[-3.01621010759202,51.2029237813111],[-3.01569410843895,51.2100456165996],[-3.00246321191138,51.2258535009561],[-3.00233165891691,51.2260106141583],[-3.00308678057638,51.2258144345049],[-3.00419286036122,51.2255270621216],[-3.00407676612172,51.2257524056496],[-3.00186087685316,51.2300530765089],[-3.00176387597782,51.2303171752656],[-3.00027923970611,51.2343999651349],[-2.99935376212906,51.2369446774687],[-3.00182311790027,51.2448770801268],[-3.01561231058946,51.2576297853557],[-3.02189668640386,51.2690266966599],[-3.01123616570036,51.3202919489399],[-3.0137972037091,51.3235364273104],[-3.02814036534534,51.3241770138023],[-3.03592989396078,51.3285451721506],[-3.00297143260305,51.3251521919709],[-2.9941562320875,51.3209386833221],[-2.99755944336203,51.3191376337633],[-2.98663175100594,51.3127488399457],[-2.98653932522961,51.3126482212458],[-2.98657424778739,51.3124160781549],[-2.99521572870653,51.3075756405977],[-2.99470313050713,51.3059255320811],[-2.99498008665844,51.3057540429848],[-2.99441701648755,51.3050209473688]]]]},"properties":{"FID":43,"SICBL26CD":"E38000150","SICBL26NM":"NHS Somerset ICB - 11X","ICB26CD":"E54000038","ICB26NM":"NHS Somerset Integrated Care Board","BNG_E":309318,"BNG_N":131066,"LONG":-3.295696,"LAT":51.07173,"GlobalID":"fca61d1e-17d4-4baa-a0f0-88626467792b"}},{"type":"Feature","id":44,"geometry":{"type":"MultiPolygon","coordinates":[[[[-2.11003120399549,52.6755224827156],[-2.10010359389703,52.6648180309244],[-2.09201263181697,52.6648443452403],[-2.06541936277228,52.6561076527487],[-2.05567395191872,52.6471449047746],[-2.04462035257251,52.6453342212889],[-2.04373192261721,52.6408306824365],[-2.0525221215112,52.6421271988932],[-2.06542655293192,52.6372597241426],[-2.09924833416194,52.6327618592548],[-2.11380120776818,52.6379105419578],[-2.1316441022298,52.6376230720754],[-2.1371244315301,52.6297990857172],[-2.15298300293176,52.6297528522216],[-2.15155415329941,52.6245909523591],[-2.16278616409915,52.6212216917249],[-2.16173141342554,52.6191298781436],[-2.1684885489043,52.6198637611906],[-2.16493021434652,52.6165791172313],[-2.17096368417699,52.6143339976743],[-2.1691570583794,52.6093385120697],[-2.17245368489862,52.6102746248475],[-2.1803135009602,52.604901579099],[-2.18720931661306,52.6090098571294],[-2.19639732544219,52.6066154231088],[-2.1909380397723,52.6022283762014],[-2.18930921040774,52.5886085387638],[-2.20687693836552,52.5865834826861],[-2.1999004100584,52.5838452680596],[-2.20396250396796,52.5838627670162],[-2.20180308491858,52.5787799240101],[-2.18943125972428,52.5772701527414],[-2.18827761015085,52.574175327979],[-2.18344448208042,52.576943803752],[-2.18033675752219,52.5745050821795],[-2.17553440127204,52.5544070328479],[-2.17014286030254,52.5560332302897],[-2.1650060310075,52.5538667200478],[-2.16454176374672,52.5559235338439],[-2.1530545337326,52.5536752342805],[-2.14095624804709,52.5585394795194],[-2.13348684258929,52.5540665496377],[-2.13915072062682,52.5480649820935],[-2.13558723605128,52.534460821497],[-2.15220986257084,52.5256963588569],[-2.14574580419187,52.523488541825],[-2.14421087487744,52.5170744250878],[-2.15031792426421,52.5141509204801],[-2.17824377241815,52.5116484097401],[-2.18798235061963,52.5083628774799],[-2.1866195299705,52.5047870368718],[-2.19194082215129,52.5034552316909],[-2.18478357664304,52.500347119941],[-2.18865943940689,52.4945072804492],[-2.18224806231518,52.4931499912718],[-2.17750802816653,52.4787549400899],[-2.16741959149865,52.471541107421],[-2.17648301290364,52.4548217587107],[-2.16485125529643,52.4302039228808],[-2.16381089145443,52.4232584214488],[-2.18580908885813,52.4262100909523],[-2.19289618850817,52.4232966626486],[-2.19699587084126,52.4277553875112],[-2.21042767545025,52.4299530549592],[-2.21787710178832,52.4353684176753],[-2.26139279276121,52.4372874226139],[-2.26273111376143,52.440705078665],[-2.26950466498344,52.4386159552043],[-2.2949640719407,52.4489476535557],[-2.2873820002346,52.4553169186055],[-2.29563026581531,52.4738917138809],[-2.3127487597802,52.489208973163],[-2.30644254259303,52.4998567476006],[-2.29139002409709,52.5116799491684],[-2.26094348173057,52.5241027213978],[-2.26921460356006,52.5306887839195],[-2.25640488933553,52.5417966712771],[-2.26572942449755,52.5493131085781],[-2.28247575508492,52.5533968751911],[-2.26083625787886,52.5631575532257],[-2.26193733559828,52.5690595110221],[-2.27865488637997,52.5834187972736],[-2.29505614430622,52.5846275269884],[-2.30029312415664,52.5930272851748],[-2.30854607562886,52.5910937079436],[-2.32202458037428,52.5936361179644],[-2.32379952535001,52.612953617875],[-2.31346126782759,52.6140557502022],[-2.30960112193753,52.607401155564],[-2.28158463316464,52.6058740952196],[-2.26688966542417,52.610410992401],[-2.25617056239669,52.609798133828],[-2.23289465718627,52.6476942724382],[-2.22253754911213,52.6422050134492],[-2.21646581729956,52.6438857083169],[-2.19401903197115,52.6400404909904],[-2.18212207445863,52.6321153512204],[-2.16221876361306,52.6310813739959],[-2.15556289354345,52.6477171086958],[-2.1470845418188,52.6475995730395],[-2.13892641101754,52.6580999876801],[-2.13505283712219,52.6593630193724],[-2.13306147798242,52.6563327038149],[-2.13082334771166,52.6601243084619],[-2.12215899349217,52.6606035125733],[-2.12273501069005,52.6732613083175],[-2.11498318029327,52.6722056171036],[-2.11414372586735,52.675067267099],[-2.11003120399549,52.6755224827156]]],[[[-1.91490443468483,52.7404558279707],[-1.90736376147247,52.7336346657611],[-1.88401046012633,52.7359159791852],[-1.86019232882836,52.7298694001976],[-1.84654611826944,52.721265144062],[-1.85375454187903,52.7112988322817],[-1.86560688301904,52.707717781403],[-1.85380552723567,52.6986212249974],[-1.84941214684551,52.7006689850312],[-1.8464694536839,52.6972306633804],[-1.83591732470105,52.7019630753335],[-1.82985041985562,52.7003633640748],[-1.82088551394653,52.7032733588836],[-1.81723608720982,52.7012076688994],[-1.80349875379744,52.706966091647],[-1.78000325968611,52.6997171098796],[-1.78284377735413,52.697414530607],[-1.77624950120804,52.6954827224864],[-1.76040872597804,52.7023752844735],[-1.74534471840285,52.7004810893171],[-1.73277836797673,52.7060018621162],[-1.73063906021145,52.7179510730824],[-1.72311422882875,52.7220777334073],[-1.72584591670537,52.7289507943478],[-1.70415785356229,52.7320784712036],[-1.69695162341206,52.7271944481292],[-1.67794423330285,52.727504019491],[-1.67559460786365,52.7248699036945],[-1.65660768729891,52.7217484359267],[-1.65929107591713,52.7140834555543],[-1.65430134465906,52.708208587003],[-1.65504146914166,52.6987985183786],[-1.63765307724076,52.6996754623802],[-1.63534065905982,52.7024832886364],[-1.62525094975922,52.6974226945679],[-1.61537504095764,52.7007074676411],[-1.60549458931455,52.6965389347486],[-1.59754128380732,52.7004215582902],[-1.58628540038401,52.694498577469],[-1.58964547975142,52.6872606329878],[-1.60428282667682,52.6789984381547],[-1.6042651365934,52.6737214540875],[-1.61554411174651,52.6719790914563],[-1.61558973769657,52.6687154074481],[-1.64494282733195,52.6575168845404],[-1.64000440743759,52.6478344185959],[-1.63292041046565,52.6435262941456],[-1.64242244269649,52.6409400487582],[-1.63819170003578,52.6377516784502],[-1.64250857060454,52.6314160460947],[-1.63818088299148,52.6255208348808],[-1.64411739100877,52.6207915982847],[-1.63601529306003,52.6196167089465],[-1.64886374661998,52.5986105228872],[-1.6607813832786,52.5945102348859],[-1.66570803720501,52.5956658750296],[-1.66601342391442,52.5921849326539],[-1.68590028945681,52.5933484429586],[-1.68845464713835,52.5886966850887],[-1.69852210135518,52.5909781966605],[-1.70409813782192,52.5906473237749],[-1.70478611756857,52.5875063421755],[-1.72931157934215,52.5879338626155],[-1.73900137604658,52.5892998406648],[-1.74213520429144,52.5943300782806],[-1.76847259710906,52.5891160248863],[-1.77631821009363,52.5922196561384],[-1.78808144217467,52.5878623708319],[-1.79652968706919,52.5991232156012],[-1.82812842950594,52.6087220612627],[-1.85395372049718,52.6019250762424],[-1.87256451401935,52.5849446257126],[-1.89226574760774,52.5991519727272],[-1.88608790348789,52.6154116756434],[-1.91598521309119,52.6352858888007],[-1.90508397862874,52.6432074532983],[-1.91801500577538,52.6498950320139],[-1.9086598794902,52.6539999697911],[-1.91087813020855,52.656500817027],[-1.91284224422329,52.6582336506484],[-1.92368369798069,52.6555277981847],[-1.9335689040641,52.6616099590974],[-1.94035931798837,52.6563241690209],[-1.94540184689038,52.6562985750669],[-1.9545691779252,52.6626413156628],[-1.96322536916673,52.6746329562803],[-1.96199900843651,52.6782248436884],[-1.95831049761393,52.6768279432996],[-1.95924989893184,52.6841489916851],[-1.94920311800552,52.6892777584167],[-1.94963255448003,52.6956680881364],[-1.93323513736437,52.6960051643284],[-1.92940940026122,52.7050053042206],[-1.91551051994477,52.7106386887422],[-1.93738502017119,52.7140826101256],[-1.93393426711999,52.7276796734199],[-1.92584486011596,52.7348592325085],[-1.91490443468483,52.7404558279707]]]]},"properties":{"FID":44,"SICBL26CD":"E38000153","SICBL26NM":"NHS Staffordshire and Stoke-on-Trent ICB - 05Q","ICB26CD":"E54000010","ICB26NM":"NHS Staffordshire and Stoke-on-Trent Integrated Care Board","BNG_E":414106,"BNG_N":307222,"LONG":-1.792866,"LAT":52.66255,"GlobalID":"1d33a106-a0a9-4792-8f21-8551afda3e0c"}},{"type":"Feature","id":45,"geometry":{"type":"MultiPolygon","coordinates":[[[[-3.06336713114928,53.5264780145298],[-3.07092871468224,53.5215401351518],[-3.07911813451981,53.5261443725816],[-3.06336713114928,53.5264780145298]]],[[[-2.88171640511975,53.5205440782768],[-2.89238896006107,53.5111460913249],[-2.88798923502368,53.5038317176544],[-2.89774454142241,53.5014001412192],[-2.89941662702729,53.4917847929164],[-2.90514626757206,53.4920328337215],[-2.91267978630004,53.4831862457856],[-2.91955906089463,53.4820728550875],[-2.91682097539058,53.4792688821421],[-2.92256732719741,53.4749988259462],[-2.95630638238201,53.47299342334],[-2.95930173598287,53.4676656494188],[-2.967332161411,53.4677622600986],[-2.97381250331999,53.4627368355734],[-2.97491068402746,53.4433554527226],[-3.00862917921222,53.4378888447917],[-3.0087553041663,53.4383815403633],[-3.02355445278711,53.4562313440767],[-3.02773795249665,53.4551332298326],[-3.02816318556703,53.4554379574111],[-3.03722719826878,53.4621194435165],[-3.04042291475171,53.4647457960478],[-3.04145607648159,53.4656287466038],[-3.0375828033773,53.4684663786472],[-3.04341781400695,53.47789913797],[-3.05480979258477,53.492061615499],[-3.06506183003855,53.5047971855252],[-3.06403357007708,53.5104953155597],[-3.06396809376324,53.5113194244299],[-3.06273854047787,53.5267895894037],[-3.06271652140151,53.5270665282709],[-3.05836608140747,53.5310580047225],[-3.01368329344681,53.5087454936733],[-3.00504055486448,53.5102858923199],[-2.99152279687644,53.5229913839112],[-2.97607356112082,53.5153020322629],[-2.96414267612758,53.5186060980347],[-2.96324789346518,53.5248369053079],[-2.97845983651436,53.5439964824439],[-2.97254819431733,53.5479608810311],[-2.95501280377443,53.5460750236655],[-2.93605443046374,53.5384173813826],[-2.9230095229472,53.525220216902],[-2.88171640511975,53.5205440782768]]]]},"properties":{"FID":45,"SICBL26CD":"E38000161","SICBL26NM":"NHS Cheshire and Merseyside ICB - 01T","ICB26CD":"E54000008","ICB26NM":"NHS Cheshire and Merseyside Integrated Care Board","BNG_E":335205,"BNG_N":400062,"LONG":-2.978118,"LAT":53.49327,"GlobalID":"8cd75cf2-e584-462b-9802-6d2c6b50d5a5"}},{"type":"Feature","id":46,"geometry":{"type":"Polygon","coordinates":[[[-1.36397526377126,54.9440687124064],[-1.37434893162176,54.9435359716908],[-1.37568333978317,54.9369102063305],[-1.4026738311772,54.9386291008228],[-1.41675796996458,54.9339637034232],[-1.4193425867648,54.9299203873784],[-1.44909365255864,54.9340882608571],[-1.46064044873993,54.9302815059118],[-1.48323889206104,54.9284205493867],[-1.51121752705495,54.931666040257],[-1.51806273897582,54.9470481069124],[-1.51532972640323,54.9573497095116],[-1.53070002472494,54.9579773593578],[-1.52918005441357,54.9633017427704],[-1.53436946380505,54.964882987591],[-1.53417275688498,54.9650985218612],[-1.52838827497977,54.9821124070673],[-1.5064120021155,54.9861034002123],[-1.50608868680942,54.9861001183984],[-1.4813652509343,54.9858466058501],[-1.4807685905025,54.9858714043682],[-1.47230464877068,54.9862228635226],[-1.47101247550781,54.9837749486221],[-1.47181975719903,54.9861389895805],[-1.46431405589544,54.9840402750262],[-1.45158817179994,54.9851580877228],[-1.44909469503205,54.9853769405482],[-1.44367703564044,54.9930124956742],[-1.44356911999851,54.993164557812],[-1.43980418693047,55.0039174212234],[-1.42906385461312,55.0073209573673],[-1.42383599316737,55.0081572908516],[-1.41865785674011,55.0032629622785],[-1.41415671034667,55.0052750138933],[-1.41109922831956,54.9992875279974],[-1.41089417559432,54.998883506532],[-1.39342119653654,54.9881777591249],[-1.38113262776522,54.9857735920304],[-1.38074742382483,54.9837935003821],[-1.38090687241817,54.9803931215152],[-1.38091236246012,54.9802760582706],[-1.37658896009803,54.9783596968194],[-1.36074054011455,54.9713319655107],[-1.35663012910714,54.9651987888726],[-1.35435656821627,54.9601239847597],[-1.35443111000026,54.9560424200779],[-1.36386831459343,54.9442115945973],[-1.36397526377126,54.9440687124064]]]},"properties":{"FID":46,"SICBL26CD":"E38000163","SICBL26NM":"NHS North East and North Cumbria ICB - 00N","ICB26CD":"E54000050","ICB26NM":"NHS North East and North Cumbria Integrated Care Board","BNG_E":435503,"BNG_N":564060,"LONG":-1.446966,"LAT":54.96991,"GlobalID":"596ac592-5804-4ba8-8559-a20be38ce27d"}},{"type":"Feature","id":47,"geometry":{"type":"MultiPolygon","coordinates":[[[[0.63987627016617,51.5334567747481],[0.626737319981734,51.5321763116754],[0.625466041794963,51.5323671697807],[0.625344967895722,51.5323853455008],[0.625020206562933,51.5365729511396],[0.625106257995668,51.5365804055874],[0.640071203668796,51.5378757789898],[0.640329540959774,51.537866763131],[0.646533496643483,51.5376500779636],[0.639970585012382,51.5335161888131],[0.63987627016617,51.5334567747481]]],[[[0.749072474140008,51.5593609521039],[0.761159711771609,51.5529653638513],[0.786690116570859,51.5529433427245],[0.788986488661959,51.5424473438349],[0.810868663707469,51.5401324008362],[0.814869407507503,51.5437317582527],[0.819168088788702,51.5422063902953],[0.821152640103511,51.5406049059301],[0.787770680963095,51.5218312592832],[0.777909876304213,51.5226195840682],[0.77655543989085,51.5227278032257],[0.768357281628453,51.5254520277874],[0.768295536668192,51.5254599448776],[0.731570435888342,51.530162749578],[0.730801823536657,51.5303300006188],[0.720517136129341,51.532567364957],[0.718475979486183,51.5327422041731],[0.690406546394642,51.5351428408036],[0.687932891933451,51.5353540698502],[0.67071820226213,51.5381478958567],[0.640520755296506,51.5401417619817],[0.640203611913495,51.5401626601569],[0.627203425407398,51.5380388370901],[0.625012531437779,51.5376779067548],[0.624935492865901,51.5376652148548],[0.624160358910844,51.5476575551147],[0.626847186477572,51.5552333318677],[0.635576041184841,51.5606495613255],[0.631589344833329,51.5699304805991],[0.634646304523988,51.574940616851],[0.638950564698147,51.5768009359272],[0.651466749226725,51.5734792216558],[0.675333754162071,51.5728679380392],[0.675419276051392,51.5701443514081],[0.682605851946064,51.568767988963],[0.705659766349293,51.5674956076447],[0.718391557217331,51.5609458589376],[0.749072474140008,51.5593609521039]]]]},"properties":{"FID":47,"SICBL26CD":"E38000168","SICBL26NM":"NHS Essex ICB - 99G","ICB26CD":"E54000066","ICB26NM":"NHS Essex Integrated Care Board","BNG_E":587777,"BNG_N":186837,"LONG":0.706923,"LAT":51.54918,"GlobalID":"9368358a-0a36-4328-b716-4167f46d09e9"}},{"type":"Feature","id":48,"geometry":{"type":"Polygon","coordinates":[[[-2.95523082108397,53.6964958058317],[-2.94678561830188,53.6880176449039],[-2.95249364442807,53.6822791400129],[-2.9443078104564,53.679129453271],[-2.94743809042695,53.6673491037819],[-2.94014413515615,53.6586105646404],[-2.94986650327452,53.6524397968393],[-2.96651067693629,53.6318648906154],[-2.9818234040383,53.6222053736976],[-2.99372097020379,53.6282713817251],[-3.00072225404771,53.624972669895],[-3.01249863959285,53.6123151608511],[-3.02882211890917,53.6023199513495],[-3.03598373999308,53.5872218875053],[-3.02070918071964,53.58367513359],[-3.02262005301328,53.5695980097637],[-3.04038831197322,53.5652720382103],[-3.03880937255675,53.5519052661864],[-3.04669874030101,53.5429584478709],[-3.03868414142433,53.5382994206811],[-3.02509059397621,53.5390059870136],[-2.99152279687644,53.5229913839112],[-3.00504055486448,53.5102858923199],[-3.01368329344681,53.5087454936733],[-3.05836608140747,53.5310580047225],[-3.06271652140151,53.5270665282709],[-3.06269259750895,53.5273674156352],[-3.0640893032736,53.5306079695072],[-3.06336713114928,53.5264780145298],[-3.07911813451981,53.5261443725816],[-3.08540285046902,53.5337457716427],[-3.10147987878623,53.5408076722762],[-3.10546969372255,53.551515121877],[-3.10051940107972,53.5693935583247],[-3.086128697806,53.5873467566803],[-3.06211528619626,53.6101700240104],[-3.06198633443897,53.6103440957226],[-3.04272333876982,53.6363293791139],[-3.03115105370248,53.6476501016393],[-3.01780002231058,53.6541759088142],[-3.01765963216288,53.6543291635083],[-3.00319787554834,53.670109250229],[-3.00641633416462,53.671336109774],[-3.01095129838762,53.6669761690439],[-3.01500641637631,53.6721798090291],[-3.01560673548138,53.6729500327362],[-3.01409163674866,53.6791290336072],[-3.00236758960063,53.67695728702],[-2.98790424659545,53.6846530894819],[-2.98297340033182,53.6825365287523],[-2.98846018151549,53.6873774162755],[-2.98468573864038,53.6897356976541],[-2.9804478745622,53.6867117224675],[-2.98015519855049,53.689024014942],[-2.98007033947605,53.6897464517317],[-2.97714577059521,53.6965349900239],[-2.96527621527027,53.6982022377334],[-2.96459264777716,53.6934789851597],[-2.97148810101294,53.6921631685983],[-2.96294795680419,53.6928809928634],[-2.95830252070891,53.6875845229667],[-2.95405295878304,53.6913772967952],[-2.95732724900187,53.6910510203013],[-2.96228359433791,53.6938318960573],[-2.95523082108397,53.6964958058317]]]},"properties":{"FID":48,"SICBL26CD":"E38000170","SICBL26NM":"NHS Cheshire and Merseyside ICB - 01V","ICB26CD":"E54000008","ICB26NM":"NHS Cheshire and Merseyside Integrated Care Board","BNG_E":332431,"BNG_N":415132,"LONG":-3.023186,"LAT":53.62835,"GlobalID":"39a9f396-c476-4d2a-843f-eddad5efec0b"}},{"type":"Feature","id":49,"geometry":{"type":"Polygon","coordinates":[[[-2.73052481406758,53.5205973715877],[-2.72377817585467,53.5103661442704],[-2.71562458513481,53.5106660410525],[-2.71000689230857,53.5146415574979],[-2.7064256806805,53.5057876755672],[-2.69889288654237,53.5020315132824],[-2.66630887371546,53.499762852401],[-2.6631135990431,53.4928676524544],[-2.65673153017986,53.4925224316203],[-2.6455401452251,53.4802524423032],[-2.61213849837614,53.4811379464355],[-2.60786376938743,53.4708281242136],[-2.61454847864208,53.4703611268078],[-2.61535860668011,53.4636009081212],[-2.59929773849437,53.461101584903],[-2.59626473101658,53.4565290453401],[-2.58314956187543,53.4533281856124],[-2.58331861300837,53.4488719142917],[-2.57674273987858,53.4460572115317],[-2.58514017626756,53.4397368870208],[-2.59873709381092,53.4503820421667],[-2.59673236475425,53.4424813272151],[-2.61118669559829,53.4423064071422],[-2.62741128198956,53.434390437461],[-2.63903104884276,53.4443569696253],[-2.67716711266669,53.4527530468609],[-2.68207052281749,53.4388941947869],[-2.6687337653448,53.4410841272567],[-2.67530234253023,53.4329562001346],[-2.66485297795865,53.4313949289237],[-2.66346106930394,53.4287866689687],[-2.67231960487286,53.4220249245159],[-2.66685669870354,53.4162644523008],[-2.67193138213986,53.4153124476983],[-2.67625473911665,53.3876289845005],[-2.69063277257035,53.3853881532069],[-2.70491520703191,53.3867352993174],[-2.71273226247425,53.3906006849572],[-2.71532344849617,53.3990289526436],[-2.74520381364458,53.4019301168759],[-2.78677601972664,53.4011875654785],[-2.78573784318573,53.4150542596272],[-2.77816870633332,53.4162221266111],[-2.78245897434477,53.4193157227948],[-2.77621475445617,53.4266680559166],[-2.79333668237451,53.4310418850223],[-2.79684294723189,53.436058721185],[-2.80511903999037,53.4386136198187],[-2.80465896519573,53.4411982886826],[-2.79681947150958,53.4406090006861],[-2.79511048486087,53.4430886706192],[-2.80694192725803,53.4559179283452],[-2.80450828907698,53.4672073637275],[-2.81867165393264,53.4668978656521],[-2.81679303418558,53.4778829920421],[-2.82496400272432,53.485208941101],[-2.81991590600019,53.4965268504433],[-2.82259017872993,53.5051205004961],[-2.81674060031922,53.5121743824357],[-2.79459148793187,53.5213017722529],[-2.78246736729983,53.531418668517],[-2.76887286951745,53.5135716127226],[-2.7598472468672,53.5125377957229],[-2.73052481406758,53.5205973715877]]]},"properties":{"FID":49,"SICBL26CD":"E38000172","SICBL26NM":"NHS Cheshire and Merseyside ICB - 01X","ICB26CD":"E54000008","ICB26NM":"NHS Cheshire and Merseyside Integrated Care Board","BNG_E":353414,"BNG_N":395991,"LONG":-2.703078,"LAT":53.45861,"GlobalID":"6c8a0a12-871f-429a-ae5a-231aa941db60"}},{"type":"Feature","id":50,"geometry":{"type":"Polygon","coordinates":[[[-2.08812781483436,52.9738520359361],[-2.06844718095269,52.9683670256625],[-2.06888027313436,52.9629933166998],[-2.04303154143835,52.9513533470555],[-2.0499328642985,52.9393781064709],[-2.04626505603367,52.9368319114849],[-2.06304313237133,52.9224390469473],[-2.04152659342085,52.9174770527449],[-2.04265043766708,52.9157261767762],[-2.01275012285487,52.9065816469395],[-2.01696906404956,52.9023050290289],[-2.00272915102038,52.8968558465285],[-1.9997036731195,52.8922686482626],[-1.98594197981216,52.8952976215448],[-1.97965981710775,52.8932789316413],[-1.97007241903975,52.8851079049492],[-1.9683760725766,52.8748466967537],[-1.96053677475576,52.8702266677678],[-1.95242144177298,52.8684343124206],[-1.93598460429175,52.8706096448991],[-1.93763674861531,52.8588650293053],[-1.9333304753706,52.8544418674504],[-1.93987333466005,52.8516875585793],[-1.93678493696609,52.8480937826643],[-1.95114419708006,52.8437291950783],[-1.95314615566941,52.8323209791234],[-1.96788437997689,52.8243012246312],[-1.95141532077055,52.8081178100278],[-1.95263090189234,52.8006382127745],[-1.95813080825038,52.7984912169454],[-1.94804339944623,52.7934239323087],[-1.95069259807089,52.7897764510877],[-1.94527628679907,52.7893524303132],[-1.95206493989812,52.7801635361683],[-1.9439439161087,52.7737593321995],[-1.97053552080031,52.7650258228001],[-1.97313019818828,52.7615582204606],[-1.99677599478195,52.7636439953535],[-2.01842601261637,52.7588605326656],[-2.0147803564108,52.7535103160141],[-2.01790588411588,52.7415172016062],[-2.04143816043919,52.7273238346647],[-2.06275213575666,52.7244328215165],[-2.06059157428336,52.7106820622926],[-2.06823214980931,52.7026246820912],[-2.07209336609593,52.7023790872143],[-2.07791703157594,52.6938515332527],[-2.0839537152468,52.6944628493625],[-2.08696002403076,52.6867978433587],[-2.09536521873109,52.6879870393183],[-2.1187417053184,52.6748263042502],[-2.11414372586735,52.675067267099],[-2.11498318029327,52.6722056171036],[-2.12273501069005,52.6732613083175],[-2.12215899349217,52.6606035125733],[-2.13082334771166,52.6601243084619],[-2.13306147798242,52.6563327038149],[-2.13505283712219,52.6593630193724],[-2.13892641101754,52.6580999876801],[-2.1470845418188,52.6475995730395],[-2.15556289354345,52.6477171086958],[-2.16221876361306,52.6310813739959],[-2.18212207445863,52.6321153512204],[-2.19401903197115,52.6400404909904],[-2.21646581729956,52.6438857083169],[-2.22253754911213,52.6422050134492],[-2.23289465718627,52.6476942724382],[-2.23746967511447,52.6510902985122],[-2.23470909526321,52.6558541871555],[-2.24768778576131,52.6566598282479],[-2.23871528958385,52.663701204087],[-2.2477292021248,52.6830747695237],[-2.27367702857231,52.6797764740227],[-2.30304049608101,52.6829527278858],[-2.30799525634758,52.6933319760078],[-2.31990776071553,52.6953977970871],[-2.32483363374689,52.70533563055],[-2.30860352794097,52.7207462451838],[-2.3164435168798,52.7281678965127],[-2.31671744477575,52.7379759841747],[-2.31220960193388,52.7407341437129],[-2.31520787842036,52.7454816290055],[-2.32454937070723,52.7514780656173],[-2.33047530833236,52.7516173095546],[-2.3301340453571,52.757978091284],[-2.36886799625941,52.7773075650212],[-2.36609715883563,52.7833990160298],[-2.37892945381824,52.7841330997297],[-2.38503125295624,52.7895535332806],[-2.38063994569571,52.7947288131223],[-2.37141416053041,52.7952850529645],[-2.37765464846157,52.811642885246],[-2.41634670987211,52.8270060544446],[-2.40765557285696,52.8346054169983],[-2.39709063396591,52.8338538113819],[-2.39375592274205,52.8366204864297],[-2.38849541279748,52.8622340005228],[-2.38115571055732,52.867063218404],[-2.38251224589915,52.8766101203002],[-2.37537897833106,52.8914729604781],[-2.37893842582711,52.8917191846812],[-2.38269916741081,52.8978963724437],[-2.37917233638732,52.912886809677],[-2.35791689354369,52.9185968149858],[-2.3473710791497,52.9141104611568],[-2.33285709977709,52.9281341314473],[-2.31991234647108,52.9324322176506],[-2.30205122003325,52.9300426794594],[-2.29641028372949,52.9319477967324],[-2.28547415043764,52.9266181417505],[-2.26411240992795,52.9236961431165],[-2.26326391459366,52.9339649257765],[-2.27315258585894,52.941173299523],[-2.27801975096391,52.9512470306894],[-2.27014685072797,52.9634782614603],[-2.2644037962892,52.9628493110131],[-2.26256567716204,52.9656898620817],[-2.25357475068977,52.9639311731263],[-2.23203569074539,52.9750398547979],[-2.21251369398955,52.9805793783633],[-2.2071697585535,52.9717744002934],[-2.19537569540089,52.9642241475784],[-2.19125394061419,52.9500876279572],[-2.1859974261987,52.951006437381],[-2.18160906020848,52.9462065532887],[-2.17453898522709,52.9472320894708],[-2.17689824902367,52.9537072966477],[-2.1722130309611,52.9549462701548],[-2.17111997316881,52.951728918757],[-2.16259494526048,52.9533657685022],[-2.15949924316979,52.96361934094],[-2.15098515533368,52.9641204133528],[-2.15156949060367,52.9711361757948],[-2.14571021464798,52.9761107227886],[-2.13040325438442,52.9711764772269],[-2.1216570338109,52.9560861965241],[-2.11018364599718,52.9578594663998],[-2.10959644800698,52.962359195698],[-2.10300841760135,52.9634119041393],[-2.10007058676325,52.9607317860058],[-2.08121854219657,52.9669061146836],[-2.08812781483436,52.9738520359361]]]},"properties":{"FID":50,"SICBL26CD":"E38000173","SICBL26NM":"NHS Staffordshire and Stoke-on-Trent ICB - 05V","ICB26CD":"E54000010","ICB26NM":"NHS Staffordshire and Stoke-on-Trent Integrated Care Board","BNG_E":388315,"BNG_N":321340,"LONG":-2.174707,"LAT":52.78952,"GlobalID":"29783612-ab16-44d1-9316-27d121d01154"}},{"type":"Feature","id":51,"geometry":{"type":"Polygon","coordinates":[[[-2.02622369290305,53.4298021442255],[-2.01972440977663,53.4251186721624],[-2.02370976196732,53.4205517476264],[-2.01369702849278,53.4158898877988],[-1.99232955030394,53.4151931069719],[-2.00501937108144,53.3928485324106],[-2.00464286274966,53.3863274734493],[-2.01971455611163,53.3805954314117],[-2.01708389822909,53.3778326152475],[-2.02147202314721,53.3750591877105],[-2.0337752252591,53.3755416282598],[-2.0310588041656,53.3702620480441],[-2.04056372697947,53.3740876342257],[-2.05532067459053,53.366891213076],[-2.05980564977216,53.3588297756507],[-2.06807762457238,53.3573937188276],[-2.08375745294581,53.3595537603792],[-2.09517910705384,53.366080756008],[-2.12319590060373,53.3619467354057],[-2.13902520616493,53.3673169038564],[-2.13819652709719,53.3568911947814],[-2.15118968819072,53.3481322736019],[-2.14409918077634,53.3428709689761],[-2.1500081972243,53.3382973470305],[-2.15253558063921,53.3285532493248],[-2.16063118433802,53.3273204893916],[-2.17048839705194,53.3318303376805],[-2.17972685493573,53.3302819570931],[-2.19416304213349,53.3386504191915],[-2.18097715008008,53.3440438696422],[-2.18801517032237,53.3487366323969],[-2.18544101109107,53.3526596813156],[-2.20846433984606,53.3550043570247],[-2.20740965713863,53.3567985499239],[-2.2222242621477,53.3597812620861],[-2.24077934748905,53.3595717089761],[-2.23703319743193,53.3700651738482],[-2.24686817409403,53.3961021737481],[-2.23809314029452,53.400873098032],[-2.22256720370701,53.4011962405789],[-2.21269056052809,53.4069823851654],[-2.21348640492171,53.4189407067865],[-2.20650372227759,53.4190228775176],[-2.19957954578109,53.4267607832047],[-2.19318400934673,53.4276694950039],[-2.18872679860994,53.436822944712],[-2.17657811613472,53.433113521606],[-2.17279589819144,53.4479613196418],[-2.16595624101735,53.4537613490347],[-2.16142248471018,53.4518490233576],[-2.15844038508741,53.454895812229],[-2.14284657118249,53.4445452957626],[-2.14161966534799,53.4383463251176],[-2.12306336965993,53.4377171787379],[-2.12305804690709,53.441078982276],[-2.11991498371327,53.4363909156249],[-2.11600564210253,53.4407210738143],[-2.10243895949572,53.4326094722868],[-2.09669076356006,53.4336076207448],[-2.09748087913287,53.4370314570331],[-2.08904026066335,53.4373096351572],[-2.08403630092882,53.4340970607636],[-2.08571749077209,53.4291100933331],[-2.07956255002283,53.4261633534082],[-2.05577754809585,53.431748893368],[-2.03906672955332,53.4271163621245],[-2.02622369290305,53.4298021442255]]]},"properties":{"FID":51,"SICBL26CD":"E38000174","SICBL26NM":"NHS Greater Manchester ICB - 01W","ICB26CD":"E54000057","ICB26NM":"NHS Greater Manchester Integrated Care Board","BNG_E":391805,"BNG_N":388262,"LONG":-2.124689,"LAT":53.39115,"GlobalID":"43716d18-12e8-4722-b399-15b18c8f20d8"}},{"type":"Feature","id":52,"geometry":{"type":"Polygon","coordinates":[[[-2.08812781483436,52.9738520359361],[-2.08121854219657,52.9669061146836],[-2.10007058676325,52.9607317860058],[-2.10300841760135,52.9634119041393],[-2.10959644800698,52.962359195698],[-2.11018364599718,52.9578594663998],[-2.1216570338109,52.9560861965241],[-2.13040325438442,52.9711764772269],[-2.14571021464798,52.9761107227886],[-2.15156949060367,52.9711361757948],[-2.15098515533368,52.9641204133528],[-2.15949924316979,52.96361934094],[-2.16259494526048,52.9533657685022],[-2.17111997316881,52.951728918757],[-2.1722130309611,52.9549462701548],[-2.17689824902367,52.9537072966477],[-2.17453898522709,52.9472320894708],[-2.18160906020848,52.9462065532887],[-2.1859974261987,52.951006437381],[-2.19125394061419,52.9500876279572],[-2.19537569540089,52.9642241475784],[-2.2071697585535,52.9717744002934],[-2.21251369398955,52.9805793783633],[-2.20434031258919,52.9813983925525],[-2.21034569854604,52.9847790845021],[-2.21719090576262,53.0016364325553],[-2.21149665232052,53.0070348925428],[-2.21548623557194,53.0153046941102],[-2.20251728120765,53.0199603012829],[-2.22791745094558,53.0637305082934],[-2.23413976007346,53.0643929737172],[-2.23876132538136,53.0733388197731],[-2.21587894088379,53.0853099429677],[-2.20137050851657,53.086699893094],[-2.19861504194063,53.0927193447579],[-2.18177552901745,53.0893800697177],[-2.16977458319582,53.0967554316347],[-2.15881394986802,53.0954680844774],[-2.15776232499496,53.0924769878549],[-2.14896634682235,53.0961873542252],[-2.12753928618861,53.0986553359241],[-2.11294414389885,53.0939809309447],[-2.09782993040459,53.0937252958646],[-2.0949986836653,53.0882288018136],[-2.09877920532595,53.0848640600634],[-2.09461942214102,53.0817145381471],[-2.07609335377361,53.0817580883741],[-2.08228632736642,53.0712483762293],[-2.07863560360088,53.0678762986213],[-2.08631932055634,53.0668003760597],[-2.08885315180053,53.063217587891],[-2.08087682919393,53.0556577146666],[-2.09129648114948,53.038065416547],[-2.09635678163529,53.0336885303576],[-2.11040485854756,53.0419560118015],[-2.12650817599881,53.0401356994669],[-2.12916703327552,53.0356170692444],[-2.11880260817037,53.0264453260423],[-2.12313761209914,53.0209168359464],[-2.11234408042585,53.0171840869356],[-2.09382898455218,53.0211119010423],[-2.07377717033733,53.0214387642566],[-2.06610627611627,53.0254962232525],[-2.04403627004438,53.0212541125231],[-2.04789079837152,53.0166945404761],[-2.03566331753847,53.0151468712756],[-2.0229565239397,52.9962816429988],[-2.00881855701221,52.9869596090213],[-2.01619366312343,52.9874967930191],[-2.02015708382237,52.9836152060274],[-2.02983187678483,52.9819274973207],[-2.03220598038737,52.984588919697],[-2.03273114031591,52.9813177443623],[-2.04080751572875,52.9832986130265],[-2.05080974895427,52.9792277335679],[-2.06071364046537,52.9822506824657],[-2.06406481777031,52.9749861611186],[-2.07189629160123,52.9711970553034],[-2.08410638128796,52.975194836235],[-2.08812781483436,52.9738520359361]]]},"properties":{"FID":52,"SICBL26CD":"E38000175","SICBL26NM":"NHS Staffordshire and Stoke-on-Trent ICB - 05W","ICB26CD":"E54000010","ICB26NM":"NHS Staffordshire and Stoke-on-Trent Integrated Care Board","BNG_E":391803,"BNG_N":343660,"LONG":-2.123559,"LAT":52.99023,"GlobalID":"5f7a55c7-def7-4746-bc58-42bc68f18bd4"}},{"type":"Feature","id":53,"geometry":{"type":"Polygon","coordinates":[[[-1.36546541870043,54.9376566281772],[-1.36509987766623,54.9339197072823],[-1.36519878157338,54.9330268908496],[-1.36539305852531,54.9310915213837],[-1.36447520729988,54.9275321626392],[-1.36430747577063,54.9258166990752],[-1.36400341076926,54.9257023293619],[-1.3632954924509,54.9229564034038],[-1.36233825831078,54.9228122131991],[-1.36225746426972,54.9225932063199],[-1.36341118979104,54.9227431158208],[-1.36193237253934,54.9210870758808],[-1.36246303646762,54.9195537780602],[-1.36183405580211,54.9183168712021],[-1.36589103414449,54.9173443122838],[-1.36749868177496,54.9197817263693],[-1.3709930539526,54.9116983836949],[-1.37763793126555,54.9104680437889],[-1.37988714633599,54.9100514886292],[-1.38283280071156,54.9095012636537],[-1.37765197413497,54.9095575566592],[-1.37207200115382,54.9096226431005],[-1.36128122268954,54.9172296444014],[-1.35973224839502,54.9141830354084],[-1.35911379388106,54.9146238741951],[-1.35840832563363,54.9137132743285],[-1.3578148422328,54.9139063024654],[-1.35858302260313,54.9131068692687],[-1.35871017867952,54.9130451804162],[-1.35867354870447,54.9130126578157],[-1.35871893371751,54.9129654255443],[-1.35347812888024,54.9083990948899],[-1.35077203040989,54.9059955573397],[-1.35485026363921,54.9076105911511],[-1.35147621166938,54.9053110311787],[-1.36164017162446,54.8982975133715],[-1.35801261792531,54.8857588850975],[-1.3580022657345,54.8857230935109],[-1.34742279717278,54.8605935117639],[-1.34737577018773,54.8605262555392],[-1.36868366451595,54.8577023734763],[-1.381663479999,54.847159729579],[-1.41281864715847,54.8450832537217],[-1.41200768614143,54.8419013669692],[-1.42153611188297,54.8394761529595],[-1.41295540991129,54.8236546879861],[-1.42172524493788,54.8132864295148],[-1.42254830102881,54.8031728679786],[-1.44052003742386,54.7996452443875],[-1.44402166429427,54.8024700460823],[-1.49072648528752,54.7993042485251],[-1.49433010006553,54.8011697337961],[-1.481855405141,54.8096517580602],[-1.49430605398067,54.8160126031518],[-1.49029110028241,54.8201808266583],[-1.49373987701802,54.82347241184],[-1.49750867198732,54.8226282313923],[-1.50427974785352,54.8312296546196],[-1.51036298180714,54.8608589019669],[-1.50667007861253,54.8711406516172],[-1.53178181597993,54.8781885932058],[-1.54156838738747,54.8734592147325],[-1.56180996497407,54.8757169396207],[-1.55941086052354,54.8820368611652],[-1.55610586298456,54.8851919534395],[-1.5627849480736,54.905089331545],[-1.55708020073104,54.9092113889184],[-1.56889140020102,54.9246248862364],[-1.55668093690464,54.9299890561122],[-1.55330572895151,54.9277054086483],[-1.52844789796935,54.9331095413896],[-1.51121752705495,54.931666040257],[-1.48323889206104,54.9284205493867],[-1.46064044873993,54.9302815059118],[-1.44909365255864,54.9340882608571],[-1.4193425867648,54.9299203873784],[-1.41675796996458,54.9339637034232],[-1.4026738311772,54.9386291008228],[-1.37568333978317,54.9369102063305],[-1.37434893162176,54.9435359716908],[-1.36397526377126,54.9440687124064],[-1.36455487385526,54.938838722784],[-1.36546541870043,54.9376566281772]]]},"properties":{"FID":53,"SICBL26CD":"E38000176","SICBL26NM":"NHS North East and North Cumbria ICB - 00P","ICB26CD":"E54000050","ICB26NM":"NHS North East and North Cumbria Integrated Care Board","BNG_E":436455,"BNG_N":551514,"LONG":-1.43368,"LAT":54.85711,"GlobalID":"c3236720-48b7-48c2-83ca-06c1826ffdcb"}},{"type":"Feature","id":54,"geometry":{"type":"MultiPolygon","coordinates":[[[[0.548271120530091,51.5155052557291],[0.548493253440849,51.5141641645228],[0.545107916464707,51.5169849709706],[0.548271120530091,51.5155052557291]]],[[[0.421082748093938,51.5529663552519],[0.418247783797672,51.5508176448077],[0.426620228512451,51.5518765848208],[0.42769064289859,51.54513128775],[0.431000987147561,51.5497230014767],[0.439937173973407,51.5451136583334],[0.446013736217522,51.551177002101],[0.461617584456966,51.553697090283],[0.466763559836161,51.54672609449],[0.484841217291532,51.5478756410474],[0.491397206330567,51.5402386392218],[0.506059719098647,51.538536163854],[0.51700331906819,51.5301042861007],[0.516760299863652,51.5299855493867],[0.51322046597515,51.5318699954606],[0.506868774999988,51.531263959517],[0.517681557101836,51.5271094082557],[0.522193879480497,51.5159664811951],[0.54127138652028,51.5125607464342],[0.531314444162764,51.5084968426041],[0.52269123183289,51.5078840259805],[0.518719884620895,51.5104255131344],[0.508165354966102,51.505197050949],[0.49424254853679,51.5071325455805],[0.467285294890274,51.5037482498788],[0.460895596713762,51.5069771563643],[0.455889568439559,51.506850969647],[0.457411708143105,51.5054154438151],[0.457587539368674,51.5052496103429],[0.447625001861972,51.5001580382088],[0.446006958984826,51.5001547617132],[0.444974824975837,51.500152659962],[0.444288451797498,51.5001512572447],[0.445602656282082,51.4981793892108],[0.441840103311365,51.4935044062493],[0.440256658801377,51.4915366567754],[0.433979747212772,51.4614986154458],[0.398401563913328,51.4536616117025],[0.398110186227817,51.453643379963],[0.381659714804317,51.4526128564297],[0.378331526275371,51.456617850236],[0.378759071347683,51.4521358354594],[0.340845314505118,51.4523277366639],[0.328183675049949,51.4692850418741],[0.318735408175832,51.474115466806],[0.30620754289798,51.4737191690649],[0.305164075622992,51.4736861046429],[0.304678377376232,51.473537933185],[0.302391321017327,51.4728401848721],[0.291448103696448,51.4695006431817],[0.281402125989587,51.4613984588571],[0.247042158331995,51.4727355194011],[0.229312247679955,51.4857806288022],[0.228521388488694,51.4863622654305],[0.211869837997983,51.4899590096066],[0.214157135002959,51.4960398748891],[0.229965062404253,51.4993657919826],[0.226597241611812,51.5065623838257],[0.242019310398899,51.5079664712265],[0.237175886870167,51.5193346363782],[0.244905601416766,51.5187593283557],[0.240694712672273,51.5219558380323],[0.248965143549843,51.5286741818222],[0.253834580997659,51.5178864358011],[0.263682466589582,51.5178695572099],[0.265347144528309,51.5321501362237],[0.297755493610936,51.5353186127649],[0.300722808176699,51.5387560004195],[0.334024090966892,51.5405036821943],[0.327815464907394,51.5509939167869],[0.315250597617448,51.5578885613134],[0.31303521811723,51.5658181534423],[0.391809601316908,51.5672125807826],[0.393532517561788,51.5576550076087],[0.417397031904093,51.557133106951],[0.421082748093938,51.5529663552519]]]]},"properties":{"FID":54,"SICBL26CD":"E38000185","SICBL26NM":"NHS Essex ICB - 07G","ICB26CD":"E54000066","ICB26NM":"NHS Essex Integrated Care Board","BNG_E":562123,"BNG_N":181590,"LONG":0.334861,"LAT":51.50998,"GlobalID":"8aef3cd0-7b17-4784-9e4f-6b5283de0af3"}},{"type":"Feature","id":55,"geometry":{"type":"Polygon","coordinates":[[[-2.26534540009953,53.472715238237],[-2.26793126506219,53.4698549313399],[-2.25360352948072,53.4599517356195],[-2.27165098928036,53.4507073565002],[-2.28615088869488,53.449185899601],[-2.29329615554934,53.4445478627281],[-2.28991134396231,53.4413342767154],[-2.29539807371135,53.4387933193209],[-2.29421688316808,53.4360653876145],[-2.30018628693169,53.4364162258232],[-2.29945409332284,53.4332945153765],[-2.28807821092269,53.4315248150979],[-2.28341156929662,53.4248772881024],[-2.273707103186,53.422582284389],[-2.27779793847468,53.4155113841028],[-2.29393549361436,53.4136177081751],[-2.29768994093162,53.408362619414],[-2.31989680014328,53.4116532951567],[-2.30005422522501,53.3921709646068],[-2.29994338017861,53.3843582582019],[-2.28564105555643,53.3762235230608],[-2.2984479026945,53.3608870970659],[-2.31399387761143,53.357432002557],[-2.32342374944579,53.3582667499437],[-2.3243981927209,53.3613795401203],[-2.32904666328255,53.3607825322761],[-2.32989639968576,53.3639380471507],[-2.33987498915337,53.3673780079488],[-2.34900615562342,53.3658980349179],[-2.35689045671747,53.3685202076668],[-2.36502722660077,53.3631060439926],[-2.37578366436758,53.365351279463],[-2.38087496770317,53.3698960384942],[-2.4006975804305,53.3752206909945],[-2.41059627701478,53.3838656030367],[-2.42658937909758,53.3874613445029],[-2.44843861523545,53.3947998174177],[-2.45850251504079,53.3930113416784],[-2.46590576929654,53.3948200104792],[-2.47104394186726,53.3923383562901],[-2.47833412447017,53.3962464402122],[-2.46597668550507,53.4007477668178],[-2.4493779237472,53.4158916097603],[-2.41958277376868,53.4293190428747],[-2.40717120065451,53.4491688838141],[-2.39631829721352,53.4584258357434],[-2.35498132790473,53.4740159282168],[-2.32136530362584,53.4800724473723],[-2.28175945177011,53.4648446207256],[-2.26534540009953,53.472715238237]]]},"properties":{"FID":55,"SICBL26CD":"E38000187","SICBL26NM":"NHS Greater Manchester ICB - 02A","ICB26CD":"E54000057","ICB26NM":"NHS Greater Manchester Integrated Care Board","BNG_E":375793,"BNG_N":391163,"LONG":-2.365676,"LAT":53.41673,"GlobalID":"311c9558-6175-4dee-917d-d9c65b972221"}},{"type":"Feature","id":56,"geometry":{"type":"Polygon","coordinates":[[[-0.70490269245841,54.0060721379229],[-0.726137327242575,54.0002886860335],[-0.704833262277091,54.0025923054864],[-0.694792908839087,54.0007192610197],[-0.685267602314696,53.9935839629109],[-0.69983627715653,53.9896138871421],[-0.707204908613382,53.9815812294031],[-0.70665189716796,53.9751502290667],[-0.685153599768981,53.9715970038521],[-0.627462180216688,53.9802150059151],[-0.628912900399618,53.9607221469642],[-0.624935673149759,53.9522088165723],[-0.632566075568382,53.9411150259981],[-0.626006081991732,53.9277156337347],[-0.644026742606073,53.9224561094059],[-0.637962435524676,53.9141514847552],[-0.617256183208994,53.9037376027708],[-0.631907146136903,53.895710360205],[-0.676672024253555,53.8806699729221],[-0.694135699475748,53.8869791798521],[-0.712607659680656,53.8850599623158],[-0.721936346229945,53.8994006397691],[-0.688186496893329,53.9105719008206],[-0.701600952267258,53.9180007364402],[-0.705676621699522,53.9135265495506],[-0.713959708399469,53.9152377493435],[-0.735700790197535,53.9276162004601],[-0.76353408021274,53.9171335791525],[-0.777758352718477,53.8986644426267],[-0.783097166449957,53.9003923467223],[-0.790882912335132,53.8983089742573],[-0.799077281618687,53.9029081434781],[-0.80862598358372,53.9011660752594],[-0.804178836132904,53.8858742187699],[-0.821041126475175,53.8855896173781],[-0.818623716244762,53.8797152275829],[-0.841224842563572,53.868286200246],[-0.846399119391495,53.8609741556505],[-0.895364358078698,53.8734761215786],[-0.895317360417143,53.8675188026336],[-0.944971754266532,53.8575413502529],[-0.941996547952293,53.8548124400394],[-0.947026906695046,53.8436552303538],[-0.940303640262089,53.8327028127187],[-0.94061170258036,53.8235183180355],[-0.920106112771399,53.8160929771249],[-0.934499277125311,53.801777480826],[-0.92804447808067,53.7970926163745],[-0.936664681432725,53.779553823254],[-0.929275274931616,53.7735648140465],[-0.928254372645149,53.7655984408921],[-0.950442378921153,53.7541539236125],[-0.973606011959407,53.7498769685185],[-0.963113612663128,53.7464691160496],[-0.960738271601387,53.7360165645206],[-0.936511582193809,53.731977472193],[-0.910951205311436,53.7326702316396],[-0.903656169489086,53.7185160222429],[-0.92429920289769,53.7185682016709],[-0.944083805738365,53.7125259627395],[-0.957714860528992,53.7148353687507],[-0.961272560192541,53.7076961821498],[-0.957673541832671,53.7050532319727],[-0.96265061107951,53.7007956445269],[-0.970098305242525,53.7022137623644],[-0.967865331989642,53.7067211237756],[-0.980486776064261,53.7050392830267],[-0.980328069909779,53.6969423665393],[-1.00021657716712,53.6989003165799],[-1.00682340519206,53.6953005943839],[-1.022404187724,53.6980358913501],[-1.03892643712253,53.6938819703201],[-1.04575798527603,53.6986226663248],[-1.05362284434542,53.6968513604856],[-1.06165852391281,53.7067659010741],[-1.06966329691673,53.7028768665837],[-1.07493429636652,53.7039961643428],[-1.08501806824084,53.68695868403],[-1.08104593957662,53.684614746096],[-1.10199014791412,53.6743942267444],[-1.10357111247837,53.669556420157],[-1.091518283121,53.6686823094269],[-1.08563981107625,53.662392774206],[-1.07106028301956,53.6600216147216],[-1.07119000480126,53.657905049138],[-1.06023022988381,53.6592686996452],[-1.04866261671258,53.6560574070253],[-1.05327766063804,53.6515370070029],[-1.06594624231064,53.6489072667647],[-1.08481715815846,53.6517268709838],[-1.12174358263882,53.6467187388943],[-1.12899575144772,53.6429891852851],[-1.12887240376388,53.6349527738925],[-1.13540736294185,53.6327287712035],[-1.15229783247999,53.6427767334053],[-1.19031342087478,53.635916131513],[-1.20982732709975,53.643164004778],[-1.21089245943628,53.6409564233239],[-1.21564704491663,53.6419826770573],[-1.21938727235697,53.6366873903294],[-1.21746827218315,53.6242243370314],[-1.2328442563944,53.6211121294601],[-1.25547627633706,53.6454178066007],[-1.24696055101532,53.6556145213308],[-1.25231894316377,53.6666554909314],[-1.24395742722812,53.6732504538126],[-1.24441673776269,53.6924295949092],[-1.19900414506844,53.694893206964],[-1.19881806176213,53.700732848854],[-1.21844294621259,53.7070955736728],[-1.21981197966579,53.7144189483126],[-1.22654076103989,53.7098829358258],[-1.22957334287766,53.7149051944274],[-1.24798778826237,53.7117252680169],[-1.26870312358157,53.7149798206044],[-1.27231528142506,53.7252584168847],[-1.2919368261721,53.7387336787419],[-1.30204287873142,53.7417247979214],[-1.31535639441834,53.7436805670829],[-1.31223839067189,53.7558885821411],[-1.2949420381696,53.7554630728285],[-1.29674925420096,53.7589537538662],[-1.29038688680459,53.7631938163446],[-1.29558217039708,53.7713125660435],[-1.30678740902705,53.7730442110992],[-1.30346463131908,53.7749276506056],[-1.31380977619899,53.7815550127658],[-1.31487201276187,53.8095574108471],[-1.31243556938455,53.8143756606958],[-1.30362350196346,53.8165358727541],[-1.31038938715999,53.8199099404408],[-1.30967331756259,53.8228950801397],[-1.33609746805593,53.8335896684015],[-1.32534239101444,53.835057751859],[-1.32655709345001,53.8404234966042],[-1.34213761022738,53.8451727159651],[-1.3384291496391,53.8517443483548],[-1.35297013539235,53.8567504693778],[-1.31260266333984,53.8653168900772],[-1.31969403483764,53.8789576909626],[-1.31560713094492,53.8816822817083],[-1.32080424017656,53.8837879592519],[-1.31773129998008,53.8963488603678],[-1.32227164519556,53.9004570153018],[-1.32105410484394,53.9034801809718],[-1.31372505692207,53.9047017935426],[-1.29740562518495,53.904876780631],[-1.29672371603612,53.902521074064],[-1.28849273698194,53.9043292194949],[-1.28203056647613,53.9016404960888],[-1.2916019632688,53.8996890329336],[-1.28370908861794,53.8974020392804],[-1.27855211721907,53.8914307565182],[-1.27353767463987,53.8935952714012],[-1.26678924338704,53.8994925103592],[-1.27027013922714,53.9169755202729],[-1.2607977933472,53.9198722361065],[-1.26967290342025,53.9349653770038],[-1.25190213231103,53.9356015393276],[-1.24494857398999,53.9316105981423],[-1.23527794945727,53.9350079709289],[-1.22178799999404,53.9250437300207],[-1.20514279201085,53.9256218240374],[-1.19563892884242,53.9223807639423],[-1.22370557322113,53.9748292808453],[-1.21651969703813,53.9855905769845],[-1.20018138914919,53.989032167357],[-1.19221995968635,53.9841918114346],[-1.18210350967787,53.9853458193743],[-1.18328228613653,53.9962159774285],[-1.19193641960582,54.0005081723286],[-1.18856981510057,54.0024828639329],[-1.17997617923456,53.9988260964749],[-1.17501070995875,54.0015191291882],[-1.20677984537431,54.0162056631591],[-1.21843458427735,54.0144349111741],[-1.21762329290422,54.0241429358375],[-1.22439445674897,54.0346476769803],[-1.27726938261394,54.0350896288012],[-1.2809853823123,54.0457348216662],[-1.28858983494031,54.0517410686599],[-1.28732638368841,54.0615380201775],[-1.29785060043158,54.0660447944525],[-1.31043686289267,54.0807395299944],[-1.33841044684571,54.0822082019744],[-1.346761003802,54.1000623836944],[-1.33117184289359,54.099080487438],[-1.32773780521534,54.1019571461413],[-1.3334398603954,54.1090729928692],[-1.33589633437653,54.1061872379194],[-1.34070570869478,54.1075558927226],[-1.33492292036237,54.1122476062735],[-1.33280167797052,54.1221350751],[-1.33790977269576,54.1247016620816],[-1.34041953028621,54.1346272316192],[-1.33201649495006,54.1459866013132],[-1.33442013079547,54.1495302772684],[-1.33954147635807,54.1482606001375],[-1.3375971060807,54.1517145967392],[-1.34327496253175,54.156837890318],[-1.33362601453685,54.1593095539066],[-1.32604544351586,54.1559330664162],[-1.32370598238635,54.1575063693979],[-1.3229202405066,54.1544011800039],[-1.30796446735475,54.1549113602083],[-1.27688477718314,54.1457178211922],[-1.27209591909881,54.1507362292784],[-1.26287311730492,54.1492096619197],[-1.25753952723399,54.1524094643911],[-1.25851946536265,54.1658098297913],[-1.27130758195779,54.1721496568973],[-1.26048341181802,54.1878539603003],[-1.25129021520677,54.1899022695073],[-1.24579138035252,54.1880505962928],[-1.2461222051708,54.175685082553],[-1.23873581628547,54.1748126978062],[-1.22923179577269,54.1671375258842],[-1.23078450971882,54.1570021268365],[-1.21927533360869,54.1461582321354],[-1.21984891517078,54.1358495966326],[-1.2020329799438,54.1415208772439],[-1.18937521895093,54.1403882244878],[-1.15412229155831,54.1483359671303],[-1.13719741638036,54.143595213317],[-1.13128990513122,54.150668839308],[-1.13932955110984,54.1566164597631],[-1.12790132291276,54.1629638669225],[-1.13585504508809,54.1722148920438],[-1.12596463632603,54.1823958866479],[-1.13563652762151,54.1896530895636],[-1.1687144003944,54.2024746767965],[-1.18918999879411,54.2001159288355],[-1.18859404470269,54.2084800953153],[-1.1996613051159,54.212324718627],[-1.20020076152426,54.2163308880495],[-1.19204708126846,54.2211036662436],[-1.1966738996844,54.2263444618443],[-1.19701802270217,54.241095097167],[-1.20838505254811,54.2363761847319],[-1.2150642514421,54.2415173522669],[-1.21401361922772,54.2492392673347],[-1.20545611106831,54.2513185652109],[-1.21974751784698,54.2865736730597],[-1.24994102724522,54.3117750585342],[-1.24659314354035,54.3315381526248],[-1.2656390001239,54.3437112936752],[-1.26478946079652,54.3540915940324],[-1.25457327648524,54.3538699476926],[-1.23848133609683,54.3759498129098],[-1.2250395347815,54.3780379630315],[-1.20874198728428,54.3737828889833],[-1.18090223486631,54.3767338339071],[-1.17219318646638,54.3818708148925],[-1.16307123139554,54.3725085927612],[-1.15754781213596,54.349268631395],[-1.1455611264732,54.3489211713326],[-1.13293771049321,54.343591636967],[-1.1217944829555,54.3452381186961],[-1.11858419279893,54.3387286725503],[-1.12223209636263,54.3311827722098],[-1.11666598385306,54.3286574559258],[-1.09903365768154,54.3291916865948],[-1.07816273950395,54.3602471496434],[-1.06621137548327,54.3626677882017],[-1.06723400908116,54.3754710077889],[-1.07882432973768,54.3882130473846],[-1.07042775941028,54.3957696210623],[-1.08181089981254,54.4050252281381],[-1.07094132686955,54.4056805195188],[-1.05938054636086,54.4125782562812],[-1.02687290767865,54.4153443927869],[-0.987839601100123,54.3959542877072],[-0.975899976900305,54.3969124683957],[-0.950442895045124,54.4088577690714],[-0.926890434186741,54.400620652089],[-0.917564029051825,54.4006453393004],[-0.847090361147311,54.3832048590934],[-0.834416917561831,54.3809054755157],[-0.823634356665542,54.3825175906991],[-0.808422893111232,54.3598135460558],[-0.797035970940566,54.3549483703233],[-0.773778940675455,54.3569503602324],[-0.766074727961262,54.362123506593],[-0.756618897588448,54.3633836481297],[-0.753121353415042,54.3685916828345],[-0.740015256940966,54.3564190612083],[-0.711192400362535,54.3571774189689],[-0.703413230023276,54.3513647359147],[-0.704142494195382,54.3448707605785],[-0.723997345584513,54.341649466306],[-0.728532150131179,54.3312765796443],[-0.736890811830587,54.3256891499938],[-0.746685895579098,54.3243930701317],[-0.752341380491325,54.3128344487471],[-0.744690265575441,54.3085361993001],[-0.730418947141422,54.2853492006486],[-0.722091561647025,54.2796895708541],[-0.727029868951805,54.2652774580586],[-0.739162584995189,54.2619648022095],[-0.729401855403554,54.2534177332319],[-0.736545459599579,54.2498103719934],[-0.739344268070513,54.2369347768127],[-0.722769367020394,54.235164818339],[-0.717497937540127,54.244155407128],[-0.692979338303639,54.2400611152242],[-0.682752890905643,54.1999521998132],[-0.745404189213764,54.1828297780498],[-0.749370851206239,54.1762389883717],[-0.739789251353069,54.1706411259578],[-0.751087075620882,54.1684998696089],[-0.770189424841108,54.177988282546],[-0.777787621566122,54.1750113912355],[-0.786044693162702,54.1800228007215],[-0.77689365285252,54.1930240201162],[-0.785140149568278,54.2005918157017],[-0.794160272916871,54.2024204605422],[-0.795881005204499,54.2086906467085],[-0.806662251434826,54.2120693775018],[-0.809016038892344,54.2189376649497],[-0.81617025148285,54.2204750936639],[-0.834683056950379,54.2181470329445],[-0.834816061288398,54.2118847162447],[-0.827350116769951,54.211775706017],[-0.826333404655533,54.2093324753905],[-0.833619893679563,54.207273040531],[-0.829233387268634,54.2064986792733],[-0.832458840634143,54.2028811312948],[-0.826644288810534,54.1991216939135],[-0.83547852157929,54.2009599576428],[-0.837703080379816,54.1946951038254],[-0.829489332628824,54.1933244301325],[-0.831388647477803,54.191296055261],[-0.861854808715422,54.1954866424588],[-0.864097898962734,54.1870717351416],[-0.872128968308147,54.1925145672815],[-0.88087960179058,54.1886347033161],[-0.897595935457139,54.1920372482584],[-0.911742928165748,54.1825538192195],[-0.925438067101776,54.183388094994],[-0.938274377016666,54.1791966452815],[-0.954200422734467,54.1850888900016],[-0.945607346451699,54.1920837053453],[-0.960376071995928,54.1873434720292],[-0.985442251348331,54.1859288328663],[-0.994036087056963,54.1899613435806],[-1.00280970411994,54.1777488647516],[-1.0234835193634,54.1731573904926],[-1.02413529929832,54.1680396873459],[-1.02203756248513,54.1633656350145],[-1.01080140653037,54.1626380605251],[-1.00988003190448,54.1601122341692],[-1.00224488658272,54.1623953626733],[-0.992928713100038,54.1540937756612],[-0.992956702348635,54.1484036609375],[-1.00281828494238,54.1419950247924],[-1.00055191282903,54.1366408854968],[-1.01308234650059,54.1345978812323],[-1.00853867685082,54.1237721602739],[-0.983942766715824,54.1172651866753],[-0.982463212220133,54.1129609956032],[-0.971627693308177,54.1076526150985],[-0.948082987135492,54.1073014853442],[-0.944823278393982,54.0923033986755],[-0.939057362849734,54.0866104893776],[-0.925557865877779,54.0849024547167],[-0.915479516607325,54.0934647283773],[-0.902077718361577,54.094774477817],[-0.892121167767399,54.0898143292483],[-0.877115531009003,54.0886439128594],[-0.881094603309456,54.0835007852303],[-0.862904710522067,54.0761253179632],[-0.865589055344094,54.0670244304774],[-0.885628827542583,54.0577385561933],[-0.882926823862503,54.0530474252558],[-0.892233383649226,54.0480928538369],[-0.876154763529883,54.0422394712823],[-0.887874591912473,54.0328890697589],[-0.88766707886462,54.0200528272062],[-0.87871836542585,54.0168625355793],[-0.859730057491683,54.0163791136999],[-0.843156523716899,54.0216932235767],[-0.820367183393799,54.0208734286413],[-0.800295019958372,54.0241183150162],[-0.799190963524443,54.0190547968131],[-0.734257911952536,54.0302585905325],[-0.73048944294305,54.0127007424878],[-0.710746104173959,54.011171204613],[-0.70490269245841,54.0060721379229]]]},"properties":{"FID":56,"SICBL26CD":"E38000188","SICBL26NM":"NHS Humber and North Yorkshire ICB - 03Q","ICB26CD":"E54000051","ICB26NM":"NHS Humber and North Yorkshire Integrated Care Board","BNG_E":466812,"BNG_N":449623,"LONG":-0.98375,"LAT":53.93844,"GlobalID":"62048f06-a43d-48f6-8268-6dee8214fb8d"}},{"type":"Feature","id":57,"geometry":{"type":"Polygon","coordinates":[[[-1.2328442563944,53.6211121294601],[-1.22950792968261,53.61623009327],[-1.24817987974162,53.6162925977935],[-1.24480316282922,53.6081340797925],[-1.25219959399944,53.6071126479479],[-1.24721963795693,53.6007626956209],[-1.25769868834187,53.5998491779566],[-1.25300912647237,53.597149690189],[-1.25808569828146,53.5919950628523],[-1.27669398361646,53.5899714511044],[-1.2782555764386,53.5855702647733],[-1.28823964647655,53.5807620097556],[-1.30793969490432,53.5754035963656],[-1.34864814163191,53.5833309390048],[-1.35143421643799,53.5810810328026],[-1.35615847316914,53.595372040344],[-1.36333478770442,53.6013604841251],[-1.37844551967226,53.6066718017589],[-1.40021173508864,53.5986521697817],[-1.42849099426253,53.6049161692325],[-1.43289025856397,53.6089504320575],[-1.43924306269314,53.6070794259374],[-1.44681033822313,53.6128157782608],[-1.48382981665713,53.5948289108079],[-1.49191607514945,53.5967546801246],[-1.49153208673632,53.6027381596923],[-1.49505968900762,53.6031949049886],[-1.49656267469098,53.5973737371621],[-1.50148181706329,53.5998804188897],[-1.51288311170272,53.596985017766],[-1.51867575374529,53.5997084153555],[-1.52839535708372,53.5969719462575],[-1.53079031716508,53.5931510844612],[-1.56047090963667,53.6075743650305],[-1.58645311869301,53.6071739355392],[-1.591829860412,53.6146087378234],[-1.6136928219105,53.624664000088],[-1.61029922771072,53.6280199898111],[-1.61567563905525,53.6302592945358],[-1.61218989640719,53.6326839490469],[-1.61728345905087,53.6377649960174],[-1.62320771359158,53.6381106319822],[-1.6192478101828,53.6463737536699],[-1.62486481422794,53.6536610735043],[-1.59083688629115,53.6604668743985],[-1.61518870576579,53.6772740979342],[-1.605100707878,53.6794115569661],[-1.59196545584265,53.6893600724279],[-1.59222195354639,53.6915106593135],[-1.60261126015988,53.692162434344],[-1.59832022864248,53.6997553609892],[-1.57113253512621,53.7064317007322],[-1.55926516252006,53.6990006363662],[-1.54632275727264,53.710536315962],[-1.51040154427991,53.7297152517483],[-1.4958096185252,53.7223338587638],[-1.48929265117936,53.7230132939117],[-1.48796370149561,53.7277339725205],[-1.44346387715348,53.7281805522656],[-1.42825717605404,53.7213421123921],[-1.41197822874722,53.7231035301743],[-1.39972161192357,53.7193095854811],[-1.39463347379661,53.7237204639396],[-1.37581234417941,53.7295597608404],[-1.33936435883717,53.7364765089169],[-1.32308657363764,53.7348234962482],[-1.31378937866251,53.7409536688535],[-1.30820381342303,53.7391051741791],[-1.30204287873142,53.7417247979214],[-1.2919368261721,53.7387336787419],[-1.27231528142506,53.7252584168847],[-1.26870312358157,53.7149798206044],[-1.24798778826237,53.7117252680169],[-1.22957334287766,53.7149051944274],[-1.22654076103989,53.7098829358258],[-1.21981197966579,53.7144189483126],[-1.21844294621259,53.7070955736728],[-1.19881806176213,53.700732848854],[-1.19900414506844,53.694893206964],[-1.24441673776269,53.6924295949092],[-1.24395742722812,53.6732504538126],[-1.25231894316377,53.6666554909314],[-1.24696055101532,53.6556145213308],[-1.25547627633706,53.6454178066007],[-1.2328442563944,53.6211121294601]]]},"properties":{"FID":57,"SICBL26CD":"E38000190","SICBL26NM":"NHS West Yorkshire ICB - 03R","ICB26CD":"E54000054","ICB26NM":"NHS West Yorkshire Integrated Care Board","BNG_E":438366,"BNG_N":418237,"LONG":-1.420925,"LAT":53.65924,"GlobalID":"2647ed4a-55bd-437c-b561-707904893df4"}},{"type":"Feature","id":58,"geometry":{"type":"Polygon","coordinates":[[[-2.489730293992,53.4601419935907],[-2.47598712607617,53.4482379144816],[-2.47830892396922,53.4437234993856],[-2.47433592769198,53.4395572107245],[-2.46172420991991,53.4363688028838],[-2.4516287107323,53.4268093834878],[-2.4493779237472,53.4158916097603],[-2.46597668550507,53.4007477668178],[-2.47833412447017,53.3962464402122],[-2.47104394186726,53.3923383562901],[-2.46590576929654,53.3948200104792],[-2.45850251504079,53.3930113416784],[-2.44843861523545,53.3947998174177],[-2.42658937909758,53.3874613445029],[-2.42748889768109,53.375911540954],[-2.43973921289817,53.3704771471166],[-2.43987956945301,53.3666633608793],[-2.45871239975097,53.3682393242219],[-2.46531155393477,53.363561235388],[-2.48687938864653,53.3679041947648],[-2.52104946145602,53.3479005228678],[-2.51839361609444,53.3423908253818],[-2.53945286042321,53.3363903542259],[-2.54452899200578,53.3305260421313],[-2.55166426376608,53.3323740799976],[-2.56032039279679,53.323854455556],[-2.58628948926858,53.3293967774145],[-2.59522340863195,53.3224545590423],[-2.61982558776316,53.3319569192493],[-2.60660608938066,53.3429960917777],[-2.6141371791844,53.3476610908818],[-2.63139302545355,53.3460628865233],[-2.62683540475864,53.3546405543777],[-2.63062221906058,53.3640499705532],[-2.67464076192837,53.3536644611715],[-2.67865531396074,53.3547728548945],[-2.67797176901121,53.3547102044295],[-2.67518815433053,53.3544550291597],[-2.66614155553677,53.3576986420879],[-2.66397757100118,53.3672487970184],[-2.65676840870564,53.3740985813598],[-2.64232731192839,53.372462058128],[-2.63819424545003,53.3776168258268],[-2.62173022885747,53.3750249680143],[-2.63896366036029,53.3784037289121],[-2.64568645711708,53.3739378759682],[-2.65429959617039,53.3758173155357],[-2.66017296906672,53.3739072793379],[-2.67448838732609,53.3567628041123],[-2.6919655657086,53.3614382776437],[-2.69772497013385,53.3793131956428],[-2.69063277257035,53.3853881532069],[-2.67625473911665,53.3876289845005],[-2.67193138213986,53.4153124476983],[-2.66685669870354,53.4162644523008],[-2.67231960487286,53.4220249245159],[-2.66346106930394,53.4287866689687],[-2.66485297795865,53.4313949289237],[-2.67530234253023,53.4329562001346],[-2.6687337653448,53.4410841272567],[-2.68207052281749,53.4388941947869],[-2.67716711266669,53.4527530468609],[-2.63903104884276,53.4443569696253],[-2.62741128198956,53.434390437461],[-2.61118669559829,53.4423064071422],[-2.59673236475425,53.4424813272151],[-2.59873709381092,53.4503820421667],[-2.58514017626756,53.4397368870208],[-2.57674273987858,53.4460572115317],[-2.57038954487087,53.4584755520282],[-2.54907553973872,53.4614861788861],[-2.55263838671012,53.4678133501197],[-2.49633458665996,53.4809295238866],[-2.48914147769927,53.4758356053957],[-2.489730293992,53.4601419935907]]]},"properties":{"FID":58,"SICBL26CD":"E38000194","SICBL26NM":"NHS Cheshire and Merseyside ICB - 02E","ICB26CD":"E54000008","ICB26NM":"NHS Cheshire and Merseyside Integrated Care Board","BNG_E":362744,"BNG_N":388456,"LONG":-2.561678,"LAT":53.39163,"GlobalID":"81259912-3b1d-4907-a6ba-e6b8d01254d4"}},{"type":"Feature","id":59,"geometry":{"type":"Polygon","coordinates":[[[0.389695175377441,52.0364665821455],[0.394032735446175,52.0318408253665],[0.412840785104212,52.0380739856998],[0.431389686360323,52.0389327684688],[0.430441997121883,52.0205267947217],[0.43775471169564,52.0140473356581],[0.420966301481603,52.0148352602921],[0.413839144759286,52.0116819479076],[0.426943129521539,51.986758687777],[0.423622833353803,51.9732171132517],[0.414169562147414,51.9740463390337],[0.412475729234085,51.9710612598466],[0.418758137497315,51.9585737182608],[0.42562388081031,51.958202990354],[0.430052809967284,51.9538209103355],[0.425215082639521,51.9520314585514],[0.419117637315055,51.9411083461464],[0.421392559062412,51.9263041728857],[0.433016332991296,51.9247986191468],[0.440033147996259,51.9082775637428],[0.470638620695471,51.8781806857473],[0.467205447571307,51.8786564373132],[0.4826927640911,51.8726915567224],[0.482300989293214,51.8696337803687],[0.490795560079557,51.8703860233628],[0.501271934141638,51.8646329881829],[0.513503044057891,51.8643973682999],[0.511442362964279,51.8555464398144],[0.519283375076203,51.8504873638432],[0.486799043215361,51.8426488931907],[0.486422324084662,51.8399273002487],[0.467115328820524,51.8395877239294],[0.461905995397887,51.8346051109869],[0.453055283996404,51.8346298785457],[0.445681433422131,51.8288729328238],[0.439458400451923,51.8324615530772],[0.431061494810618,51.8318265247961],[0.43147597836326,51.8360967004035],[0.422579525116546,51.8449628776186],[0.424031734269323,51.8541587156819],[0.41317142982719,51.8566595639732],[0.413922040982925,51.8455651973828],[0.411969077762414,51.8437340389191],[0.407991230762891,51.8461873575673],[0.403520872623762,51.8402762827979],[0.409986036143613,51.8365774758225],[0.406350953555082,51.8287321685749],[0.4143228465528,51.8142418478806],[0.404951752925083,51.8124895936573],[0.404614772088409,51.8074223992149],[0.403578723154987,51.8128635803698],[0.400030426722211,51.8127616806525],[0.398877285602234,51.8074973130437],[0.390005999097572,51.8050862662217],[0.384164889616793,51.7970744606714],[0.378317277407232,51.797987915347],[0.382786767561485,51.7998191972727],[0.361569579174154,51.8011500180497],[0.359045546395418,51.7981293575959],[0.362617172371505,51.7949070247024],[0.340581476689749,51.7944783106288],[0.337931245944465,51.7914116941564],[0.340823031515171,51.7865407168055],[0.334953857510633,51.7857105218346],[0.332197760119218,51.7796294479487],[0.335264614536125,51.7759219464991],[0.34823025888222,51.7729432772943],[0.341113858700387,51.7520120914685],[0.347591463943328,51.7312688436778],[0.333999325795866,51.7170129408871],[0.323062297197672,51.7141676932194],[0.323826161277716,51.7097951892593],[0.307456202571075,51.6942911529228],[0.302124907498489,51.6809654259601],[0.283478006546297,51.6941115088557],[0.266868690054126,51.6958190953993],[0.265382935751344,51.6996371718193],[0.257011900053191,51.6966948761535],[0.255113070660405,51.6903014653387],[0.244948587552903,51.6880545879336],[0.240225857393633,51.6827506624843],[0.232546411508609,51.6838467941873],[0.239133376369343,51.6741726455865],[0.215025840818073,51.6748515617159],[0.213300691201985,51.6655342153635],[0.206787456009265,51.6644860657277],[0.208156781341176,51.6609712633065],[0.190857208013878,51.6598204114126],[0.192990172947834,51.6530989558082],[0.175702682997305,51.6557918948318],[0.194622646445085,51.6409795571031],[0.20031117156704,51.6249358307636],[0.181237295443048,51.6258261621426],[0.168901256930983,51.6214201604286],[0.136106096405366,51.6236020517627],[0.11930718688952,51.6153684903099],[0.0922849250027866,51.6135742797823],[0.0948248905074364,51.6107841163051],[0.0889223280216733,51.6048535589271],[0.0791698106192635,51.6070473974708],[0.0728322669465662,51.6046874459833],[0.0482145140039006,51.6132136508671],[0.053710342451167,51.6182803003844],[0.0409020630653042,51.6156759851581],[0.0218191841753691,51.6288327862467],[0.0257383622906778,51.6345654644068],[0.0227196724819092,51.6411154438716],[0.00142562745238912,51.6416785821613],[-0.0122591853228105,51.6462299224983],[-0.00892264073598023,51.6604008068145],[-0.0119185003082996,51.6808778620513],[-0.0197430727854953,51.7032157243],[-0.0132138232150807,51.7425760342528],[-0.00623378779264418,51.7417099587349],[0.00106622919241138,51.7449743077461],[0.00232236744232437,51.7542284309716],[0.012991949539822,51.7574653590198],[0.0181371689201033,51.7696951409099],[0.0267988683695827,51.7741798878001],[0.0517480334809838,51.7760546374177],[0.0636833628562943,51.7839531877938],[0.0992540060634979,51.78323077992],[0.10791791818028,51.7881349713352],[0.120519942709818,51.7901763540628],[0.125694607391535,51.7951834308981],[0.150614900343824,51.7969279839967],[0.158318842272083,51.8135215084395],[0.167008170365222,51.8132796638604],[0.173304343758956,51.8175374843197],[0.164735690662936,51.819240026368],[0.161200967156333,51.8259968391791],[0.166118935892299,51.8306096037135],[0.160908604881764,51.8340092858076],[0.16483121790358,51.849644277344],[0.173398495005573,51.8497698940041],[0.170467508342511,51.8616221515503],[0.182887159082527,51.8651008572341],[0.186371764119066,51.86351372746],[0.195594254601549,51.8680863659221],[0.190860855835791,51.8718299494887],[0.193409800995871,51.8732529074054],[0.174976239541274,51.8828125866085],[0.183881157306774,51.8931607078032],[0.17934887356434,51.8955541668418],[0.146981804752102,51.8866991092643],[0.141503460132448,51.8881964166327],[0.139592882959518,51.8853917929421],[0.124760970459364,51.8845855072217],[0.121764003790524,51.9111950875366],[0.124847604506923,51.9236085365254],[0.120270476695726,51.9265683778615],[0.114553544950142,51.9563101012391],[0.104491645865349,51.9655862826437],[0.107011832224757,51.9718176114601],[0.0978455967215272,51.9772098879353],[0.0964597528395555,51.9843260806041],[0.0768456513640122,51.9808122205763],[0.0690612319178215,51.984042541712],[0.0743216396647565,52.0008609302589],[0.0681279698674926,52.0057886485443],[0.0805215305014207,52.0081424124478],[0.0922537905028808,52.021654408738],[0.0941952976037568,52.0328742666735],[0.10597551762675,52.0497394539983],[0.105736587180057,52.0602611112092],[0.119077947600425,52.0599630771411],[0.128135066217023,52.0473225839622],[0.151117177053476,52.0528522871214],[0.152634364915482,52.0503179655134],[0.160577099300609,52.0520985903773],[0.160756897002786,52.0484399777317],[0.166396134548971,52.0481908073066],[0.167570205591995,52.0549995196865],[0.186373297300404,52.0566613324444],[0.189921319967165,52.0602010829522],[0.18319441470774,52.073182792585],[0.193970615828634,52.0754810402006],[0.203459011568403,52.0926745025517],[0.235208295481539,52.0889999890881],[0.251572287249141,52.076786151701],[0.276229239992264,52.0926382865199],[0.2860116969075,52.0904073351849],[0.324674003971271,52.0727826197895],[0.345958996035568,52.0497172113235],[0.36430641803428,52.044280151739],[0.371722594508878,52.0373693896966],[0.389695175377441,52.0364665821455]]]},"properties":{"FID":59,"SICBL26CD":"E38000197","SICBL26NM":"NHS Essex ICB - 07H","ICB26CD":"E54000066","ICB26NM":"NHS Essex Integrated Care Board","BNG_E":555274,"BNG_N":223275,"LONG":0.25479,"LAT":51.88642,"GlobalID":"79a442a8-51ca-461d-82f7-315f139931dd"}},{"type":"Feature","id":60,"geometry":{"type":"Polygon","coordinates":[[[-2.86003965892788,53.7328705465786],[-2.85106408774436,53.7308288925455],[-2.84446450246925,53.7275090561949],[-2.84074206230202,53.7256361366249],[-2.83785949739126,53.7241855988887],[-2.83667129215481,53.7235180535951],[-2.83272860884131,53.7195930638796],[-2.8325343327652,53.7193996364336],[-2.83084755040027,53.7177201405094],[-2.82398207675058,53.7028535934101],[-2.83229204558067,53.7004705690257],[-2.83313286488518,53.6955140785002],[-2.82575103252103,53.6874442526213],[-2.82012714968286,53.6871377263755],[-2.82423038855016,53.6806709868435],[-2.81834238284174,53.678823836254],[-2.81635493862778,53.6729589656659],[-2.82331437794823,53.6682740656251],[-2.82147289803787,53.6626251128607],[-2.8147706225256,53.6609855904296],[-2.81440669383097,53.6484469481034],[-2.80621424636876,53.6413104357458],[-2.80811406962159,53.6290684809362],[-2.80050673292391,53.6248116705774],[-2.7959531164289,53.6159608859423],[-2.79080055095309,53.6145456504068],[-2.78727836705701,53.617318557797],[-2.79322228243274,53.6229699955594],[-2.78100205359331,53.6234714133656],[-2.77950157226158,53.6197832629925],[-2.76619977638528,53.6191546841037],[-2.75873536346951,53.6146522202476],[-2.73616834623069,53.6236848753726],[-2.70969003635772,53.6178089612402],[-2.69564090544919,53.6234479746976],[-2.69456777063347,53.6266454273029],[-2.69113069489798,53.619763983139],[-2.69944847426267,53.6142995012108],[-2.69610794249921,53.6046806589719],[-2.68931236737767,53.6043028683785],[-2.69335876833435,53.5894237885125],[-2.70139908512359,53.5906225361651],[-2.71922262119406,53.5761139359564],[-2.71126966346351,53.5647676743196],[-2.70429660844215,53.5628104839427],[-2.70481919868058,53.5591922488245],[-2.71860817072409,53.5435595672866],[-2.7145592759614,53.5382800228573],[-2.71792592069711,53.5273100289961],[-2.73052481406758,53.5205973715877],[-2.7598472468672,53.5125377957229],[-2.76887286951745,53.5135716127226],[-2.78246736729983,53.531418668517],[-2.79459148793187,53.5213017722529],[-2.81674060031922,53.5121743824357],[-2.82259017872993,53.5051205004961],[-2.81991590600019,53.4965268504433],[-2.82496400272432,53.485208941101],[-2.82557451682315,53.4827816643096],[-2.84442096854788,53.4841303502339],[-2.84393746624047,53.4902112481129],[-2.85026683432178,53.4932531476975],[-2.86147101407409,53.4910290276868],[-2.87070132472857,53.49463736053],[-2.87333413473496,53.5000396679843],[-2.88798923502368,53.5038317176544],[-2.89238896006107,53.5111460913249],[-2.88171640511975,53.5205440782768],[-2.9230095229472,53.525220216902],[-2.93605443046374,53.5384173813826],[-2.95501280377443,53.5460750236655],[-2.97254819431733,53.5479608810311],[-2.97845983651436,53.5439964824439],[-2.96324789346518,53.5248369053079],[-2.96414267612758,53.5186060980347],[-2.97607356112082,53.5153020322629],[-2.99152279687644,53.5229913839112],[-3.02509059397621,53.5390059870136],[-3.03868414142433,53.5382994206811],[-3.04669874030101,53.5429584478709],[-3.03880937255675,53.5519052661864],[-3.04038831197322,53.5652720382103],[-3.02262005301328,53.5695980097637],[-3.02070918071964,53.58367513359],[-3.03598373999308,53.5872218875053],[-3.02882211890917,53.6023199513495],[-3.01249863959285,53.6123151608511],[-3.00072225404771,53.624972669895],[-2.99372097020379,53.6282713817251],[-2.9818234040383,53.6222053736976],[-2.96651067693629,53.6318648906154],[-2.94986650327452,53.6524397968393],[-2.94014413515615,53.6586105646404],[-2.94743809042695,53.6673491037819],[-2.9443078104564,53.679129453271],[-2.95249364442807,53.6822791400129],[-2.94678561830188,53.6880176449039],[-2.95523082108397,53.6964958058317],[-2.95546153052438,53.6967420234548],[-2.95621612350698,53.6974883297443],[-2.95271938681748,53.6997929377576],[-2.94152892554935,53.6965385670863],[-2.95112716312555,53.6997138311818],[-2.94259731100621,53.7001596526698],[-2.95364553050276,53.7023678994709],[-2.94731786154544,53.7041699149421],[-2.95510573113752,53.7044380058463],[-2.94378181280026,53.7081508186067],[-2.93711850861306,53.7045196924341],[-2.92884252098914,53.7045058981382],[-2.93802631312004,53.7054231077798],[-2.94032046651289,53.7114299625145],[-2.94674645990412,53.7103017179595],[-2.94140120680981,53.7132730256653],[-2.94824334885701,53.7117819661068],[-2.93590241203022,53.7254278573857],[-2.93231112428278,53.718742597157],[-2.93286950420761,53.7245302106354],[-2.92841413814561,53.7220732673289],[-2.92825444105733,53.716129699708],[-2.92717787550835,53.720710353376],[-2.91550650829472,53.7133397800803],[-2.91950261910863,53.7170492183508],[-2.91578938571846,53.7168781251645],[-2.9293482374125,53.7241612097607],[-2.91509383958069,53.7260983450118],[-2.91133476076106,53.7167593940239],[-2.91065900358174,53.7177293925856],[-2.90948852065716,53.7194094191413],[-2.91071938882012,53.7205257023291],[-2.91321402325386,53.7227878769724],[-2.91077347785951,53.7230302962417],[-2.90871967196848,53.7232342599593],[-2.91079886075989,53.7242055203134],[-2.91207548344561,53.7248018327258],[-2.91083291221613,53.7257820279506],[-2.90745944915309,53.7284227778388],[-2.90430085660743,53.7289227267409],[-2.90528875414529,53.7258527881275],[-2.89627647140573,53.7230004699596],[-2.90056396781076,53.7263398209896],[-2.89457734599652,53.7300646115067],[-2.88938741884581,53.7306444051491],[-2.89114252977826,53.7256859577415],[-2.88877982103995,53.730725349076],[-2.88612164829108,53.7268593666942],[-2.88414337961129,53.7309646229446],[-2.86608978859438,53.7337072392421],[-2.86003965892788,53.7328705465786]]]},"properties":{"FID":60,"SICBL26CD":"E38000200","SICBL26NM":"NHS Lancashire and South Cumbria ICB - 02G","ICB26CD":"E54000048","ICB26NM":"NHS Lancashire and South Cumbria Integrated Care Board","BNG_E":342611,"BNG_N":413270,"LONG":-2.868933,"LAT":53.61283,"GlobalID":"f5dfcfbb-b5f8-4378-ae9e-85a436e012fb"}},{"type":"Feature","id":61,"geometry":{"type":"Polygon","coordinates":[[[-1.26788855603461,52.8733686725027],[-1.27528296544185,52.8603800563062],[-1.26453866059216,52.858256087904],[-1.27220521695397,52.8494398054367],[-1.26621312577231,52.8427529594228],[-1.27073674725601,52.8397004498091],[-1.26693345000829,52.8374701282396],[-1.27436331491399,52.8361293258303],[-1.27110500501883,52.8240627846407],[-1.26015159353172,52.8193601641324],[-1.26337656680577,52.814918799188],[-1.25994868045837,52.8070787825881],[-1.25513973075646,52.8041082943709],[-1.24151222422387,52.8052961468772],[-1.23187059861422,52.8006413748618],[-1.22581302130027,52.7916536967951],[-1.21124685132992,52.7949304061841],[-1.19875367444773,52.7932372056486],[-1.19773351990341,52.7894125352821],[-1.18674713207364,52.7976973486364],[-1.16327651255043,52.8065222851632],[-1.14396341562108,52.8038765579695],[-1.13089322809247,52.8058270754737],[-1.11694192963979,52.8195771588359],[-1.09419088056825,52.8219688276816],[-1.09148476823018,52.820079715798],[-1.0744353219927,52.8247267136687],[-1.0688123505343,52.8212360016873],[-1.07173890514076,52.8140113636767],[-1.05920666519448,52.8172491388128],[-1.04976607548885,52.8134481082606],[-1.0362894364442,52.8158773905947],[-1.04662342120453,52.7809547920842],[-1.03795071882022,52.7750341787725],[-1.04590714563607,52.7660319394878],[-1.04142347429573,52.7660587706678],[-1.03684160307394,52.7583712875909],[-1.03038215091582,52.7561863878472],[-1.03305299900724,52.7497893745494],[-1.01942285126662,52.7371301045056],[-1.01958204300799,52.7350485562972],[-1.02745289592684,52.7349407733131],[-1.01991114724055,52.7269802266643],[-1.01724442853753,52.724467650464],[-1.00105078531373,52.7236618321417],[-1.00102648710192,52.7202687220972],[-1.01774379283328,52.7104113370375],[-1.040713203025,52.7133988660386],[-1.07053560261021,52.7111639924801],[-1.07243402362147,52.7134308399478],[-1.07659048070039,52.7086735433041],[-1.08407457723177,52.7102112550911],[-1.09863802734884,52.7031090952804],[-1.1198968782821,52.7091460821111],[-1.11967947004333,52.7024570965476],[-1.11014560155499,52.7002688376527],[-1.10867246776768,52.6922378053898],[-1.07053434292739,52.6812198272512],[-1.07507869877577,52.6696257729691],[-1.09055690581012,52.6685399591125],[-1.11886704001325,52.6731623835477],[-1.1292247634193,52.6653898207683],[-1.14451911413314,52.6882585919647],[-1.15725221003267,52.6915228915743],[-1.17804584605586,52.6780048812986],[-1.18023080952372,52.6693646507853],[-1.17665394751358,52.6643029134942],[-1.18520802758943,52.6606426436456],[-1.20259398902467,52.6639487136259],[-1.21594774504962,52.6520152228821],[-1.22862646456604,52.6490659516137],[-1.22314492643235,52.6462621345933],[-1.23219778526596,52.6407473233931],[-1.2416722148041,52.6418421554766],[-1.26180172161237,52.6370663138879],[-1.24075770042742,52.6336169822978],[-1.261569537832,52.6284567931463],[-1.25741326177214,52.6162534086602],[-1.26503921923923,52.6149665813675],[-1.25844089624468,52.6112002220593],[-1.2543840493701,52.613430527129],[-1.24771643006728,52.610327987162],[-1.23598127522182,52.5930281428439],[-1.23005483130827,52.5953782509054],[-1.22327652124504,52.5687064548344],[-1.23083592071656,52.5561492038088],[-1.21119075387313,52.542321663452],[-1.20259493289214,52.5291890138139],[-1.20399492212247,52.5234211423054],[-1.21212470571297,52.5158484063604],[-1.22094986918709,52.5168955730284],[-1.24024568504866,52.5209883030865],[-1.26117307963991,52.5303212102672],[-1.30594811446755,52.4933953531322],[-1.41734523191098,52.5344552201689],[-1.42697633313106,52.540646117341],[-1.52225649118523,52.570347474],[-1.52715540491492,52.5827377038182],[-1.53746921563317,52.5895660849178],[-1.56074922737408,52.596148248997],[-1.55446002872816,52.6147353905875],[-1.56692920194288,52.6206499447477],[-1.56461026211215,52.6312420273006],[-1.57128198615313,52.6355999074021],[-1.54711486285903,52.6421934340843],[-1.5424220630687,52.6536258666181],[-1.54728937898763,52.6559734044641],[-1.55280675546529,52.6684622633535],[-1.57042762679443,52.675842691727],[-1.56647475927393,52.6776020088356],[-1.56910662772172,52.6796669059454],[-1.57760834509363,52.6785780919936],[-1.58964547975142,52.6872606329878],[-1.58628540038401,52.694498577469],[-1.59754128380732,52.7004215582902],[-1.57711912105468,52.7117632772835],[-1.5642529254043,52.710993726362],[-1.55004138708244,52.7203170979924],[-1.54463879881424,52.7316900835436],[-1.55617531341646,52.7398137577265],[-1.56249252732586,52.7505868096524],[-1.5527870288154,52.7633330329126],[-1.54743191561661,52.7641393047843],[-1.53841115457022,52.7601646107121],[-1.53293819608953,52.7625718523004],[-1.52958229034345,52.7610955618755],[-1.52534804510884,52.7655280087631],[-1.50498053250726,52.7676089794647],[-1.4939913722188,52.7590441679727],[-1.46844552072427,52.7668774866695],[-1.45588188882664,52.7770946357743],[-1.4594980967647,52.7770831561847],[-1.45764817686796,52.7844010804425],[-1.46277868399002,52.7868633171728],[-1.44239119418473,52.7929832857492],[-1.44356174118762,52.8027440131849],[-1.41770572987623,52.8016153959341],[-1.40520543905442,52.818693962089],[-1.3879359984361,52.8330978604398],[-1.39432386911851,52.8367730108822],[-1.36121154865394,52.8551858258759],[-1.35556421271476,52.8560781974392],[-1.35117393176506,52.8532894698481],[-1.35189592545127,52.8576390096364],[-1.34340466685273,52.8627939976278],[-1.34545584777503,52.867229420822],[-1.33924917920224,52.8646115890947],[-1.33279519093165,52.8671743757534],[-1.32533217811743,52.8659816125585],[-1.31930662522077,52.872868877213],[-1.3093315876258,52.8733549774707],[-1.30616758866591,52.8770683818763],[-1.2894868359015,52.8724572043762],[-1.27842742474572,52.8755931645728],[-1.26788855603461,52.8733686725027]]]},"properties":{"FID":61,"SICBL26CD":"E38000201","SICBL26NM":"NHS Leicester, Leicestershire and Rutland ICB - 04V","ICB26CD":"E54000015","ICB26NM":"NHS Leicester, Leicestershire and Rutland Integrated Care Board","BNG_E":447443,"BNG_N":309936,"LONG":-1.299601,"LAT":52.68507,"GlobalID":"e8de66a5-9d4c-44ce-92b7-192608556da7"}},{"type":"Feature","id":62,"geometry":{"type":"Polygon","coordinates":[[[0.712437670068244,52.3946230223495],[0.692756244350901,52.3713681886677],[0.675718007492435,52.3612183966508],[0.674612663305631,52.3570972433309],[0.694685334046571,52.3559579454845],[0.719967645824245,52.3490552455439],[0.738401754993436,52.3485056905185],[0.723053116906578,52.3084492209711],[0.724871127439009,52.296367326044],[0.715528554911738,52.2916125330465],[0.702453114418648,52.2922601825246],[0.70792327068699,52.2912043501511],[0.712383009160992,52.2840871494134],[0.717078888440207,52.2848051202333],[0.716659833301507,52.2787056841271],[0.753948175030091,52.2793125405663],[0.758620808112966,52.287572913485],[0.779532836150989,52.2945415655957],[0.786785798898011,52.2841045892385],[0.786272248429669,52.2737456327815],[0.802933717625165,52.2706391530547],[0.79859555269083,52.2665535465814],[0.8177110780125,52.2643821710377],[0.825825797449458,52.2665151480391],[0.843865769736943,52.2598003963151],[0.842602574402201,52.2680265179656],[0.849568227505908,52.2648041863291],[0.856326343284026,52.2684426222941],[0.853683547744946,52.2770703973254],[0.842899220879422,52.2847806742998],[0.855556648260192,52.2863490598754],[0.855261293616135,52.2915464464185],[0.869003562030178,52.2934584807488],[0.857997796697488,52.3091297323406],[0.865032424176991,52.3141584574012],[0.86265588067808,52.3167252296315],[0.867722056086972,52.3180400781172],[0.858335976837828,52.3394547296933],[0.862552020699263,52.3401369047216],[0.861668063812024,52.3522994735198],[0.895135095646784,52.3390423638253],[0.90412214802204,52.3255497119687],[0.921684178670571,52.3193170550973],[0.926694847547326,52.3197049578886],[0.925693033455849,52.3273353452537],[0.93269764060095,52.335729986613],[0.95323058493613,52.3368606967689],[0.957339066083917,52.3403722634852],[0.96693868519925,52.3320131758484],[0.962090284349342,52.3286131384398],[0.965249406247744,52.324888718877],[0.955511395417721,52.316017297571],[0.957774799709194,52.3119712130261],[0.970705108945594,52.3093503736491],[0.97662409915756,52.3128705777651],[0.982395224187499,52.3097309701988],[0.98077925598246,52.305975717475],[0.987576025606773,52.3031761191238],[0.998706013720474,52.3047906964042],[0.993682514778487,52.2987999138821],[0.985458609230609,52.29920595505],[0.980410381365237,52.2942463277594],[0.970209160305183,52.292230382083],[0.958954459360898,52.2679080206575],[0.942508070855781,52.2710794351765],[0.942823137042723,52.2751977739644],[0.934154574194423,52.2748190329136],[0.931876820491532,52.277139454375],[0.923032149303364,52.2734774692788],[0.91174042916379,52.2775383641955],[0.909421202242567,52.2747276011411],[0.910569258329899,52.2681018126258],[0.907368874183229,52.267871293884],[0.913240000959265,52.2563651966543],[0.955546281374927,52.2555679245677],[0.941201190353191,52.2486021864916],[0.917042469703405,52.2237121602374],[0.928277692044662,52.220146030517],[0.926561550240559,52.2123978207346],[0.918568844848746,52.2062712823432],[0.925108252095895,52.1968863986028],[0.919157636851421,52.1963600637914],[0.91708646954583,52.1911478595718],[0.909396549078193,52.1914106532137],[0.905729869149618,52.185170974559],[0.895742973470774,52.1821709205223],[0.893883149120263,52.1576765431501],[0.881810508412717,52.1546448778754],[0.8688231203607,52.1655771196163],[0.857658018821834,52.1654607546907],[0.859536051124646,52.1633898832869],[0.852989935867577,52.1591319267438],[0.857154084355895,52.1549752585952],[0.852897802792098,52.1495075875676],[0.857295104566926,52.1469207337765],[0.848711403228477,52.1483659477926],[0.851425995897118,52.1436934358457],[0.846560987365798,52.1427226229146],[0.843675183898577,52.1372187605056],[0.844841027810729,52.1342605431068],[0.872004250806999,52.1252395979513],[0.877630397887883,52.1140736689973],[0.886670043745917,52.1110132094445],[0.882476145591381,52.1092021583064],[0.898514620314915,52.1003133689789],[0.908860818817378,52.1004748285654],[0.91005311714571,52.0974098977053],[0.898639677956417,52.0809048594062],[0.891862650256354,52.085329036397],[0.891408332758137,52.0818309144484],[0.88457396691002,52.0821405094198],[0.88432095225723,52.0782881744542],[0.879176151103548,52.0790871031924],[0.873404320921094,52.0718182295465],[0.879316529678948,52.0704808009281],[0.872773817604642,52.0655220907884],[0.860661020990008,52.0665538206817],[0.861839716415887,52.0809324230715],[0.855241257197601,52.089379096307],[0.84066106464875,52.0908601883279],[0.829435325903973,52.0847475618618],[0.830096461743092,52.0791641809376],[0.835332220053545,52.0789241287151],[0.82444947714955,52.0749163763465],[0.82739053813691,52.0726666620397],[0.83398884315389,52.0752436698209],[0.837527383662842,52.0735791947431],[0.841054403091396,52.0630478373797],[0.829968824699418,52.0584590148255],[0.815783944501081,52.0590026884909],[0.812112907320239,52.0553804140777],[0.820394087147366,52.0552401146651],[0.813616696076746,52.054512006398],[0.809688423645446,52.0494497203798],[0.812601004942428,52.0435110959199],[0.835073985580647,52.0315306053578],[0.839508235379686,52.0196687465134],[0.833689571681898,52.0131010868294],[0.846308946190912,52.0138706151558],[0.849209061554485,52.0165061380936],[0.849448797792675,52.0136245678472],[0.854731000358584,52.0133060805117],[0.850216852542433,52.0104465917431],[0.85067851874904,52.0053460569634],[0.864887293854056,52.0020981014098],[0.863952061619787,51.99246981756],[0.867976032094693,51.9890182720438],[0.859530263026497,51.9856074479541],[0.858273184595802,51.9807479685674],[0.832137408589937,51.9804929962355],[0.833719701878772,51.9884276441805],[0.8159414097112,51.9896744719674],[0.814547206962225,51.969906776908],[0.807129245105814,51.9689250036397],[0.807689041894357,51.9617642109983],[0.787161979658815,51.9631339289767],[0.785123015875692,51.9674945522787],[0.78147088096987,51.9665126022981],[0.77226104602285,51.9704249162435],[0.774633523107018,51.9825918142864],[0.759667978735818,51.985429071708],[0.761149433984657,51.9974831332042],[0.749863631187383,51.999858475413],[0.74915886286297,52.0055501154335],[0.738526926613591,52.0106983166109],[0.742409973302743,52.0163570421723],[0.74063464983078,52.0312014773901],[0.714396387592929,52.0273185650427],[0.706529414859525,52.0295252321187],[0.712507295358411,52.0348693958665],[0.696511904156978,52.0393021527618],[0.699400235112931,52.0484380414959],[0.716263056048419,52.0486872264492],[0.703177981851303,52.0652732559475],[0.712753355484772,52.0711086798537],[0.70208134220067,52.0794950134459],[0.690084902314404,52.0800183939675],[0.68420458170672,52.0869686044307],[0.67894531481297,52.0838857604059],[0.668466340526908,52.0862263916258],[0.652036990307109,52.0831466173134],[0.636209435409592,52.0866168769512],[0.6195139427916,52.0765913153725],[0.607376838735288,52.0809155185104],[0.59480272178781,52.0741774540811],[0.582118636864544,52.0758430061375],[0.57177691613528,52.0690857273984],[0.565237076229832,52.0713156379324],[0.551487215818594,52.0688100774623],[0.551529482177658,52.0620568726363],[0.542262356341726,52.0577590048574],[0.534212217972825,52.059752926707],[0.523153372889937,52.0567734857748],[0.511053848438897,52.0598314696169],[0.501678207755438,52.0538523437376],[0.488529767982944,52.0614737572088],[0.487145812027722,52.0696271260131],[0.474721113643991,52.0751936034777],[0.470794618227942,52.0734628991207],[0.466666318196703,52.0784560620545],[0.458159804244835,52.0761228400246],[0.461823388230479,52.0723350655886],[0.453829323174958,52.0711413371743],[0.453622270476819,52.0681472971121],[0.443951885712483,52.068518533003],[0.446098242374318,52.0721172526985],[0.438278355008164,52.072332621316],[0.435379894126224,52.0690832413823],[0.418785495413169,52.0649054807788],[0.404638608115575,52.0655023832833],[0.407103067820535,52.070766765087],[0.400892744522208,52.0730192293012],[0.401710356091663,52.0825950294003],[0.390849789174471,52.0884834805392],[0.394996790032461,52.0959679190898],[0.386864731600388,52.0973049033879],[0.388687763634988,52.099212632677],[0.381804026770056,52.1027012575354],[0.389589491927771,52.1174709978088],[0.398340573515479,52.1187918555267],[0.396362989799598,52.1223591335928],[0.408576517437495,52.12370473791],[0.404706044146115,52.1292851862847],[0.410002821693464,52.1343982869521],[0.418283342110827,52.1343560288157],[0.420886582698706,52.1556391960964],[0.41727660450371,52.1593066641997],[0.435915466670307,52.1594951493147],[0.438706119980691,52.1657115277304],[0.44436099982853,52.1647466087698],[0.444522578155202,52.1710820432783],[0.452191374587896,52.1732041339871],[0.463703181063324,52.1705442555463],[0.470730217895416,52.1632588833955],[0.477241782640551,52.1675708461967],[0.491333015581248,52.1651023101098],[0.48746480493768,52.1697970085924],[0.493250796079473,52.1756358704281],[0.494975437605628,52.1887329155202],[0.502554767187621,52.1960265961053],[0.503130093026587,52.2070361732687],[0.508650643661258,52.2139808958405],[0.512821005211158,52.2136888640398],[0.514483712168213,52.2267793669051],[0.494931318373645,52.2392579318599],[0.480337574949983,52.2326819603619],[0.471856853069859,52.2403425051311],[0.465111683016188,52.2403757360119],[0.455561119287265,52.2475944806289],[0.450421244719548,52.2433353286705],[0.443404692110223,52.2426371614866],[0.426963715344134,52.2536026339328],[0.414517739951008,52.2478610070342],[0.421333760711093,52.2396910916924],[0.409667660185593,52.2394957316566],[0.394959649483573,52.2306796583355],[0.384648230982134,52.2340060946276],[0.371248976640283,52.226556342519],[0.34268439255514,52.2423432369239],[0.360892780160587,52.2494223694002],[0.340002280112855,52.2676878304683],[0.355225473324046,52.2793213405365],[0.350650921778692,52.282960057286],[0.359222183909217,52.2891574386721],[0.358997585954742,52.297542634275],[0.368868796071359,52.2965205560707],[0.377870313128827,52.2912528096126],[0.382720964855678,52.2932660012671],[0.385362738668793,52.2829976927841],[0.395353804471171,52.2804547576664],[0.424205855424971,52.2558659600945],[0.49880275078562,52.2730213239239],[0.495845901987706,52.2803722970902],[0.499104722032498,52.2846124639477],[0.504768566770327,52.2847158513696],[0.479210934940961,52.3018166330306],[0.462123997613505,52.3087905640834],[0.457617905782524,52.3162505164406],[0.431376462527732,52.3158256920945],[0.424221404653185,52.3292164617124],[0.43632355586838,52.3335341667291],[0.442501254912368,52.3488311411751],[0.427521484709411,52.3537038308403],[0.420053689546442,52.352154957837],[0.419224798371562,52.3579359721707],[0.407616895046918,52.3615735536288],[0.374777514194355,52.4097290999529],[0.425303918142973,52.4303321921927],[0.423208222956388,52.4339653018713],[0.42934424988806,52.436426487097],[0.445538463349104,52.4473716055975],[0.478160957681712,52.4455750281464],[0.507454638827405,52.4505960955788],[0.5236627946014,52.448179656827],[0.529492353057572,52.4534251997068],[0.542240062189454,52.4502470405726],[0.55482081425713,52.4560277836403],[0.572574375540946,52.4519464654582],[0.597464885890387,52.4542071217625],[0.609478866037682,52.4527159653846],[0.615600810689823,52.4489080958373],[0.621867018847917,52.45126470106],[0.620417919433402,52.4544378759972],[0.629797926064565,52.4540651871389],[0.628846763045473,52.4500817455612],[0.64222081114257,52.4510470196024],[0.666808436660313,52.462486509743],[0.683973773111766,52.4531650392918],[0.718903884354599,52.449578944306],[0.668463443006466,52.4091757254292],[0.684543747132592,52.399135956539],[0.712437670068244,52.3946230223495]]]},"properties":{"FID":62,"SICBL26CD":"E38000204","SICBL26NM":"NHS Norfolk and Suffolk ICB - 07K","ICB26CD":"E54000068","ICB26NM":"NHS Norfolk and Suffolk Integrated Care Board","BNG_E":582155,"BNG_N":264019,"LONG":0.666678,"LAT":52.24422,"GlobalID":"9df40a1f-b6c5-47ec-a946-4aba885452a1"}},{"type":"Feature","id":63,"geometry":{"type":"Polygon","coordinates":[[[-2.62590676980085,53.5936833478179],[-2.6275645347697,53.5894137901822],[-2.61806105350648,53.5911146455189],[-2.59619271192613,53.588834755028],[-2.57778704052797,53.5811009825112],[-2.579135383412,53.5779726816321],[-2.56573339580722,53.5700547121143],[-2.56847182558238,53.5647143910769],[-2.55960309283406,53.5612501266998],[-2.5633799259584,53.5595399173619],[-2.56104918667156,53.5532911019756],[-2.56960384445467,53.5478552472358],[-2.5596204136659,53.5463749364076],[-2.56176860778501,53.5389141452063],[-2.54499574751465,53.533401885148],[-2.53374693425573,53.5231151600041],[-2.51634896669676,53.5288708973311],[-2.51553117044805,53.5358045287732],[-2.51018003711812,53.5340917822962],[-2.50586718604015,53.5389729986334],[-2.45111445654814,53.5286520410684],[-2.45417743934549,53.5260535405039],[-2.42283008621527,53.5204363741062],[-2.41458174863207,53.5149221086368],[-2.4222406897166,53.5091057981365],[-2.42050643973673,53.5067511277965],[-2.43047077238192,53.5047880803414],[-2.43849663168373,53.4923591659379],[-2.4345208306503,53.4650676614106],[-2.489730293992,53.4601419935907],[-2.48914147769927,53.4758356053957],[-2.49633458665996,53.4809295238866],[-2.55263838671012,53.4678133501197],[-2.54907553973872,53.4614861788861],[-2.57038954487087,53.4584755520282],[-2.57674273987858,53.4460572115317],[-2.58331861300837,53.4488719142917],[-2.58314956187543,53.4533281856124],[-2.59626473101658,53.4565290453401],[-2.59929773849437,53.461101584903],[-2.61535860668011,53.4636009081212],[-2.61454847864208,53.4703611268078],[-2.60786376938743,53.4708281242136],[-2.61213849837614,53.4811379464355],[-2.6455401452251,53.4802524423032],[-2.65673153017986,53.4925224316203],[-2.6631135990431,53.4928676524544],[-2.66630887371546,53.499762852401],[-2.69889288654237,53.5020315132824],[-2.7064256806805,53.5057876755672],[-2.71000689230857,53.5146415574979],[-2.71562458513481,53.5106660410525],[-2.72377817585467,53.5103661442704],[-2.73052481406758,53.5205973715877],[-2.71792592069711,53.5273100289961],[-2.7145592759614,53.5382800228573],[-2.71860817072409,53.5435595672866],[-2.70481919868058,53.5591922488245],[-2.70429660844215,53.5628104839427],[-2.71126966346351,53.5647676743196],[-2.71922262119406,53.5761139359564],[-2.70139908512359,53.5906225361651],[-2.69335876833435,53.5894237885125],[-2.68931236737767,53.6043028683785],[-2.66112816654354,53.6032626662546],[-2.63459222823715,53.6082829499978],[-2.62590676980085,53.5936833478179]]]},"properties":{"FID":63,"SICBL26CD":"E38000205","SICBL26NM":"NHS Greater Manchester ICB - 02H","ICB26CD":"E54000057","ICB26NM":"NHS Greater Manchester Integrated Care Board","BNG_E":362134,"BNG_N":402124,"LONG":-2.5725,"LAT":53.51444,"GlobalID":"a863edb8-e2e8-403f-8915-a5e2d1b26582"}},{"type":"Feature","id":64,"geometry":{"type":"Polygon","coordinates":[[[-2.92876390126786,53.3084068144817],[-2.93160263056237,53.3060687143704],[-2.93955113705159,53.3104155185653],[-2.94938190451639,53.3031690301253],[-2.961511396796,53.3038046665901],[-2.96803311665413,53.3012551098865],[-2.99273781811387,53.3071088902615],[-3.01278249135817,53.2989497303553],[-3.02613946280699,53.2977487006942],[-3.03617790277685,53.3007316666825],[-3.04839077274996,53.3109606672742],[-3.05965915372323,53.3090037449673],[-3.07416538656733,53.3163809529974],[-3.12300480745106,53.2893035757708],[-3.14077656108278,53.3060523563544],[-3.13404683449371,53.3080151027505],[-3.12309252993718,53.3029595308115],[-3.12830397962197,53.3090724965879],[-3.11951463150488,53.3107834337983],[-3.12171864382702,53.3116708806925],[-3.13427300427782,53.3167244145507],[-3.13632615146685,53.3285816103142],[-3.12234023235646,53.3225416722602],[-3.13788482132617,53.3337322840161],[-3.13873137858947,53.3342874055491],[-3.1387834553508,53.3343215540016],[-3.19057115642075,53.3682434476226],[-3.1908567257286,53.3685131210267],[-3.19851887570533,53.3757472172894],[-3.2037721221217,53.3836327269457],[-3.17760588455519,53.399727276904],[-3.14095753460276,53.4118615597619],[-3.14058325972016,53.4119387682062],[-3.11887667147798,53.4164140953626],[-3.11835091644181,53.4166050864457],[-3.11831396797343,53.4166185081997],[-3.0898964193996,53.4269355247296],[-3.06040530710554,53.4386300207842],[-3.06035393075803,53.4386503821942],[-3.05671380257696,53.4400930149974],[-3.04032032385677,53.4428974492803],[-3.03009573023227,53.4271235533651],[-3.02919844414884,53.4259222911431],[-3.0242566413351,53.4193049843474],[-3.02411903031801,53.4190914313562],[-3.01279318229124,53.401485795388],[-3.01277209262004,53.4014315081616],[-3.00677895826765,53.3859988216891],[-3.00674557484623,53.3859128272804],[-3.00654027620033,53.3853839773296],[-2.99560388724085,53.3684024377915],[-2.9953485042943,53.3680057165485],[-2.97318175985386,53.3530249615378],[-2.95826371765444,53.3326417736128],[-2.9581291854903,53.3325313303103],[-2.93469705824737,53.3132839114761],[-2.92879375710679,53.3084313606214],[-2.92876390126786,53.3084068144817]]]},"properties":{"FID":64,"SICBL26CD":"E38000208","SICBL26NM":"NHS Cheshire and Merseyside ICB - 12F","ICB26CD":"E54000008","ICB26NM":"NHS Cheshire and Merseyside Integrated Care Board","BNG_E":329110,"BNG_N":386965,"LONG":-3.067019,"LAT":53.37478,"GlobalID":"1bb12fc0-2d2e-4069-9999-f3ab339245fd"}},{"type":"Feature","id":65,"geometry":{"type":"MultiPolygon","coordinates":[[[[-1.7784034026504,54.9824098151818],[-1.77254122631336,54.980522684368],[-1.7467428594702,54.9810539956526],[-1.72849338880392,54.974985802092],[-1.72687471888799,54.9696595965456],[-1.71950269075712,54.9670238763686],[-1.71884191921553,54.966787592616],[-1.70976346619787,54.9661979039764],[-1.70287403554774,54.9695983657712],[-1.70038345493138,54.96995327085],[-1.68915908403572,54.9664680489477],[-1.67988692722473,54.9635877620544],[-1.67964945449033,54.9635259941164],[-1.67852139792136,54.963232573124],[-1.63739296173077,54.957833429377],[-1.63772489009242,54.9570400548501],[-1.61585366969731,54.9621157447382],[-1.61520305200431,54.9622666531503],[-1.59444960504345,54.969797355159],[-1.59408947941313,54.9699279757522],[-1.59380726904834,54.9698126603675],[-1.57893544759099,54.9637753600105],[-1.57883642178738,54.9637762802329],[-1.56825529266484,54.9638741799265],[-1.5585207825066,54.959639648539],[-1.55788833484309,54.9594731863933],[-1.55243325650544,54.9580372018928],[-1.53822688956179,54.960655823787],[-1.53436946380505,54.964882987591],[-1.52918005441357,54.9633017427704],[-1.53070002472494,54.9579773593578],[-1.51532972640323,54.9573497095116],[-1.51806273897582,54.9470481069124],[-1.51121752705495,54.931666040257],[-1.52844789796935,54.9331095413896],[-1.55330572895151,54.9277054086483],[-1.55668093690464,54.9299890561122],[-1.56889140020102,54.9246248862364],[-1.55708020073104,54.9092113889184],[-1.5627849480736,54.905089331545],[-1.55610586298456,54.8851919534395],[-1.55941086052354,54.8820368611652],[-1.57990960121043,54.8777701492692],[-1.58396979088418,54.892820540013],[-1.59416422406102,54.9020186374952],[-1.6073275171762,54.8983358997638],[-1.61875387957513,54.8870544043964],[-1.62761715247677,54.8863080439205],[-1.64332282113428,54.8788650407268],[-1.65055970079132,54.8793230010395],[-1.64634611094452,54.881395640924],[-1.64931935907511,54.8929864936744],[-1.65995149912683,54.8906638994869],[-1.66304468601162,54.8959430174669],[-1.67557766144186,54.8980966082332],[-1.67477786826364,54.9095602119511],[-1.68765579975944,54.9079174662196],[-1.69169364818146,54.9026091718693],[-1.69863264883366,54.9090532632062],[-1.72490748551865,54.9088005189598],[-1.7362048867817,54.918580581294],[-1.7506799163442,54.9173822754994],[-1.76071769960159,54.9085662213756],[-1.76726707009128,54.9096291924402],[-1.76874494539053,54.9067255016378],[-1.7816684657785,54.9115451973831],[-1.79125209074551,54.9086734400806],[-1.79492723619617,54.9035468030536],[-1.80746252120036,54.9072263310143],[-1.82101368161582,54.9056617161255],[-1.82672106102874,54.9101319462286],[-1.85272134451354,54.9174135389548],[-1.84115505954423,54.9297221778049],[-1.82695148278576,54.930225674048],[-1.82485722865181,54.9403187547123],[-1.83107818116093,54.9443298467206],[-1.83369023385449,54.9533134622619],[-1.82299828175156,54.9557532927936],[-1.82449281774004,54.9624412815496],[-1.81552480401859,54.9672935189635],[-1.81281265767518,54.9763218978223],[-1.78834991198852,54.9842559156126],[-1.77906210918424,54.9826218494134],[-1.77877708667278,54.9825300977362],[-1.7784034026504,54.9824098151818]]],[[[-1.647681147558,55.0793889761866],[-1.63788944878746,55.0647694202948],[-1.63223917713443,55.0482382513731],[-1.63878921231162,55.0454244038032],[-1.63850810016467,55.0415511243887],[-1.6223963976782,55.0389559446701],[-1.61658877107195,55.0412937866668],[-1.59175250846886,55.0394711244725],[-1.58738231185854,55.0257780219213],[-1.59444919087151,55.0235077828782],[-1.60047040515038,55.0097483721933],[-1.57921447202475,55.0097920036016],[-1.57198082414227,55.0039229292857],[-1.55850418337799,55.0055435413317],[-1.56298099537196,54.9923176993387],[-1.55635818052312,54.993371044457],[-1.55235357874222,54.9897319245664],[-1.54791702321342,54.9926211377452],[-1.54578146549611,54.9890249635293],[-1.54044234389126,54.9898911746536],[-1.5399856741501,54.9833188269866],[-1.53369940360204,54.9857498877937],[-1.53061245363505,54.9840922673047],[-1.53084429541888,54.9840152780562],[-1.53503200713547,54.9775189581626],[-1.53516669304324,54.9771772335253],[-1.54075192424966,54.963002689617],[-1.55030688264821,54.9608463185939],[-1.55515437598374,54.9604545626039],[-1.56556205862622,54.9645856262007],[-1.56560614978963,54.9645899870121],[-1.58065986428684,54.9660777500988],[-1.59283379317389,54.9762938550225],[-1.58843441681729,54.9705838222589],[-1.58872567036113,54.9705736943036],[-1.60017811073124,54.9701697849458],[-1.62049898967939,54.9624319484427],[-1.63945377452031,54.9603502203388],[-1.66740854193323,54.9647736011487],[-1.66771330940851,54.9648217859482],[-1.68312365900172,54.9658725568576],[-1.68670744650278,54.9669530854027],[-1.68914841308124,54.9678621482317],[-1.6976507587457,54.971027882099],[-1.69769230138873,54.9710433467914],[-1.71200226132739,54.9743124831431],[-1.70257597413209,54.9712640650527],[-1.70819441396773,54.9688400260669],[-1.71497178969301,54.9678736360493],[-1.72023658178279,54.9682021803437],[-1.72611012196467,54.9753497503894],[-1.73812321479483,54.9793970979055],[-1.73818196545251,54.9794168869816],[-1.73911140897243,54.9797299441274],[-1.7524561857683,54.9834425806005],[-1.76979902769787,54.9813904750172],[-1.77006362732713,54.9814294197121],[-1.77568508887337,54.9896302813223],[-1.77381372687445,55.0039693352684],[-1.75667590271924,55.0023166202715],[-1.75634426250947,55.0159438189908],[-1.75105827090349,55.0156141937945],[-1.75024514100856,55.024020687999],[-1.74003263045586,55.0245810822363],[-1.73932119155586,55.0295953796167],[-1.72692351863552,55.0331521898368],[-1.71444797292382,55.0340237486289],[-1.71694343175008,55.038625583491],[-1.70865348359989,55.0422603423397],[-1.69491597217583,55.0428935396766],[-1.69792662568659,55.0523789707855],[-1.71054032237842,55.0527503953954],[-1.71375962455652,55.0654793636102],[-1.70410690041301,55.0658276158532],[-1.7046128170398,55.0709328870874],[-1.69133808760958,55.0697263586175],[-1.69111809858004,55.0728257216436],[-1.647681147558,55.0793889761866]]]]},"properties":{"FID":65,"SICBL26CD":"E38000212","SICBL26NM":"NHS North East and North Cumbria ICB - 13T","ICB26CD":"E54000050","ICB26NM":"NHS North East and North Cumbria Integrated Care Board","BNG_E":420165,"BNG_N":559658,"LONG":-1.686855,"LAT":54.93121,"GlobalID":"34c8d773-7d1c-4baa-8ae6-8bd90234192c"}},{"type":"Feature","id":66,"geometry":{"type":"MultiPolygon","coordinates":[[[[-3.11861948906279,54.9744653623941],[-3.1194119688305,54.9741734088803],[-3.11912223870394,54.9744229039646],[-3.11852351574887,54.9745471478479],[-3.11861948906279,54.9744653623941]]],[[[-3.102412412498,54.9778890536764],[-3.10070082230239,54.9772676934427],[-3.10267439527624,54.9778347322831],[-3.102412412498,54.9778890536764]]],[[[-3.08716711298859,54.9782072343421],[-3.08819847347564,54.978140824093],[-3.08707053943162,54.9782339326224],[-3.08716711298859,54.9782072343421]]],[[[-3.06697188893778,54.9841735561717],[-3.06715101533307,54.9841170520511],[-3.06562060645241,54.9850803339061],[-3.06512234123782,54.9851166290435],[-3.06640012261373,54.9843539124693],[-3.06697188893778,54.9841735561717]]],[[[-2.66162475587836,55.1463648614285],[-2.65693948151137,55.136132077052],[-2.63263859521607,55.1277570860379],[-2.62127350542276,55.1292162437165],[-2.59890285415831,55.1245755764472],[-2.60047088105337,55.1171619796517],[-2.59343634412368,55.1128326454807],[-2.59353955476063,55.1050963138956],[-2.58338758593144,55.1017262146918],[-2.58077998969607,55.0956079744109],[-2.56842593250885,55.0962616229172],[-2.56670552843396,55.0919659004393],[-2.55829470338678,55.0888102894458],[-2.5621362337247,55.0834621663041],[-2.55095994966957,55.0808831790291],[-2.54576616748903,55.0837776191465],[-2.53225713118058,55.0827608210457],[-2.53047073037461,55.085186982984],[-2.51780109507648,55.0850337528196],[-2.5164674067356,55.0891156887104],[-2.50257432032482,55.0907587098232],[-2.48608626906919,55.0824436388376],[-2.49465378851065,55.0818636007125],[-2.50123423930272,55.0752246863174],[-2.49219970404776,55.0681536180158],[-2.50398509080588,55.062431371235],[-2.49995926856711,55.0620367528082],[-2.50067734345045,55.0565736511563],[-2.49470626706904,55.0531305841786],[-2.49075235666215,55.0545259566232],[-2.4943414577758,55.0507148177197],[-2.48295623519211,55.0437008629377],[-2.48305010868891,55.040018877131],[-2.50525722745848,55.0368701550504],[-2.50447996327309,55.0331905572465],[-2.5093622205917,55.0363453298167],[-2.51229820996465,55.0338393590668],[-2.52691242808644,55.0329399114618],[-2.52762190788328,55.0290999374101],[-2.53957221880075,55.0288767662551],[-2.55261929895801,55.0210418094159],[-2.57285167751498,55.0163983763924],[-2.57365338685657,55.0067266092926],[-2.57024185563917,55.0065062144588],[-2.57418082949167,55.0037002841601],[-2.56771355856967,55.0027472284686],[-2.5733107667702,54.9876376601678],[-2.5792370411249,54.9828929435531],[-2.5866295896291,54.9820341198104],[-2.59159181908673,54.9741510750736],[-2.60034563871584,54.9736622117059],[-2.60136164264861,54.9713174014529],[-2.59556880264086,54.9634807332772],[-2.56849142932329,54.9583618859183],[-2.57128531086655,54.9483701426004],[-2.56764966570152,54.9408559896609],[-2.55142130637806,54.9294193465034],[-2.5452725191203,54.9291718672718],[-2.56622131471397,54.9192378290263],[-2.56756548936455,54.9090028984011],[-2.57641408585527,54.8967173540341],[-2.60539228560373,54.8846621313658],[-2.59024697959068,54.8737837930078],[-2.57335229200006,54.8535461749516],[-2.58267105113602,54.8458669343168],[-2.56784846824913,54.8235748589752],[-2.53180560131833,54.806207294919],[-2.4964913391021,54.8099920788299],[-2.48199193670451,54.8168920888939],[-2.46059320790734,54.8341706258904],[-2.45221838999206,54.8320308434986],[-2.42269074419719,54.8428333137349],[-2.41162387643033,54.8564308562693],[-2.4016229081803,54.8514840704729],[-2.3899853564479,54.8321551538147],[-2.37266971004419,54.8273792274979],[-2.36983071535912,54.8209667429639],[-2.34842861249769,54.8070791610398],[-2.32739740262511,54.8053377459037],[-2.32328424453606,54.7950090587777],[-2.31208958046593,54.7910148408926],[-2.31392387810605,54.7811135409739],[-2.30844619745539,54.7735166023861],[-2.32238223097449,54.7641960765548],[-2.32086800042761,54.75506533672],[-2.33230545421962,54.7319957788723],[-2.32580284753802,54.7265966993646],[-2.34202340854866,54.7161438930895],[-2.34442828155272,54.7017328496803],[-2.35572395581608,54.6977517209375],[-2.35192400550207,54.6858937768427],[-2.33566100573282,54.6752942162756],[-2.32719183783689,54.6736975588205],[-2.327187847529,54.6706151633355],[-2.303317111086,54.6696298011127],[-2.30339693676937,54.6668241010018],[-2.29287517631169,54.6638855556781],[-2.28797885835874,54.6504803086063],[-2.32500062869754,54.631598845942],[-2.30866434944519,54.6117515737939],[-2.30450014461841,54.5962389929897],[-2.27088071663786,54.5821991787685],[-2.24592833676398,54.565109740949],[-2.20948836299615,54.551713425943],[-2.21015045821985,54.5436895512754],[-2.19758132682699,54.5326706029249],[-2.18244682296347,54.5358038351679],[-2.17252924497249,54.5324259128237],[-2.17449246233205,54.5217270625983],[-2.16870412360067,54.5196515043364],[-2.16246745178517,54.5039867546928],[-2.16653486150557,54.4899311104571],[-2.15902449982695,54.4719860264476],[-2.17021277857347,54.4581985172187],[-2.1705785270794,54.4611413165982],[-2.17750838210042,54.4616258896719],[-2.18931527172832,54.4489779945845],[-2.23561738092993,54.4482308985933],[-2.24955923335505,54.4519402782237],[-2.26790273964738,54.4472333783116],[-2.26537881163011,54.4429261832343],[-2.27134766765733,54.4409160561347],[-2.29286534394322,54.4393076092323],[-2.2918536029227,54.4314625141742],[-2.30337314736165,54.4262763825751],[-2.30814586025526,54.4197937168163],[-2.30550654778273,54.3971203309206],[-2.29178378755434,54.3909044554162],[-2.29744045047675,54.376898681656],[-2.31704244130702,54.3763105413405],[-2.32609211727987,54.3680956370911],[-2.34464800518346,54.3596284889462],[-2.36074916966088,54.3549476600772],[-2.36771195389404,54.3560698639035],[-2.38231789206275,54.3713147179331],[-2.40628703672407,54.3702530489148],[-2.42087580738805,54.3658451905332],[-2.44377235253027,54.376028221162],[-2.45307959534506,54.3744944426586],[-2.46274214056241,54.3683866422346],[-2.48365297191369,54.377352360794],[-2.50736156602803,54.3729165135744],[-2.51368954328577,54.3679341855534],[-2.52115788303279,54.3699308419074],[-2.52346174416548,54.3753572509685],[-2.53399063880051,54.3810842212351],[-2.53108875983982,54.3845669273914],[-2.5382240607997,54.3942254160156],[-2.55233703829864,54.3869699450651],[-2.57527292958005,54.3919837736364],[-2.58347048863596,54.3876504916233],[-2.60173892583046,54.398956636961],[-2.60397545321846,54.406928444337],[-2.61486290108884,54.4093881421508],[-2.64027657903008,54.4043461676408],[-2.64465817447863,54.4102526540631],[-2.66043001419696,54.4142357518],[-2.66630702862827,54.4215638954882],[-2.68680361181093,54.4266652107983],[-2.69095587004555,54.4291428979839],[-2.68921572976616,54.4457552847216],[-2.69668133984562,54.4462203174694],[-2.69846187659489,54.4382313426812],[-2.69468635445499,54.4362363449756],[-2.70352280331175,54.4320780676629],[-2.73707499872465,54.4468309085607],[-2.74761514872576,54.4470796449742],[-2.77162346687687,54.4632286849752],[-2.77699178982784,54.4598724429692],[-2.78917657295764,54.4649818572664],[-2.79624136982453,54.4699287046521],[-2.79542067135335,54.4752679986219],[-2.80687704612988,54.4820601280695],[-2.8160004414069,54.4746302448635],[-2.82761335342664,54.4799308893116],[-2.83861961747958,54.4761612657854],[-2.85301167121097,54.4785384316878],[-2.85448135461203,54.4833522229395],[-2.86546087565305,54.49002385548],[-2.87561834582307,54.4811006450453],[-2.88366566912674,54.484956771797],[-2.9062783510028,54.4813479072575],[-2.91981877991537,54.4647791448818],[-2.93145529627129,54.4698727528435],[-2.93755280635445,54.4686707445032],[-2.95534732898323,54.4845323315076],[-2.96636045859741,54.4822321594471],[-2.9804768929168,54.4959543661573],[-3.00192084054993,54.497322271172],[-3.01308457946087,54.4946371759917],[-3.01483523819347,54.4998433018578],[-3.02096151408445,54.4998386011635],[-3.04830383046215,54.4962781759593],[-3.05080159424539,54.4912652120461],[-3.06198540050038,54.4925226594973],[-3.07621433986725,54.4893655909028],[-3.08826521055195,54.4839641572444],[-3.0977536796442,54.4719035324032],[-3.10947917773279,54.4740037003207],[-3.11570468824721,54.4665828602003],[-3.11257327406185,54.4614908266626],[-3.11942541773659,54.4602375720552],[-3.13221304705135,54.4645439675607],[-3.13644405915719,54.4707460919057],[-3.14496033661194,54.4687575865336],[-3.15382538088866,54.4601539743217],[-3.16713924464684,54.4541103732325],[-3.16627892555218,54.447766467875],[-3.16111642424337,54.447037069356],[-3.15859173713219,54.4421774086043],[-3.15794477426625,54.431306003682],[-3.18223375889412,54.4254660438886],[-3.1811705501588,54.413252413801],[-3.18896740438757,54.4059588153401],[-3.18574089024832,54.4032815585097],[-3.19865275697059,54.392408291729],[-3.23256169921102,54.3760319422091],[-3.24337930706851,54.3630863565162],[-3.271599712186,54.3581653363532],[-3.29271719484221,54.3610312404503],[-3.29857790717098,54.3592305004532],[-3.30140525748605,54.3522473848882],[-3.30825904169585,54.3492235566133],[-3.29880997033957,54.3475350155644],[-3.29509612114998,54.3427450036595],[-3.30282829917439,54.3313512425897],[-3.29486304854072,54.3254689654346],[-3.30816076234729,54.3222034945384],[-3.30410522562253,54.2997899145319],[-3.31368150684467,54.2918216223906],[-3.30102555918425,54.2794621406639],[-3.30416408151602,54.2759365815952],[-3.32041186959551,54.2716291048021],[-3.32277800691851,54.275559445961],[-3.34729733937232,54.2839791718006],[-3.34707249082417,54.2796369966765],[-3.36882646580315,54.2761204475509],[-3.37019047816296,54.2713594489078],[-3.37954283625291,54.2726144055022],[-3.3864877597815,54.2683177959193],[-3.3926231140088,54.2701659379853],[-3.3971462638966,54.267747054525],[-3.4175801415736,54.2817994336699],[-3.4227306105891,54.2928557559864],[-3.41574227257272,54.3035877374147],[-3.42488454598496,54.3287069698708],[-3.42253394583975,54.3397739152204],[-3.4100391249173,54.3503540252372],[-3.41185021054861,54.3380397767735],[-3.40439167465633,54.3379380704265],[-3.41150175278282,54.3572829504165],[-3.40842060355793,54.3600513778198],[-3.40499914197122,54.3616253433687],[-3.40422688112153,54.3619805735887],[-3.40452642864428,54.3620198892591],[-3.41544268239883,54.3634520882348],[-3.4120323924588,54.3577243100575],[-3.42264656367273,54.3596650993253],[-3.42986170317469,54.3557526530304],[-3.41750896872622,54.3532639645152],[-3.41737471340534,54.3489234084433],[-3.42681029502069,54.3430651473815],[-3.43528528972723,54.3433826113222],[-3.47337461443074,54.3754920201302],[-3.47553878934774,54.383039800473],[-3.47650486491259,54.3864080540051],[-3.47655818869526,54.3864527612459],[-3.49947374289459,54.4056538811202],[-3.50102498690059,54.4066481872798],[-3.50145054433486,54.4069209447502],[-3.54334095824456,54.4386806746053],[-3.55928714054481,54.4507535894675],[-3.57785014360119,54.4647959729727],[-3.57863956421467,54.4656998366727],[-3.5929852117602,54.4821170997191],[-3.60800385729473,54.4909566729522],[-3.61957206738104,54.4909065030725],[-3.62698745090914,54.5019817955982],[-3.63249335973794,54.5051758532213],[-3.63688544718943,54.5104111997421],[-3.63884273690584,54.5172068155973],[-3.63880356248126,54.5174056701352],[-3.62626005707636,54.5206275954121],[-3.6148227165953,54.5246107845938],[-3.61360572102789,54.5250345138944],[-3.60890923709196,54.5299769155085],[-3.60801840683175,54.5307296250978],[-3.60791251856,54.5309948724817],[-3.60763142679029,54.5312241303085],[-3.60756426463748,54.5313920595767],[-3.60625655270729,54.5327678898143],[-3.5999928645927,54.5479633172199],[-3.5992432507152,54.5513426271472],[-3.59756742635225,54.5517755750308],[-3.59348706874838,54.5482028725138],[-3.59105409276824,54.5506828899427],[-3.58984966414056,54.5519104845937],[-3.59221789358168,54.5520554496741],[-3.59439513155283,54.5525164913697],[-3.59414167429413,54.5525756834897],[-3.59159259148016,54.5521967517181],[-3.59154165990969,54.5522824938832],[-3.58446839377476,54.564186763318],[-3.58431763816961,54.5644721432396],[-3.58430237544579,54.5645010351073],[-3.58428131136951,54.5645409091724],[-3.5841187153859,54.5648486985249],[-3.58039127077633,54.5719033632217],[-3.58071471108826,54.574439300562],[-3.5805190222366,54.5751771496213],[-3.58081163701717,54.575199177747],[-3.58281083170314,54.5908653636305],[-3.57259496338213,54.6006968770933],[-3.57133116900707,54.6126464625324],[-3.56596491049546,54.6122313817633],[-3.56590550759418,54.6122252446086],[-3.56906026213043,54.6161273063495],[-3.57205804840373,54.6287029653044],[-3.57448212873642,54.6388659209959],[-3.57457831539425,54.6392690754801],[-3.57459525368696,54.6393400688472],[-3.57773288375778,54.646949855948],[-3.57807649539379,54.6517055576845],[-3.56251613770338,54.646399013607],[-3.55721494120297,54.646254238809],[-3.56448709251138,54.6479617074194],[-3.56392376507458,54.6480595973549],[-3.56341163556783,54.6481485751416],[-3.57174335475492,54.6508463225268],[-3.55204506812564,54.6684585352752],[-3.55078534672408,54.6695842271548],[-3.53349947547929,54.6818773084477],[-3.53327023470455,54.6820526061492],[-3.53322449126195,54.682087585759],[-3.51898114017688,54.6929754945552],[-3.51195888315024,54.7063145439375],[-3.51167884232881,54.7078392731446],[-3.51055927510385,54.7139338651876],[-3.50816991375114,54.7171774901576],[-3.50106511896349,54.7153259915658],[-3.50712873863076,54.7176216610018],[-3.50113262670355,54.7171523471693],[-3.49357184296155,54.7258026798484],[-3.48037603768458,54.7317670653405],[-3.47898868771457,54.732393950173],[-3.45552435494887,54.7462157834396],[-3.44640542502761,54.7515837300538],[-3.44541183797266,54.7521684951147],[-3.43814089961836,54.7606204982206],[-3.43331644392299,54.7662264670115],[-3.4315427375615,54.7811036820367],[-3.4378546668328,54.8016272621156],[-3.41031150970627,54.8397350350548],[-3.41025840359405,54.839868670316],[-3.39886993497874,54.868505831812],[-3.39474782509775,54.8681403056329],[-3.39430149619837,54.8680847658276],[-3.39434170903606,54.8681042853102],[-3.39415122823886,54.8680873906997],[-3.39480426592165,54.8683288187168],[-3.39709391625793,54.8695948672366],[-3.39611243000269,54.8703084969643],[-3.38658187522835,54.8755780202559],[-3.37939090225213,54.8824615632397],[-3.36698781532365,54.8914698709485],[-3.34493570632503,54.899723156187],[-3.33804122038995,54.9002767899942],[-3.33513221177873,54.8986589589742],[-3.33694528212834,54.8981099426225],[-3.34709232731441,54.8948963863775],[-3.3511712053855,54.8925592760193],[-3.35760798578794,54.8918501002141],[-3.35477129687373,54.8909866666569],[-3.3470658698386,54.8940039911229],[-3.34443958846319,54.8950315363081],[-3.34021639056703,54.8955499971851],[-3.33852744337055,54.8934178445713],[-3.33452742853463,54.8906453542426],[-3.33238443527228,54.8902614677099],[-3.32859086925432,54.8900792391372],[-3.32485943847204,54.889106295146],[-3.3211366962303,54.8893147812159],[-3.31634377523684,54.8890719881659],[-3.31152010911656,54.8882666400027],[-3.30878055328947,54.8874397090741],[-3.30576507816501,54.8858392245631],[-3.30220359786019,54.8851306434179],[-3.29386995706925,54.8808762835061],[-3.29029885983887,54.8790800671899],[-3.28716945155331,54.8788422184112],[-3.28837048443143,54.8811881860181],[-3.28362836022977,54.8766744817018],[-3.28193064196865,54.8756682343533],[-3.28565097177588,54.8696451502917],[-3.28708659596689,54.8673204206986],[-3.28193492989162,54.8615162404409],[-3.28352836377207,54.8649508553019],[-3.28424583165474,54.866497140782],[-3.28457764787393,54.8672122296902],[-3.28449870050737,54.8683564725812],[-3.28356101026101,54.8693501505261],[-3.27779606202373,54.8777914229905],[-3.28180688828783,54.8805077150235],[-3.28189010925599,54.8827908913847],[-3.28376880043283,54.8843677678154],[-3.28375794839882,54.8888275151826],[-3.28693241069942,54.8891785563318],[-3.28745921730704,54.8909899239271],[-3.28435748951047,54.8928667009935],[-3.27204640355065,54.8912394117612],[-3.254947717565,54.8975590696911],[-3.25353926628152,54.9017585536486],[-3.25019940300587,54.9040347263374],[-3.25342827535719,54.902902904683],[-3.25587234074331,54.9042686673086],[-3.25537508579399,54.9100998779423],[-3.25065252667829,54.9117806286142],[-3.24938495669353,54.9110974252954],[-3.24120813798221,54.906689345226],[-3.24474391445526,54.910375566204],[-3.23269973046229,54.9090820393053],[-3.22157929063997,54.9018017870931],[-3.20971340199137,54.9038985312187],[-3.21134953413904,54.9044229888102],[-3.21451816165581,54.9054385813455],[-3.22123354326476,54.9023822030921],[-3.23367235663409,54.9113698535637],[-3.24763251184629,54.9138966634819],[-3.24853012231641,54.9135369095783],[-3.24944912950967,54.9131685646832],[-3.25847616085069,54.9114492974682],[-3.27017963285237,54.8997826093448],[-3.30314004688142,54.9091591263845],[-3.31369507323501,54.9148950220752],[-3.31347584927487,54.9188930578604],[-3.30203875175872,54.9277035803571],[-3.28330649706739,54.9421233204342],[-3.26533730559232,54.9430343286987],[-3.26893828529529,54.93707352085],[-3.26492857880515,54.9431419528995],[-3.25041219403299,54.9442212303756],[-3.2478672573942,54.9444102588682],[-3.23220190321563,54.9532200146604],[-3.20439217458803,54.9538753127543],[-3.18600124446938,54.9499339658616],[-3.17665321996487,54.9418154616584],[-3.15704078594456,54.9378258467956],[-3.15515603326401,54.9323582470669],[-3.14438409425017,54.929291299599],[-3.13796409463066,54.9274627315195],[-3.12171884311388,54.9284576156528],[-3.11972568606894,54.9262827058123],[-3.11956449108739,54.9261068001341],[-3.1188703594269,54.925349302034],[-3.1181023129491,54.9277557863022],[-3.10020154855272,54.9283784173252],[-3.1042968378528,54.9285101945105],[-3.1018858936523,54.9296844152002],[-3.09720610169279,54.9319633187944],[-3.07288851056845,54.9371518716482],[-3.06675280368104,54.9401019406279],[-3.06290248660038,54.945274602104],[-3.05000982391622,54.9463895590848],[-3.04758983745212,54.946254699198],[-3.03446323638476,54.9442641555182],[-3.02494705180958,54.9459616382189],[-3.02077346822045,54.9460212581316],[-3.00960779179728,54.9461800534668],[-3.00260778755777,54.9377923582782],[-3.00454756070861,54.9342483954847],[-3.00638744634778,54.9308863307415],[-2.99586234280445,54.9359228937096],[-2.99981186966045,54.9372429587114],[-3.00080114293566,54.937573573461],[-3.00803378880629,54.9470414530548],[-3.04003029496358,54.9460888873765],[-3.04619516876286,54.9485268470941],[-3.05219964033594,54.950265231281],[-3.06804803826714,54.948033192034],[-3.07694900024309,54.9521264362775],[-3.06908062604893,54.9476301120173],[-3.07771089752248,54.9462390083853],[-3.07233814384149,54.9454001299162],[-3.08284312531344,54.9399752787855],[-3.09029742611452,54.9407648720755],[-3.08998543588394,54.9388281839471],[-3.09780106165166,54.9386563849224],[-3.10498914117436,54.9332555456239],[-3.11048431785634,54.9320520118426],[-3.11789297952639,54.9335600210961],[-3.12500121902365,54.9440921825092],[-3.11414966526953,54.9470838439471],[-3.12313932559421,54.9459022637698],[-3.12707163911517,54.9509161960477],[-3.11967509140226,54.9541362815758],[-3.10956330551037,54.9479925804809],[-3.11777537364825,54.9541381281162],[-3.11513408543894,54.9569142958139],[-3.10665628825753,54.9522570269652],[-3.11140918851325,54.9576356646378],[-3.10316796823376,54.9586196704624],[-3.09519933237029,54.9632167153923],[-3.08530041243176,54.9652933409152],[-3.08450936674651,54.9709489869643],[-3.07233510669036,54.9748819103724],[-3.06142506142838,54.9848434507687],[-3.04927243291777,54.9838629820965],[-3.04691434898947,54.9765217093776],[-3.04237204776661,54.9746778780219],[-3.04028151484511,54.9700318911227],[-3.03787220547378,54.9740576074594],[-3.04552587110465,54.9789900939705],[-3.04688999810345,54.9846941521265],[-3.05637174194796,54.9865667690542],[-3.05755587138843,54.9917210527279],[-3.05345175563596,54.9928045370416],[-3.05790265046854,54.9917193523923],[-3.05823709525697,54.9916378018789],[-3.05824618501599,54.9916812547956],[-3.04407310353369,54.9986604529996],[-3.0450733607528,55.0078383070024],[-3.04858344105585,55.006721572944],[-3.04947556638757,55.0095432463203],[-3.03935012587484,55.0164147019661],[-3.04006455468522,55.0227242779217],[-3.0302044154642,55.024621206142],[-3.03431395753841,55.0299088807415],[-3.02587850360331,55.0364932707997],[-3.04022840163699,55.0411761552138],[-3.04350974227562,55.0474118742455],[-3.05364749658622,55.0474004150661],[-3.05075265423429,55.0529152319225],[-3.04317126623909,55.0556606317796],[-3.02802367192262,55.0553040449306],[-2.95861832208023,55.0492896262792],[-2.9554152481323,55.0547442680333],[-2.93651869384476,55.0595571885897],[-2.94320870503736,55.0647609531281],[-2.93969965417761,55.0696296622697],[-2.92618216796704,55.0705655350268],[-2.91519804537473,55.0789260660058],[-2.89712980819113,55.077844416791],[-2.89345226266737,55.0877674652017],[-2.88425568523259,55.0871912532816],[-2.88225978763998,55.0927662830024],[-2.88640555312172,55.0947459323903],[-2.8767611074436,55.0952564284398],[-2.87078844792947,55.1063871456773],[-2.84475715846863,55.1116849052015],[-2.84535464735792,55.1156215760036],[-2.83796700395577,55.1172927176895],[-2.84136540975896,55.1224828160194],[-2.83255687198123,55.1215135730497],[-2.82747711546942,55.1249891759859],[-2.83297698598223,55.1327345600188],[-2.82550256980369,55.1383141136804],[-2.81289119986711,55.1361852098241],[-2.78491885198305,55.1417755745081],[-2.77510830876287,55.1492066840941],[-2.746255922121,55.1582238707523],[-2.73256130307403,55.167287385968],[-2.70350765187326,55.1731675890192],[-2.68979029151321,55.1889842276589],[-2.674555571459,55.1758912590741],[-2.68325404773807,55.1666303627813],[-2.67732425506648,55.1554876119627],[-2.66857835302583,55.1473109132912],[-2.66162475587836,55.1463648614285]]]]},"properties":{"FID":66,"SICBL26CD":"E38000215","SICBL26NM":"NHS North East and North Cumbria ICB - 01H","ICB26CD":"E54000050","ICB26NM":"NHS North East and North Cumbria Integrated Care Board","BNG_E":341244,"BNG_N":537603,"LONG":-2.913908,"LAT":54.72997,"GlobalID":"69fcacf0-9cdc-40f8-9b1d-19c4017af20c"}},{"type":"Feature","id":67,"geometry":{"type":"Polygon","coordinates":[[[-2.23722811334853,53.538803883404],[-2.21886084966976,53.5439111711431],[-2.20703515871824,53.5381833281726],[-2.20542805655608,53.5329124231102],[-2.18592227203478,53.5290577701307],[-2.17016795321175,53.5277358173921],[-2.16477269474978,53.5201563665017],[-2.15913518149235,53.5221683769558],[-2.15475237912844,53.5180494129614],[-2.16051653081475,53.5129911537925],[-2.17347645329902,53.5122926396376],[-2.17867801682005,53.5058389926263],[-2.16183743179886,53.498320702249],[-2.16305433849454,53.4928662938843],[-2.16928452588301,53.4881512658978],[-2.1679875483916,53.4800118320379],[-2.16149727499674,53.4748915584819],[-2.15048558116524,53.4728251820585],[-2.14682801134686,53.4676586432209],[-2.15278290701293,53.4632468095146],[-2.15027742727053,53.4579521838546],[-2.15844038508741,53.454895812229],[-2.16142248471018,53.4518490233576],[-2.16595624101735,53.4537613490347],[-2.17279589819144,53.4479613196418],[-2.17657811613472,53.433113521606],[-2.18872679860994,53.436822944712],[-2.19318400934673,53.4276694950039],[-2.19957954578109,53.4267607832047],[-2.20650372227759,53.4190228775176],[-2.21348640492171,53.4189407067865],[-2.21269056052809,53.4069823851654],[-2.22256720370701,53.4011962405789],[-2.23809314029452,53.400873098032],[-2.24686817409403,53.3961021737481],[-2.23703319743193,53.3700651738482],[-2.24077934748905,53.3595717089761],[-2.25644713339553,53.3606769746337],[-2.26706903711745,53.350581697539],[-2.30134321520045,53.3401215815714],[-2.29693022568687,53.3485836736235],[-2.31399387761143,53.357432002557],[-2.2984479026945,53.3608870970659],[-2.28564105555643,53.3762235230608],[-2.29994338017861,53.3843582582019],[-2.30005422522501,53.3921709646068],[-2.31989680014328,53.4116532951567],[-2.29768994093162,53.408362619414],[-2.29393549361436,53.4136177081751],[-2.27779793847468,53.4155113841028],[-2.273707103186,53.422582284389],[-2.28341156929662,53.4248772881024],[-2.28807821092269,53.4315248150979],[-2.29945409332284,53.4332945153765],[-2.30018628693169,53.4364162258232],[-2.29421688316808,53.4360653876145],[-2.29539807371135,53.4387933193209],[-2.28991134396231,53.4413342767154],[-2.29329615554934,53.4445478627281],[-2.28615088869488,53.449185899601],[-2.27165098928036,53.4507073565002],[-2.25360352948072,53.4599517356195],[-2.26793126506219,53.4698549313399],[-2.26534540009953,53.472715238237],[-2.24513712028666,53.4860869225454],[-2.25540196090731,53.4990931442186],[-2.25151531122193,53.5039012175096],[-2.24710214496332,53.5024120446093],[-2.24569636489302,53.5065375338901],[-2.25026457183277,53.5080462692085],[-2.24518271517896,53.5120935180536],[-2.25692499691844,53.5179395286693],[-2.24653075236713,53.5292923541788],[-2.26408432478172,53.5247076260237],[-2.26832219229083,53.537460910051],[-2.25167076977512,53.5446041549572],[-2.23722811334853,53.538803883404]]]},"properties":{"FID":67,"SICBL26CD":"E38000217","SICBL26NM":"NHS Greater Manchester ICB - 14L","ICB26CD":"E54000057","ICB26NM":"NHS Greater Manchester Integrated Care Board","BNG_E":384592,"BNG_N":397068,"LONG":-2.23358,"LAT":53.47013,"GlobalID":"2abd75c2-e83b-4c9c-958d-4b6fe5304155"}},{"type":"Feature","id":68,"geometry":{"type":"Polygon","coordinates":[[[-0.842743746774494,51.5447585854224],[-0.84628614578121,51.533664145646],[-0.853906991596747,51.526072877008],[-0.836186137956162,51.5127504893391],[-0.824056391393711,51.5124794840273],[-0.817404458770636,51.507297880068],[-0.817066464853353,51.4964323167614],[-0.820441764332954,51.4949897834947],[-0.820939430565509,51.4971771209433],[-0.829375685566709,51.4870692256144],[-0.82178437115927,51.4726028754749],[-0.825199084656246,51.4655626817438],[-0.833754226198817,51.4640987212933],[-0.828291375292994,51.4620434647525],[-0.818085656205978,51.4431910095798],[-0.800019876669258,51.4411820932837],[-0.798516221275468,51.4186490810438],[-0.792505558358558,51.4088495937169],[-0.801972321418824,51.4090634656968],[-0.801521170301839,51.4053010787653],[-0.788840087934641,51.3717506816925],[-0.813571194807834,51.370318480432],[-0.826982115531689,51.3640160196795],[-0.837349280304795,51.3528712067173],[-0.868102911525173,51.3547435548528],[-0.87785621517919,51.3525912685322],[-0.91514168263128,51.3607922328565],[-0.918302488112838,51.3649069980559],[-0.935989228448871,51.3663171064978],[-0.939153514613876,51.3631715230242],[-0.972364075945971,51.3599382505383],[-0.986740141479033,51.3598556219145],[-0.985864596875127,51.3627498241763],[-0.990170380531113,51.3632274455329],[-1.01112285500043,51.3591698524873],[-1.05001598206376,51.358147957711],[-1.06576705685659,51.3723270461646],[-1.07252019172607,51.3752831955732],[-1.07999088547641,51.3746357149571],[-1.07534696592835,51.3794958003882],[-1.08661925911966,51.3839155738907],[-1.11545718268512,51.3742144552387],[-1.11579095836051,51.3604661184565],[-1.12374440048734,51.3612568038301],[-1.12476869624952,51.358100323921],[-1.13858992668065,51.3571910730454],[-1.16962157048554,51.3607256361964],[-1.17689416381139,51.3573240404264],[-1.20208299227447,51.366189717528],[-1.2183086590465,51.3658628659261],[-1.22245466083497,51.3697534151022],[-1.241578691186,51.3662214680455],[-1.25113996030237,51.3720404708761],[-1.25738108281682,51.3721143143107],[-1.26218698920171,51.3683788724371],[-1.26956941305583,51.37045906929],[-1.27530356555327,51.367230573444],[-1.31861540541221,51.3729562271412],[-1.34960955516847,51.3671056526553],[-1.37786910095536,51.3677787809675],[-1.41106777198707,51.3728524789157],[-1.4175674109164,51.3706881186004],[-1.42843848071588,51.3566901458845],[-1.44410945359479,51.3549284130514],[-1.44493586048871,51.348118236646],[-1.42969292064009,51.336529860385],[-1.49829885036546,51.3293760766964],[-1.48571136730651,51.3476827686126],[-1.50060851045364,51.3562679430948],[-1.49544911761768,51.3696644854892],[-1.51340517948011,51.3720450134655],[-1.5169604356226,51.3787802811689],[-1.52763453369158,51.3788209981109],[-1.53833166632191,51.385537366682],[-1.53771752370096,51.388322408755],[-1.55560298084995,51.395584139726],[-1.55298779922846,51.4100439652383],[-1.56227505452756,51.4082373573129],[-1.56349136993381,51.4132288781294],[-1.57105266987837,51.4155776053927],[-1.56511890657083,51.4220435267248],[-1.55311274984123,51.4212761985739],[-1.53906171297559,51.4261511162886],[-1.52661816195295,51.4239310705276],[-1.53206207415033,51.429555808817],[-1.52399097681132,51.4474805773214],[-1.52902858992877,51.4555118012269],[-1.54541874942805,51.4588343208287],[-1.55862382006866,51.4687856450224],[-1.57044967161135,51.486273236658],[-1.58229092609118,51.4941117868874],[-1.58806425483303,51.5135035534695],[-1.58470826231602,51.5249119124244],[-1.58118678850467,51.5369947486568],[-1.56935952483595,51.5432830202081],[-1.5698680446478,51.5475149852067],[-1.56610379346416,51.545562785206],[-1.55500819597642,51.5533709542825],[-1.54145347466805,51.5520588807185],[-1.53095870076473,51.5460696835319],[-1.52130668870338,51.5508958576169],[-1.51293904720629,51.550759736756],[-1.48956391047549,51.5428107870203],[-1.48585650647856,51.5340788531664],[-1.47074445102845,51.5286068609072],[-1.4629877464384,51.530191069201],[-1.46442266280615,51.5385166345283],[-1.45675635914856,51.5354583845374],[-1.447832278334,51.5364267759581],[-1.42659139697395,51.545598788011],[-1.42276855259078,51.5357648865992],[-1.40490021364139,51.5472115652626],[-1.39585051864581,51.5403450309098],[-1.38377863846874,51.5404261659668],[-1.37696050800728,51.5457788743852],[-1.3779514288567,51.5496867630045],[-1.36732108707647,51.5524668904409],[-1.35878105442544,51.5466056050503],[-1.34240308834633,51.5436862364961],[-1.32870120859477,51.5636911990596],[-1.32629758112275,51.5595821240906],[-1.28755145155745,51.5528504817609],[-1.28552131330246,51.5483310571458],[-1.2701997092874,51.5446203981749],[-1.26065563058478,51.5377899575351],[-1.24016454539409,51.5376582077374],[-1.22994152718963,51.5346136113251],[-1.20464411070595,51.5376039089202],[-1.20465028971754,51.5283945728898],[-1.16079786740999,51.5345897661331],[-1.14038515244845,51.5429066202109],[-1.13444637288388,51.5337223114054],[-1.14353565241035,51.5234544472885],[-1.1420529936908,51.5161954221818],[-1.13393586049829,51.5112837946537],[-1.11318652781922,51.5095922988551],[-1.1021800809154,51.4896736827591],[-1.08788199144739,51.4857545757241],[-1.05047169250765,51.4916217094111],[-1.03763057478175,51.48409703208],[-1.03862485978142,51.476258912932],[-1.01820443147375,51.4665847446762],[-1.00715758666259,51.4679528649943],[-1.00692905084209,51.4734219581765],[-0.998181260576745,51.4775499790892],[-0.998399118647603,51.4843048675848],[-0.978613232718422,51.485626001688],[-0.97764954262763,51.4884069024587],[-0.974320534555689,51.4867511888175],[-0.969590313200345,51.4908640714721],[-0.95748118722195,51.4930777919873],[-0.947011125256965,51.486062114766],[-0.941206760627695,51.4752559754757],[-0.947323164503098,51.4729418471862],[-0.949440930927519,51.464930867767],[-0.955183926925753,51.4653338610603],[-0.955452378140689,51.4612565392974],[-0.947030211753078,51.4594161833908],[-0.930642323776406,51.4676399272763],[-0.921651011910426,51.4679616743644],[-0.910293232229713,51.4771130088159],[-0.9093944768112,51.4830427627342],[-0.897651853712799,51.4870452931057],[-0.893636710121756,51.4967882843386],[-0.870252854789984,51.5036293453934],[-0.880353858016903,51.5119816999172],[-0.878512275980395,51.5234857018942],[-0.900134171807443,51.5366613419185],[-0.896882067944146,51.5448630553813],[-0.887370319770689,51.5594712858],[-0.879723089568931,51.5621275839949],[-0.872747930584241,51.5603110505907],[-0.862525017105699,51.5490201251362],[-0.842743746774494,51.5447585854224]]]},"properties":{"FID":68,"SICBL26CD":"E38000221","SICBL26NM":"NHS Thames Valley ICB - 15A","ICB26CD":"E54000070","ICB26NM":"NHS Thames Valley Integrated Care Board","BNG_E":457803,"BNG_N":172197,"LONG":-1.169631,"LAT":51.44582,"GlobalID":"ef3a9830-910b-4371-8764-e6ac96ff8716"}},{"type":"Feature","id":69,"geometry":{"type":"MultiPolygon","coordinates":[[[[-2.99448610852033,51.3052369061761],[-2.99441701648755,51.3050209473688],[-2.99498008665844,51.3057540429848],[-2.99470313050713,51.3059255320811],[-2.99448610852033,51.3052369061761]]],[[[-2.9864103832155,51.3125078496498],[-2.98657424778739,51.3124160781549],[-2.98653932522961,51.3126482212458],[-2.9864103832155,51.3125078496498]]],[[[-3.10515061960547,51.3401880651349],[-3.11482786782436,51.3396628028672],[-3.10602211780306,51.3414268428582],[-3.10515061960547,51.3401880651349]]],[[[-2.48497073572855,51.6484190464734],[-2.49067549752791,51.6448339130962],[-2.47033518243032,51.6474744592588],[-2.46044175374478,51.6526018440811],[-2.44565540632842,51.649333856573],[-2.44298331317752,51.6524918177976],[-2.43083419945225,51.6465621638957],[-2.40720447970991,51.6411995845438],[-2.39883593644606,51.6458103909664],[-2.39578274608781,51.6387434697414],[-2.38598836239455,51.6399432908034],[-2.3863263328683,51.6375250025568],[-2.40047493066604,51.6351434522377],[-2.38890810050682,51.6275301158833],[-2.39465731213138,51.597369027456],[-2.37057656825255,51.5976137242091],[-2.36558132684474,51.6037346705705],[-2.35278566818552,51.5966956425363],[-2.34401921321598,51.5964986801002],[-2.34411180569527,51.5942293658569],[-2.33525246880448,51.5942536695784],[-2.33417596799231,51.5966331628995],[-2.33106836265596,51.5916039797426],[-2.31984658542304,51.5939153632473],[-2.31657006145571,51.589833925794],[-2.30825320252092,51.5928647515123],[-2.30009791130092,51.5914817188093],[-2.29438988440279,51.5947956916636],[-2.2893000810236,51.5923610025584],[-2.29408574596117,51.588573583767],[-2.2835033063396,51.5849634798635],[-2.28727743458602,51.5831569429356],[-2.28088870411052,51.5813131687405],[-2.28274565936819,51.5785165461104],[-2.27656194609073,51.5798961402081],[-2.27255902183166,51.5775902726154],[-2.27384949030333,51.5723821201987],[-2.26029948743392,51.569900844545],[-2.26862343223479,51.5597086324544],[-2.26836858904703,51.5496921710655],[-2.26172180606917,51.5447409511227],[-2.26650216368904,51.5362615491813],[-2.25238836163448,51.5268735727143],[-2.25580935762765,51.5220779875696],[-2.27985494080835,51.5161685062716],[-2.29638468759781,51.5097456126868],[-2.29745277530013,51.506214380646],[-2.32432425430891,51.4975094986058],[-2.31142302135479,51.4873731692298],[-2.29046616632729,51.4866510506917],[-2.2888509097682,51.4781495715334],[-2.29574287464762,51.4585900880604],[-2.28512589393783,51.4578439754507],[-2.29461575437616,51.4288015722585],[-2.31261576780049,51.4224461287171],[-2.31384427912875,51.4289038106272],[-2.32502260238114,51.4369841071077],[-2.3432897293405,51.4395335268588],[-2.35766994508923,51.4358380187132],[-2.36721919756712,51.437053825156],[-2.37725378989521,51.4328308344607],[-2.40309927440151,51.4315948774659],[-2.4111969396001,51.4260754657633],[-2.44400663514519,51.4225693456199],[-2.44342827311641,51.4183357534144],[-2.4694517856533,51.4159017932448],[-2.48095535481891,51.42157849708],[-2.49272577797026,51.4181522719188],[-2.48843869191535,51.4260569652262],[-2.49169969783603,51.429028990075],[-2.50818113104046,51.4246701934591],[-2.50899815234824,51.4285304689541],[-2.52629088361868,51.434776927348],[-2.52303409479822,51.4256301230795],[-2.53131151018833,51.4233087970906],[-2.53600709695586,51.4111368343572],[-2.54334499360221,51.4074084357767],[-2.56087465513812,51.411721270753],[-2.57075413006966,51.3993691936098],[-2.58439770082908,51.4004253695249],[-2.59025669272491,51.3979518449055],[-2.58807964026148,51.3948507714377],[-2.60336150424276,51.3939537630385],[-2.60311587592841,51.3888242061438],[-2.60777821616981,51.3907913620881],[-2.61450574698075,51.3887288013297],[-2.61498335427981,51.3913158346366],[-2.62270431260103,51.3894093295709],[-2.61246071506429,51.3817653307971],[-2.61890645685924,51.3814760408638],[-2.62695344225043,51.3871339661404],[-2.63179125244819,51.3832503611691],[-2.62732752283915,51.3805227758806],[-2.63475699975146,51.3779030630179],[-2.63002338418031,51.3752130075205],[-2.63862660111468,51.3732450611626],[-2.63960833778109,51.3756699726142],[-2.64440517387978,51.3751334646951],[-2.64988054710096,51.3689476850992],[-2.65117751616028,51.3450435872602],[-2.65516591197714,51.3425925448064],[-2.67652533015993,51.3419622393995],[-2.67696239272725,51.3456885345746],[-2.67415955001701,51.3434738610319],[-2.67099392817054,51.3465810280589],[-2.67654530102701,51.3475892268458],[-2.67797893288775,51.3535461143834],[-2.67311366430168,51.3538385922042],[-2.66875136070168,51.3607837190078],[-2.67970324155847,51.3601245424907],[-2.68955855533016,51.3801504230481],[-2.69419390311755,51.3798565723742],[-2.69669340499942,51.3624371408034],[-2.690877047132,51.3568472216374],[-2.69050480681165,51.3495212292259],[-2.69487333374964,51.3443778702077],[-2.70405487071036,51.3435237304393],[-2.70789228211503,51.3378032016183],[-2.68718189057527,51.3303577278304],[-2.69487946603266,51.3180940609698],[-2.69685488598735,51.3161404017738],[-2.71684104983896,51.3168010596757],[-2.72092583394631,51.321527280092],[-2.72806310253519,51.3172263726186],[-2.75394101519448,51.3197745581764],[-2.75480667170124,51.3245482025511],[-2.76179912087063,51.3221020924008],[-2.81492120317336,51.3270777601637],[-2.81867338247925,51.3263650734242],[-2.81867696574717,51.3203721397155],[-2.80710645167435,51.3119648975982],[-2.81206735001633,51.310710013998],[-2.81023634315207,51.3014242903667],[-2.85316067094342,51.2994756233255],[-2.86794589521978,51.3022057472449],[-2.87714603027095,51.3000626773935],[-2.88491956827742,51.3066645963282],[-2.89710356760183,51.290614585452],[-2.91751336793947,51.2944757490181],[-2.93687953229808,51.3030789084768],[-2.9620390073677,51.3047910134396],[-2.96338859950997,51.2985377070055],[-2.97261945503335,51.2957125167365],[-2.98981999222295,51.2990348177222],[-2.99394673145403,51.3044086353078],[-2.99401929951394,51.3047480178702],[-2.99429725946481,51.3061422654381],[-2.99413274365098,51.3062357996118],[-2.98593582034049,51.307680141437],[-2.98910764290492,51.3083376805071],[-2.98436408284803,51.3118711357295],[-2.98439718647358,51.3122585397998],[-2.98517948193462,51.3214112248981],[-2.98651751072144,51.3151432255327],[-2.99243712369398,51.320499355554],[-2.98604477474392,51.334533409322],[-2.985979428719,51.3349330457674],[-2.98584718250735,51.3357418020412],[-2.98346362837943,51.3503138779346],[-2.98340427433843,51.3506766453768],[-2.99001796391158,51.3510526128418],[-2.99413206269543,51.3571531748279],[-2.96832568337954,51.3633139593888],[-2.96775527886767,51.3640544411644],[-2.96329882936568,51.3698388019539],[-2.96250100498869,51.3823471618145],[-2.97287445845538,51.3881684508607],[-2.98079855960708,51.3884162463913],[-2.95682844100287,51.3920916242262],[-2.94407930259432,51.3967614100177],[-2.93936085462771,51.3977474992409],[-2.93672412486611,51.3964713675518],[-2.93939258130784,51.3910988149368],[-2.93674936782948,51.3928622111913],[-2.93604340409084,51.3933331554405],[-2.93073334302344,51.389760643643],[-2.93578508635205,51.3949726708043],[-2.91734184009278,51.3958873210163],[-2.89797252369921,51.3903350848707],[-2.89839448268573,51.3909532090955],[-2.89930959171906,51.3922936850445],[-2.89583000050384,51.3926647266131],[-2.90309986272285,51.3922894255627],[-2.90377016736864,51.3922548032607],[-2.90565657235568,51.3930153828129],[-2.91302295917806,51.3959849107561],[-2.888928172489,51.413274751427],[-2.88806555193322,51.4150347515613],[-2.88804783620282,51.4150708949186],[-2.88291110151294,51.4255483874152],[-2.87440648376768,51.4286990137458],[-2.87583247177369,51.4304760134515],[-2.87602302827593,51.4305583706154],[-2.87904583152075,51.4318647276259],[-2.87912944633119,51.43190086139],[-2.87855059575147,51.4322005038413],[-2.86462698764647,51.4394060370153],[-2.86360708528987,51.4399336885981],[-2.86331323156642,51.4402138745946],[-2.84589792914581,51.4568117401807],[-2.84585181145149,51.4568556735545],[-2.81778404670129,51.472991388359],[-2.81723695212284,51.473305690443],[-2.79942435637146,51.4853858012519],[-2.7838399425458,51.4875880722137],[-2.78315673963079,51.487684565531],[-2.77409613350154,51.4914677231289],[-2.77355946285335,51.4945638955812],[-2.7732757599236,51.4946783508012],[-2.761507502883,51.4950597006819],[-2.75872930732067,51.4951232370314],[-2.75690894575394,51.4926037461019],[-2.75282414176892,51.4928543519667],[-2.75123754888733,51.4929516556952],[-2.73253378967557,51.4924704703047],[-2.7331873561856,51.4928864844969],[-2.73122128294978,51.492879059912],[-2.7352412230244,51.4941937732364],[-2.73541340221369,51.4943006759822],[-2.72750276433977,51.498149737059],[-2.72770173908588,51.4988151880284],[-2.72691365444977,51.4992701889486],[-2.72743813878815,51.4996740722674],[-2.71678537213998,51.500582103098],[-2.68992548371507,51.4855201203538],[-2.68484840255875,51.4804620716498],[-2.67624485628395,51.4796772286672],[-2.66812456908108,51.4814384952129],[-2.66362354946931,51.4866090242311],[-2.65887026682336,51.4840687024953],[-2.65113378290566,51.4736582486091],[-2.65727132831608,51.4850854069987],[-2.65733529404454,51.4851129184092],[-2.66372965791279,51.4878626877034],[-2.67887013515046,51.480982148493],[-2.70872559766001,51.4977314850611],[-2.71831717905998,51.5061593506697],[-2.71370006564539,51.5059276690575],[-2.71821750267118,51.5082397647947],[-2.71458114227796,51.5079022222953],[-2.70272786837718,51.5168115352297],[-2.69521446790263,51.5224563458588],[-2.69500840658377,51.5226691738057],[-2.69462598384778,51.5231719512667],[-2.6943947823198,51.5232996525625],[-2.69411850419111,51.5235823190836],[-2.69398444958823,51.5237150517385],[-2.69289996203398,51.5245597110846],[-2.69274033364984,51.5246757123859],[-2.69101123540721,51.5264312217633],[-2.68758582071095,51.5293628352874],[-2.68705446267965,51.5294001188104],[-2.68708535452484,51.5295587581981],[-2.68704329283028,51.5297139816929],[-2.6870256805114,51.5300256532362],[-2.68688687564706,51.5302863392052],[-2.68663297152584,51.5306619181869],[-2.68623852557524,51.5313669099345],[-2.68611594882067,51.5315054063401],[-2.68581276794655,51.5319520091054],[-2.68561245193356,51.5320871863443],[-2.68531927562062,51.532256483229],[-2.68490763688351,51.5326933215781],[-2.68471619051805,51.5329274933743],[-2.68449930636539,51.5331261579855],[-2.68415975414411,51.5335354958449],[-2.68398771653097,51.53364372426],[-2.68361912072347,51.5340140697412],[-2.68343392730979,51.534191838747],[-2.68330727096796,51.5343683522329],[-2.68306641261421,51.534653003707],[-2.68298818442217,51.5347965945468],[-2.68275344093615,51.5349264310051],[-2.68263380897072,51.5350331580958],[-2.68259846400433,51.535177728646],[-2.6821525214181,51.5354851220308],[-2.68193710998181,51.53563228699],[-2.68106559528437,51.5354861438734],[-2.68088159698145,51.5353160654017],[-2.68054054658647,51.5350755564128],[-2.6805915705123,51.5352452728209],[-2.68090668514741,51.5355701545097],[-2.68132659009531,51.5360628921365],[-2.68107721724929,51.5365636217344],[-2.68103778648291,51.5367440803848],[-2.68058849398094,51.5371903500118],[-2.68049099113468,51.5373291244281],[-2.68025927830368,51.537552949913],[-2.68014277690818,51.537729722416],[-2.67993558010505,51.5379920822898],[-2.67978256551707,51.5381701507787],[-2.67954592621418,51.5383987319863],[-2.6792140789527,51.5387270551809],[-2.67909617863981,51.5388410011034],[-2.6789505231668,51.5389353316305],[-2.67871046560374,51.5391813188085],[-2.67858727775436,51.5393353830782],[-2.67832861885076,51.5395306690968],[-2.67818992798822,51.5397607093054],[-2.67804943664309,51.5398799541712],[-2.67782861337875,51.5402000448233],[-2.67755183114377,51.5403906700899],[-2.677468994205,51.5405678643087],[-2.67728163215377,51.5407397716443],[-2.67711245985375,51.5408622706489],[-2.67678403217287,51.5412740392294],[-2.67656627541823,51.5414810021101],[-2.67637807634472,51.5417226012993],[-2.67529033936647,51.5429154666],[-2.67513911334869,51.5430718001871],[-2.67474713941844,51.543474806096],[-2.67460161362232,51.5436246590125],[-2.67449063247963,51.5437361855949],[-2.67442598185339,51.5438025339247],[-2.67434681498128,51.5438837776897],[-2.67413486100443,51.5441016194578],[-2.67384498422899,51.5443987934388],[-2.67381569086595,51.5444313533635],[-2.66389522945569,51.5731525402867],[-2.65725002548308,51.574604264888],[-2.63799940140177,51.5918457138269],[-2.63750378983305,51.5922893613372],[-2.62780480333706,51.6056350408578],[-2.59902282310735,51.6177813317868],[-2.59621434664256,51.6165278066568],[-2.59778415648155,51.618599626963],[-2.5852071698116,51.6260118926726],[-2.58075112302739,51.6330979197145],[-2.57932683882105,51.6326888131625],[-2.56670696090924,51.6290628429745],[-2.57934207967557,51.6338878633017],[-2.58018884226677,51.6342111344044],[-2.57937085353216,51.6361366802406],[-2.5740271448253,51.6487116662675],[-2.55827028671273,51.6664201920789],[-2.53474246620219,51.6772457713411],[-2.53239083483529,51.6780589974014],[-2.50900543601617,51.6660011011468],[-2.4896402807333,51.6639612796719],[-2.49301452541415,51.6518222259467],[-2.48497073572855,51.6484190464734]]]]},"properties":{"FID":69,"SICBL26CD":"E38000222","SICBL26NM":"NHS Bristol, North Somerset and South Gloucestershire ICB - 15C","ICB26CD":"E54000039","ICB26NM":"NHS Bristol, North Somerset and South Gloucestershire Integrated Care Board","BNG_E":366745,"BNG_N":176370,"LONG":-2.480316,"LAT":51.48529,"GlobalID":"6151df84-13ab-4456-a094-77b714944074"}},{"type":"Feature","id":70,"geometry":{"type":"Polygon","coordinates":[[[-0.871325791435742,52.0402517758881],[-0.866951706547731,52.0400984833174],[-0.84487755633803,52.0226817847253],[-0.819817149905929,52.0122857274304],[-0.819223927561283,52.007044376092],[-0.812243202811389,52.0060156833098],[-0.807991780023374,52.0003459156632],[-0.803504318232008,51.9855036509133],[-0.820554054625521,51.973352096426],[-0.817494261821735,51.9672377809345],[-0.837572381986579,51.9572489942821],[-0.833068799483932,51.9559280961304],[-0.8334229799439,51.9469501003383],[-0.820567434400044,51.94160073946],[-0.81173023197695,51.9313940150672],[-0.795183956892602,51.9305542776373],[-0.803921128303732,51.942477795752],[-0.796586130666058,51.944920981287],[-0.797680894700272,51.9496343571518],[-0.785099028354268,51.9421444633513],[-0.75878606869591,51.9458758160488],[-0.750832358200571,51.9423054416648],[-0.755063845118196,51.9402804815703],[-0.745986045864568,51.9314175937559],[-0.725666108245954,51.9187789175895],[-0.703564192605605,51.9102207365584],[-0.69445891443867,51.9007281232101],[-0.672969152663293,51.9017526700401],[-0.651980197586108,51.886790481335],[-0.628424440375398,51.8821203198479],[-0.620089028297903,51.8854854749],[-0.608970534287072,51.8755640433684],[-0.583563470801645,51.870323753941],[-0.569248127050236,51.8580704593833],[-0.571433374929057,51.8550261237406],[-0.568718410168112,51.8514013982102],[-0.563679760070048,51.8512390123958],[-0.566809239035386,51.8508135230679],[-0.564466051469902,51.8474278299909],[-0.537628252074957,51.8314108704774],[-0.543650579196284,51.8245177959124],[-0.548992233284731,51.8279860572511],[-0.553628414893348,51.8267124741105],[-0.557150262188832,51.8309687550706],[-0.560656144848949,51.8300826680161],[-0.558348379116466,51.8247878920772],[-0.560775222614783,51.8263798418981],[-0.56714458624977,51.8198051695148],[-0.575157469131494,51.8188189959913],[-0.581825579878036,51.8069054092784],[-0.591640480182284,51.8081315792654],[-0.594832207611289,51.8140229714024],[-0.611869371568614,51.8120447841734],[-0.633043050100358,51.8199788715444],[-0.647784119457413,51.8136078482768],[-0.667200507879945,51.8158070315032],[-0.687053714294276,51.8391152995882],[-0.695444873966585,51.8411037181846],[-0.686767725948736,51.8492402656445],[-0.696373683836903,51.8581357295119],[-0.707090755658577,51.8544165967011],[-0.71045661294834,51.8577975087821],[-0.717446949641787,51.8571117264872],[-0.722568340970022,51.8500452833474],[-0.731187792531136,51.8489704870764],[-0.73633547081868,51.8424067259826],[-0.745741313931267,51.8419567193147],[-0.724234813420512,51.8181447920414],[-0.719217033028331,51.8161376632054],[-0.709282722985696,51.8205337092144],[-0.685394222670617,51.8001858676785],[-0.682190360154599,51.794584064692],[-0.69018617285944,51.7923300087965],[-0.681499830141153,51.7880590884287],[-0.675999165285616,51.7712570579144],[-0.669663439809362,51.7661600730059],[-0.643249373892599,51.7539683105189],[-0.617285931989827,51.7526496553839],[-0.61293597337121,51.7474272208348],[-0.586379820685089,51.7521159640927],[-0.575012462059428,51.7370447130595],[-0.57020717164506,51.7358525327541],[-0.563699941849631,51.7396173164658],[-0.565387067413177,51.7364215691037],[-0.559236898537534,51.7373247084641],[-0.560649617356951,51.7340850731184],[-0.553720127610012,51.7340647674772],[-0.550082997443884,51.7305750198255],[-0.553596196229272,51.7284104792731],[-0.550414226441576,51.7230427521761],[-0.561521698213343,51.7180945654754],[-0.563209731690169,51.711879589945],[-0.547668104078469,51.70318141263],[-0.544017566731267,51.6968168709352],[-0.548696017954095,51.6826712663031],[-0.538889223223373,51.6798342042905],[-0.524272916022594,51.6821126420291],[-0.524934015112044,51.6787214306115],[-0.511146515773266,51.6798961731364],[-0.505107985721629,51.6730768718067],[-0.514718255426491,51.6654530994747],[-0.520994516882158,51.6680452834901],[-0.522777694575088,51.6583976035645],[-0.532625936724092,51.6630071578806],[-0.536891633344579,51.6606244941978],[-0.536665367319548,51.6523691712114],[-0.530929014903641,51.6491341671414],[-0.539260767431974,51.6380397260481],[-0.534130536897773,51.6371504711839],[-0.530059318632982,51.6171511773376],[-0.520594997663349,51.6018436204076],[-0.500596102913018,51.5996902179289],[-0.494825680956304,51.5847770003295],[-0.484026137723047,51.575127280234],[-0.48279377284023,51.5628215406686],[-0.476621418568281,51.5591888890875],[-0.495486994892443,51.5385455384681],[-0.488970648678062,51.529070943749],[-0.492330152136036,51.5170772096155],[-0.483162411698199,51.507128088804],[-0.490030808596132,51.4947351945503],[-0.532277212175123,51.4933561988993],[-0.526825513778834,51.5094034194205],[-0.568787171507128,51.5112514620743],[-0.565018787852015,51.520677568154],[-0.575094685712701,51.5292997988066],[-0.567900661292711,51.5302643244709],[-0.567201035848463,51.5329893742958],[-0.576151816134668,51.533901291853],[-0.580993011898848,51.5230749733782],[-0.58982604533391,51.5226743900752],[-0.596221660851308,51.5279298613936],[-0.619594493649183,51.5354578244293],[-0.619715597855242,51.5379272019681],[-0.630555532569449,51.5389071586513],[-0.644233704394699,51.5364780208903],[-0.659994625902302,51.5275431175472],[-0.66014728938779,51.5203240569847],[-0.655006075578334,51.518808525896],[-0.653017793318452,51.5107718804929],[-0.659320055018714,51.504908493991],[-0.653925066468721,51.5042351103024],[-0.653529686146486,51.5004490740151],[-0.643005546093809,51.5026731635267],[-0.644470877388992,51.4965175570791],[-0.63394475977573,51.4923910735865],[-0.646473004906573,51.4899920007105],[-0.651729245675838,51.4854835509792],[-0.666491879731901,51.4885453275429],[-0.678498561694713,51.4945644099754],[-0.686598539885152,51.5073902079231],[-0.703420771587397,51.5114711391919],[-0.691203522021327,51.5568178142025],[-0.696473990060736,51.5652039203051],[-0.701456376911447,51.5656795712373],[-0.705614278357882,51.5622366615773],[-0.711675061685633,51.564667412289],[-0.712497207313252,51.5726998703633],[-0.718545580802644,51.577637023023],[-0.728239380236583,51.5771271186237],[-0.757216496098661,51.5648446554172],[-0.773709315461302,51.567173379889],[-0.782516937345555,51.5561688661772],[-0.792963673267822,51.5513591197002],[-0.810515126306467,51.5526972988118],[-0.824150536804313,51.5504851263288],[-0.828885914402031,51.545630020903],[-0.837597351904272,51.5469873140409],[-0.842743746774494,51.5447585854224],[-0.862525017105699,51.5490201251362],[-0.872747930584241,51.5603110505907],[-0.879723089568931,51.5621275839949],[-0.887370319770689,51.5594712858],[-0.896882067944146,51.5448630553813],[-0.903277483097668,51.5458967559206],[-0.90170140670008,51.5560856615388],[-0.921394514641321,51.5646471398944],[-0.924135383060511,51.5634143761484],[-0.92781949234855,51.5680958663123],[-0.938602131711557,51.5710415930354],[-0.940089461715163,51.57620817147],[-0.941495801677678,51.5854968615299],[-0.924879609074339,51.5908886677997],[-0.916868487702635,51.5993130595048],[-0.920071964267991,51.603590182735],[-0.929252548374992,51.6043244717301],[-0.933504124908978,51.601626743177],[-0.943075268552277,51.6048866542375],[-0.938565986949982,51.6179431099704],[-0.94979352058345,51.6206781544973],[-0.950029477937729,51.6289071266193],[-0.934585902206788,51.6366984102733],[-0.950725934375551,51.6507415155471],[-0.944983725055493,51.6497905909796],[-0.946317533133807,51.6537840013573],[-0.933169240586105,51.6526017674932],[-0.929430669440647,51.65574896075],[-0.92725108508018,51.6514435907764],[-0.924789994108603,51.65942269906],[-0.94382789247691,51.668331795478],[-0.959165660729471,51.6801171562021],[-0.961955628998204,51.6829138172737],[-0.958269176054656,51.6849083581366],[-0.97166384269726,51.6948405139371],[-0.969274399099518,51.6977772466671],[-0.977993993883677,51.6965019018745],[-0.981214481715844,51.7045639917117],[-0.99210738451468,51.7039513173022],[-1.0041277810087,51.6979592989377],[-1.03137317334694,51.7053291441198],[-1.0232161796544,51.7329034128588],[-1.00599810784745,51.7355662370873],[-0.999524643919112,51.7271471650855],[-0.989659775842999,51.72780315432],[-0.974645364553267,51.7178763311247],[-0.973267851784148,51.7209339859559],[-0.96480551577978,51.7223429302604],[-0.960224779471593,51.7347284455913],[-0.950311087034999,51.7336252022875],[-0.951990628594633,51.7399385881974],[-0.944928239887845,51.7536312760433],[-0.953673900270021,51.7578548115706],[-0.973852597182569,51.7580173958064],[-0.979612610466107,51.7607183813762],[-0.98064014765952,51.7535518410365],[-0.98613081183977,51.7521200766066],[-1.02978272526631,51.7578890727781],[-1.03043513667704,51.7449286007686],[-1.04547117488344,51.7445989038321],[-1.0549727402421,51.7521811319055],[-1.06638433109487,51.7536245997416],[-1.0728920484825,51.7583228349205],[-1.08085190434834,51.7565539958222],[-1.08280090100613,51.7641141486476],[-1.07884848493259,51.7712662528125],[-1.08335569825371,51.7805865310373],[-1.10636077288893,51.7816309354149],[-1.12286318718087,51.7885314058148],[-1.1199917975451,51.7922925327939],[-1.12354110804397,51.7941812489252],[-1.11740582655038,51.7991670655391],[-1.1248898575843,51.8075111534356],[-1.11009646117538,51.8173049941916],[-1.14067629342759,51.8346898408284],[-1.12159872113957,51.8453422531986],[-1.07844933567469,51.8292544286634],[-1.06858835024711,51.8346355352777],[-1.06190655333442,51.8323840749524],[-1.04712275971605,51.839813776271],[-1.06197800936234,51.8441266118097],[-1.06603117369032,51.8528166737725],[-1.06464248652092,51.8686971459983],[-1.06916618795087,51.8746444433788],[-1.07760496664633,51.8767308300513],[-1.06897519065403,51.8872626396708],[-1.09351888418742,51.8939370226365],[-1.08425428821511,51.8995450830014],[-1.0862791370242,51.9053197666218],[-1.07935629029122,51.917221962565],[-1.08667328848864,51.9226459575533],[-1.07553484746801,51.9299382993373],[-1.07754928706884,51.9316433466252],[-1.06211169342416,51.9351368012536],[-1.05461630734341,51.9479585940223],[-1.05926599684063,51.9493008830701],[-1.0789509686881,51.9433663713634],[-1.08127429729767,51.9504478959043],[-1.09516616521544,51.9574319982709],[-1.07818601421035,51.981057375518],[-1.05312118753229,52.0024530046622],[-1.06084711838877,52.0086110352077],[-1.07392844135874,52.0063220163343],[-1.07715503832356,52.008823435889],[-1.08806198974571,52.0057819286955],[-1.09591936854868,52.0149698239905],[-1.10287774165778,52.0120898229628],[-1.11197962530447,52.0165923864426],[-1.11808633809214,52.0154261437537],[-1.13666036202469,52.0222319155138],[-1.12198728352444,52.0451471803569],[-1.08327502215697,52.0523615242499],[-1.07665204686676,52.0588512572631],[-1.07165664645898,52.0581350551924],[-1.06206508671032,52.0627354345511],[-1.05295916652417,52.0596605080747],[-1.03906999617546,52.0660988316464],[-1.02766857838266,52.0637342449373],[-1.02955134095556,52.0701065773838],[-1.04232695553518,52.0737100294887],[-1.0263175911861,52.0756820312876],[-1.0128650385978,52.0715988698325],[-1.00483693139267,52.0734751809654],[-0.984279584848201,52.0697170186791],[-0.973357511076975,52.0727234508694],[-0.967805270174199,52.0709109206856],[-0.960762816403469,52.0786443390763],[-0.951873212759687,52.0815336238269],[-0.940056164622551,52.0758420747095],[-0.944390446805422,52.0700320273671],[-0.939279218658135,52.0673536174145],[-0.939315968301619,52.062160028211],[-0.933744684542828,52.062636232111],[-0.937879993954931,52.061201914893],[-0.930207182471279,52.0431269806898],[-0.906029926373322,52.0212212340026],[-0.890118295552869,52.0315606099443],[-0.883018583685248,52.0282413780785],[-0.877468788069621,52.0299715362982],[-0.871325791435742,52.0402517758881]]]},"properties":{"FID":70,"SICBL26CD":"E38000223","SICBL26NM":"NHS Thames Valley ICB - 14Y","ICB26CD":"E54000070","ICB26NM":"NHS Thames Valley Integrated Care Board","BNG_E":482506,"BNG_N":205421,"LONG":-0.80644,"LAT":51.74143,"GlobalID":"e02f6703-ad1b-4301-a3f6-162c34ce9c54"}},{"type":"Feature","id":71,"geometry":{"type":"Polygon","coordinates":[[[-1.31372505692207,53.9047017935426],[-1.32105410484394,53.9034801809718],[-1.32227164519556,53.9004570153018],[-1.31773129998008,53.8963488603678],[-1.32080424017656,53.8837879592519],[-1.31560713094492,53.8816822817083],[-1.31969403483764,53.8789576909626],[-1.31260266333984,53.8653168900772],[-1.35297013539235,53.8567504693778],[-1.3384291496391,53.8517443483548],[-1.34213761022738,53.8451727159651],[-1.32655709345001,53.8404234966042],[-1.32534239101444,53.835057751859],[-1.33609746805593,53.8335896684015],[-1.30967331756259,53.8228950801397],[-1.31038938715999,53.8199099404408],[-1.30362350196346,53.8165358727541],[-1.31243556938455,53.8143756606958],[-1.31487201276187,53.8095574108471],[-1.31380977619899,53.7815550127658],[-1.30346463131908,53.7749276506056],[-1.30678740902705,53.7730442110992],[-1.29558217039708,53.7713125660435],[-1.29038688680459,53.7631938163446],[-1.29674925420096,53.7589537538662],[-1.2949420381696,53.7554630728285],[-1.31223839067189,53.7558885821411],[-1.31535639441834,53.7436805670829],[-1.30204287873142,53.7417247979214],[-1.30820381342303,53.7391051741791],[-1.31378937866251,53.7409536688535],[-1.32308657363764,53.7348234962482],[-1.33936435883717,53.7364765089169],[-1.37581234417941,53.7295597608404],[-1.39463347379661,53.7237204639396],[-1.39972161192357,53.7193095854811],[-1.41197822874722,53.7231035301743],[-1.42825717605404,53.7213421123921],[-1.44346387715348,53.7281805522656],[-1.48796370149561,53.7277339725205],[-1.48929265117936,53.7230132939117],[-1.4958096185252,53.7223338587638],[-1.51040154427991,53.7297152517483],[-1.54632275727264,53.710536315962],[-1.55926516252006,53.6990006363662],[-1.57113253512621,53.7064317007322],[-1.59215979889201,53.7184789590046],[-1.60554347427165,53.7211816465839],[-1.6231312871452,53.7184671100812],[-1.63216483771322,53.7294732307698],[-1.63783471111261,53.7477610738557],[-1.65836802052144,53.745488957803],[-1.6816816477967,53.7564943652329],[-1.66284227392463,53.7667492348396],[-1.64956732370603,53.7682090888844],[-1.64075372927162,53.7737543691765],[-1.64037167572715,53.7795847702701],[-1.67418439369069,53.7799856941803],[-1.68237789669056,53.786453844674],[-1.71207752868817,53.7830923155126],[-1.70733332384052,53.7877063273684],[-1.71116324760134,53.7916099271639],[-1.70128208859434,53.8022609808539],[-1.70661529916261,53.8040806882372],[-1.70831789518394,53.8099719442423],[-1.70666639783285,53.8286698879703],[-1.70374861524829,53.8422973382387],[-1.69302795807864,53.8529255179649],[-1.69509213174092,53.8575378710244],[-1.70206471156456,53.857854744356],[-1.70217229773026,53.8605872480164],[-1.71518749437942,53.8662360119701],[-1.74441950567349,53.8632783863195],[-1.74468436295367,53.8657334402146],[-1.75348781051825,53.86742439842],[-1.76051986736097,53.8636342073954],[-1.77825156481671,53.8718803475261],[-1.77872441377653,53.8785962731881],[-1.79465163005721,53.8805198130317],[-1.80036216881078,53.88591433792],[-1.79496283529613,53.8946276498512],[-1.78746532733347,53.8969003438273],[-1.77667969208275,53.8938520346977],[-1.77952673225437,53.891191513955],[-1.76730152549598,53.8902160748589],[-1.75643558634725,53.8846630963232],[-1.72545837807521,53.8856829995555],[-1.72675322709273,53.8882079278725],[-1.71711107668084,53.8922298743045],[-1.73207346574978,53.8958960127577],[-1.72721680909151,53.9101967038414],[-1.72231412705597,53.9119581853016],[-1.7179586462823,53.9085422047125],[-1.7164324404692,53.917634756575],[-1.7061125385671,53.9170712000056],[-1.70708388684897,53.9191310817981],[-1.68702025730767,53.9163883928486],[-1.68917091681029,53.9126454869242],[-1.68462704396453,53.9105880744715],[-1.65508306050203,53.9124842012102],[-1.6516731746966,53.9056635269903],[-1.64225984111906,53.9073637816776],[-1.62053782813006,53.9033947407664],[-1.59999329041653,53.909776407219],[-1.59924818749263,53.9039821269844],[-1.5874876867148,53.9012471818786],[-1.58362521761787,53.909293995033],[-1.56773931475054,53.9107993542115],[-1.56288316590652,53.9039300191862],[-1.55184484342704,53.9029400981101],[-1.54879355606803,53.910913816076],[-1.5285964734887,53.9086990098419],[-1.49878134595769,53.9153068010356],[-1.48602669038782,53.9109121912186],[-1.4682958714769,53.9110149365165],[-1.46271458893142,53.9060151104486],[-1.45030270479828,53.9073145462567],[-1.44024256103174,53.9139424749698],[-1.43299739420603,53.910805233133],[-1.43260133736475,53.9272367384187],[-1.42811441864011,53.9294397017169],[-1.4067095798818,53.9278497293564],[-1.410629101433,53.9301555303234],[-1.4091968587065,53.9354656446582],[-1.40065783033241,53.9375004510119],[-1.39719937016128,53.9425284180324],[-1.36195310900016,53.9414836208969],[-1.34040538279499,53.9458885909788],[-1.34471183496868,53.9395013417354],[-1.33953893865568,53.9408099356905],[-1.30696202828676,53.9344239839764],[-1.30899208640633,53.9240979439034],[-1.3004203952232,53.9294166757551],[-1.29418015250589,53.9270641758771],[-1.30731060385031,53.9214944271087],[-1.29720343195603,53.921682123841],[-1.30058764064908,53.9074855498006],[-1.31372505692207,53.9047017935426]]]},"properties":{"FID":71,"SICBL26CD":"E38000225","SICBL26NM":"NHS West Yorkshire ICB - 15F","ICB26CD":"E54000054","ICB26NM":"NHS West Yorkshire Integrated Care Board","BNG_E":432527,"BNG_N":436385,"LONG":-1.507376,"LAT":53.82274,"GlobalID":"7501643d-93c1-4867-8f26-8ff8262c4104"}},{"type":"Feature","id":72,"geometry":{"type":"Polygon","coordinates":[[[-2.64821784985205,53.9489217286985],[-2.62643718071061,53.938563593207],[-2.62964752256637,53.9307345384013],[-2.62257480222344,53.9297155481262],[-2.61603264330232,53.9228244434552],[-2.61662820048051,53.8998044117711],[-2.62992186739705,53.893246846655],[-2.65723514939793,53.8961666481617],[-2.67032820449651,53.8916693759828],[-2.68122187349331,53.8925572249535],[-2.68919275368408,53.8882787696709],[-2.69070679835067,53.8743397233766],[-2.70477164287974,53.870211303095],[-2.70326155898345,53.8649588034792],[-2.71195593081296,53.8563038943552],[-2.69852477387209,53.8522066555644],[-2.69840946051149,53.8440001737614],[-2.70649411947286,53.8396030124502],[-2.70237345255632,53.8361181677864],[-2.70334786361763,53.818383638861],[-2.71830410350265,53.8209977554218],[-2.73620173009203,53.8154904276772],[-2.72992518879429,53.7961066482801],[-2.74325612675173,53.7938775180508],[-2.74342664400281,53.7979784635697],[-2.75102169862584,53.7978851833883],[-2.75289057471511,53.801262264479],[-2.74362971487347,53.8013927174474],[-2.74055854777197,53.8040864839679],[-2.75534160651343,53.8116589660754],[-2.75799500138022,53.809726969928],[-2.75321904214259,53.8064189796786],[-2.76035123103501,53.8072999352447],[-2.76719266804732,53.80331127656],[-2.77263356460008,53.8049036394523],[-2.77637378951759,53.8092746111209],[-2.7690276810954,53.8136362100734],[-2.76442152665041,53.8126015730183],[-2.75918232239408,53.8179754491097],[-2.76190803077433,53.8218474317078],[-2.77661732037984,53.8218635320856],[-2.76920632425577,53.8250905783018],[-2.76682702835213,53.8303538249121],[-2.77068829052245,53.8404206989486],[-2.78177482187526,53.8333663778702],[-2.78703298108158,53.8321416300102],[-2.79338407149243,53.8366904155398],[-2.80013473298311,53.8331379400224],[-2.79786394107893,53.8245883590278],[-2.80319333167014,53.8258523833175],[-2.82599444481659,53.8199874069068],[-2.81525944730228,53.8081831999856],[-2.78053029508275,53.7879506974074],[-2.79861139894255,53.7707872299782],[-2.79073214746026,53.7545003034965],[-2.79301079368739,53.7521956726951],[-2.79321874671959,53.7521482621689],[-2.79396648676013,53.7519777838617],[-2.79461308748071,53.751928147971],[-2.80228043043361,53.7502339146962],[-2.80614808011831,53.7521682495851],[-2.80358872059394,53.7498134660912],[-2.82027354201501,53.7463313869181],[-2.82061461504723,53.7468189035262],[-2.82232637202247,53.749265432522],[-2.8227340700148,53.7454533966192],[-2.85617190443083,53.7385569305364],[-2.85665171840787,53.7384578857806],[-2.86295629466538,53.7374552643536],[-2.86368313482258,53.7374640360698],[-2.87478804351505,53.7375975107084],[-2.87600368632993,53.7376120593715],[-2.87932480358396,53.7352633347336],[-2.91098553576517,53.7328468342336],[-2.9288151164656,53.7314822719168],[-2.92905319078579,53.7314640327069],[-2.92913475068414,53.7314577847752],[-2.92970105608547,53.7326003321598],[-2.93810258961656,53.7320826665864],[-2.93963676448437,53.7331746652829],[-2.94069564989633,53.7321234509731],[-2.94934292442888,53.7326736735233],[-2.9530557385883,53.7329848774255],[-2.98008423372517,53.7344228011129],[-2.98036359398756,53.7344536511867],[-2.98095126150272,53.7345185463147],[-3.00082176254005,53.7367111159568],[-3.00781330655781,53.7384179760835],[-3.02665446181297,53.7430149218383],[-3.0268693279669,53.7430673216067],[-3.03477055310374,53.7480696544108],[-3.0389614888761,53.7475029929151],[-3.05061404235153,53.7592756867662],[-3.05502289109455,53.7619850625643],[-3.05684956475396,53.7765694296919],[-3.03280142759039,53.7808125307587],[-3.02880162218824,53.7731166287693],[-2.99656058656604,53.7744495027099],[-3.00612354277401,53.7879348543918],[-3.00396675903865,53.7911365298807],[-2.99934604202788,53.7942646532273],[-2.98335728629075,53.7938034996524],[-2.99500454818609,53.8184887606647],[-3.01166691567105,53.8255905111379],[-3.01363392487332,53.8292284363026],[-3.00763984563279,53.8340417561859],[-3.01550727272876,53.8407289675702],[-3.01906099920267,53.8371130316445],[-3.02044790505896,53.8407314957434],[-3.01521669505625,53.8427164276514],[-3.01850729099127,53.8470477145394],[-3.01401390277689,53.8503196482001],[-3.02261877768974,53.8617150596676],[-3.01968004551301,53.868587705144],[-3.02691014166033,53.8692556727159],[-3.03133564676806,53.87472254469],[-3.04797239678601,53.8755624958862],[-3.04796636847124,53.8756083586797],[-3.04795018870738,53.8757317254672],[-3.04721482282278,53.8916668747926],[-3.04727302496712,53.8922084030894],[-3.0501455653373,53.9192166588919],[-3.04238367906507,53.9239825446935],[-3.02339554974235,53.9262497027998],[-3.00738051249276,53.9279285168324],[-3.00608974736265,53.9280637141292],[-3.00530162220945,53.9265737916622],[-3.00394703254059,53.9240127092226],[-3.00760012687243,53.9210476797349],[-3.00819709582985,53.9205631005973],[-3.01057304978404,53.9201550660015],[-3.01251485843958,53.9198215497874],[-3.00571695550388,53.9186517678251],[-3.00593516864927,53.9031555472758],[-3.00843728036201,53.9017542252274],[-3.00595184117217,53.9007466196134],[-3.00355832415114,53.8942143846097],[-3.00350349196885,53.8940647165081],[-3.00312505660112,53.8930317106926],[-2.98469401125816,53.8814410085412],[-2.982891266643,53.8803068144346],[-2.97588884544649,53.8798966637268],[-2.96881084234099,53.8739805821216],[-2.97899105850278,53.8708051101163],[-2.9767290287593,53.862428650474],[-2.97731552152914,53.8619265740719],[-2.97625266778386,53.8618726822482],[-2.97499643954594,53.8618089731992],[-2.95998509553547,53.8610466174298],[-2.95753612515708,53.8599538234837],[-2.95671999974883,53.8595896227156],[-2.95343125029504,53.858119715863],[-2.95265198509772,53.8577740609325],[-2.95318743006795,53.8582134035657],[-2.95853509446622,53.8626005810253],[-2.97228976820704,53.8646218654458],[-2.96679251512019,53.8725838267065],[-2.96666773383733,53.8727645166929],[-2.96648071588742,53.8730353245884],[-2.96614461029008,53.8735220062432],[-2.962988828865,53.8780909680292],[-2.98518203972394,53.8898117536391],[-2.98388457197192,53.8955953660357],[-2.98624593775746,53.8926054634651],[-2.98972283420714,53.8943429458749],[-2.98666928915832,53.8955275638486],[-2.99122127663588,53.8955466416647],[-2.99443245113227,53.9050636770629],[-2.99453443437435,53.9053658523076],[-2.9946162931836,53.9056083960208],[-2.99292457453187,53.9055181571327],[-2.99269473725513,53.9056260286909],[-2.9924384192545,53.9057463272933],[-2.99052523927207,53.9066442079072],[-2.99046455347119,53.9066726877366],[-2.9897621165254,53.9070023322038],[-2.98943501994428,53.9071558313058],[-2.99075076871936,53.9068620207675],[-2.9908347272192,53.9068432720208],[-2.99210560765463,53.9065594624767],[-2.99219989497456,53.906608078901],[-2.99672762301435,53.9089424506396],[-2.99657472244147,53.9311477620765],[-2.92475786396039,53.9500038187187],[-2.91932527674196,53.9497031181706],[-2.91623579980757,53.9472763848025],[-2.9156481390641,53.9471718346648],[-2.91056986618748,53.9462682219577],[-2.91287176150741,53.945572034363],[-2.91561879096132,53.9458281289872],[-2.92082870697185,53.9463136431413],[-2.91560357243765,53.9451312634085],[-2.91306165392547,53.944555951816],[-2.91557272962762,53.9437189104797],[-2.91892237920942,53.9426022051082],[-2.9155640001907,53.9433191308821],[-2.91220624061909,53.944035805342],[-2.90476456086632,53.9384998727713],[-2.90532409048547,53.9405637384907],[-2.90007576051423,53.9384272518134],[-2.89917485578991,53.9410908098073],[-2.89898482011986,53.9384893902632],[-2.89674961267995,53.9411637746281],[-2.89126896343871,53.9394762817232],[-2.89206734940744,53.9421989952606],[-2.88664897156732,53.9416776462876],[-2.89478900958182,53.9455078529284],[-2.88953330572328,53.9481147370594],[-2.88924237272237,53.9480301673172],[-2.88890875835337,53.9479331906823],[-2.88764605415007,53.9463160907321],[-2.8835241688504,53.9458752066079],[-2.88410914976123,53.9438694169411],[-2.88281143828667,53.9457989670438],[-2.87964957603519,53.9454607257378],[-2.87661177753866,53.9398689309934],[-2.8852446820587,53.9368387400609],[-2.87327216552433,53.9311815453696],[-2.86436743487726,53.9180796843033],[-2.82591961626358,53.9333671111209],[-2.80368792951236,53.9357542659753],[-2.80268431950667,53.9424959214024],[-2.81364474464198,53.9458492833385],[-2.80293041827864,53.9512118249392],[-2.80737937311073,53.9620302057235],[-2.79640221899901,53.9754712008343],[-2.78672004046307,53.9673744868589],[-2.75786813143276,53.9631084739361],[-2.75738130919517,53.9592192995068],[-2.75077872019684,53.9566166623789],[-2.75537486106271,53.9523311289394],[-2.74147601194491,53.9568567601918],[-2.73310292950401,53.9671475942664],[-2.73523709083674,53.9745264797408],[-2.71565564111057,53.980244129941],[-2.70933301966822,53.9604326175368],[-2.7005512553322,53.9491725321559],[-2.70204904170109,53.9435564990191],[-2.68791650338274,53.9497024265893],[-2.67347401213117,53.9502026858334],[-2.66415427377389,53.9472666560777],[-2.64821784985205,53.9489217286985]]]},"properties":{"FID":72,"SICBL26CD":"E38000226","SICBL26NM":"NHS Lancashire and South Cumbria ICB - 02M","ICB26CD":"E54000048","ICB26NM":"NHS Lancashire and South Cumbria Integrated Care Board","BNG_E":345943,"BNG_N":440272,"LONG":-2.823301,"LAT":53.85586,"GlobalID":"84583a55-7bab-4277-aa2f-da6c4782317b"}},{"type":"Feature","id":73,"geometry":{"type":"MultiPolygon","coordinates":[[[[-2.8368126731419,53.7236587836416],[-2.83667129215481,53.7235180535951],[-2.83785949739126,53.7241855988887],[-2.8368126731419,53.7236587836416]]],[[[-2.86157012070836,53.7332185904999],[-2.86003965892788,53.7328705465786],[-2.86608978859438,53.7337072392421],[-2.86583466648021,53.7337459737737],[-2.86466825064204,53.7339230617199],[-2.86157012070836,53.7332185904999]]],[[[-2.47709132515978,54.039019375923],[-2.4539596897792,54.0251843475663],[-2.44040029452687,54.0256106227024],[-2.42972887742124,54.0129012685587],[-2.41511633904063,54.007909519323],[-2.41437567008352,54.0035300664082],[-2.41757978954511,53.9978000544249],[-2.43166478969559,53.9953208847988],[-2.42916260407807,54.0020499449404],[-2.45239480087857,54.0088278072582],[-2.45773276100179,53.999481808204],[-2.47361746836061,53.9967937813959],[-2.49074174322259,53.9867688090832],[-2.49840993161216,53.9888503964971],[-2.49481099196789,53.9798815663656],[-2.50995202789093,53.9690320381719],[-2.49962507827536,53.9577582740979],[-2.50056565536769,53.9472322900434],[-2.51104644971263,53.9475703059551],[-2.51678539976014,53.9448535999488],[-2.51863547399359,53.9384067110651],[-2.52896034382371,53.9344505073853],[-2.51970992847683,53.9181020920518],[-2.52858424659573,53.9128933187838],[-2.53044886801768,53.9042155099702],[-2.52690217061749,53.901623855264],[-2.5340062095211,53.8892854721065],[-2.54262231714064,53.8874983291749],[-2.53411345924847,53.8831599728696],[-2.52803207828896,53.8728719234271],[-2.5285095697983,53.8629965663954],[-2.53479651149941,53.8586010732208],[-2.53519521192479,53.8320952508213],[-2.52508386030752,53.8168181109062],[-2.52758200821994,53.8141088225845],[-2.51515281834459,53.8145400497171],[-2.51945783900183,53.8097281214787],[-2.53058776274046,53.8111070986086],[-2.53086522756618,53.804045323792],[-2.55467768968408,53.8086714260154],[-2.56440065505087,53.7985674880254],[-2.5783896712514,53.8009437505783],[-2.57541988382383,53.7895598063364],[-2.58233809741776,53.7896946795],[-2.59260036474553,53.7964755593898],[-2.60178160667655,53.7896824669528],[-2.59896653120474,53.7810815856471],[-2.59294692204762,53.7790172375579],[-2.58529606955713,53.7827185621625],[-2.58086251753877,53.7755446893954],[-2.54750572401056,53.7758709184145],[-2.54554331014273,53.7692045873857],[-2.56427244808233,53.7620116856846],[-2.56363452958587,53.757273133458],[-2.55129809883264,53.7563884289287],[-2.55398697836071,53.7497075168564],[-2.56160140669043,53.746901227632],[-2.57680662764486,53.7512738063499],[-2.58745376114216,53.7431031513442],[-2.61185515214403,53.73857046562],[-2.62414991929403,53.7266054354879],[-2.63362283278673,53.7257335994565],[-2.64803055190129,53.7338732725186],[-2.65068322652509,53.743017185676],[-2.65842009891419,53.7429935372302],[-2.66376635319911,53.7344345479705],[-2.66749242818481,53.7372708067285],[-2.68678156149211,53.7378016229716],[-2.69020990774671,53.735373864716],[-2.70049656396227,53.7386076226374],[-2.69305615652664,53.7267049878534],[-2.72840920815655,53.7265847070934],[-2.73219051828191,53.7109274001422],[-2.751975363576,53.7099387520223],[-2.7576230816034,53.6928799807869],[-2.78746044511638,53.6913067617544],[-2.79587327959433,53.6874829684635],[-2.82012714968286,53.6871377263755],[-2.82575103252103,53.6874442526213],[-2.83313286488518,53.6955140785002],[-2.83229204558067,53.7004705690257],[-2.82398207675058,53.7028535934101],[-2.83084755040027,53.7177201405094],[-2.82705731897592,53.7139457039475],[-2.8267182357279,53.7136079952037],[-2.82630966820449,53.7132010736024],[-2.82662881987084,53.7158782960393],[-2.82676812432255,53.7160328565525],[-2.82994693413473,53.719559429068],[-2.82672731982692,53.7201327091704],[-2.83543341655469,53.7243416477223],[-2.83580403927562,53.7247632710812],[-2.84298864716169,53.7289688620216],[-2.84468623314457,53.7301047003837],[-2.8548327060395,53.7353303345746],[-2.82233146581995,53.7437025993672],[-2.82006931243426,53.7443301910943],[-2.77613646007489,53.7534785982316],[-2.77413070819047,53.748548926832],[-2.77441060497474,53.7533998304242],[-2.76002639424288,53.7559266858957],[-2.75719952461912,53.7564230236602],[-2.76398630694099,53.7564098300283],[-2.76428895434158,53.7564092327796],[-2.78849674381186,53.7532247001907],[-2.79301079368739,53.7521956726951],[-2.79073214746026,53.7545003034965],[-2.79861139894255,53.7707872299782],[-2.78053029508275,53.7879506974074],[-2.81525944730228,53.8081831999856],[-2.82599444481659,53.8199874069068],[-2.80319333167014,53.8258523833175],[-2.79786394107893,53.8245883590278],[-2.80013473298311,53.8331379400224],[-2.79338407149243,53.8366904155398],[-2.78703298108158,53.8321416300102],[-2.78177482187526,53.8333663778702],[-2.77068829052245,53.8404206989486],[-2.76682702835213,53.8303538249121],[-2.76920632425577,53.8250905783018],[-2.77661732037984,53.8218635320856],[-2.76190803077433,53.8218474317078],[-2.75918232239408,53.8179754491097],[-2.76442152665041,53.8126015730183],[-2.7690276810954,53.8136362100734],[-2.77637378951759,53.8092746111209],[-2.77263356460008,53.8049036394523],[-2.76719266804732,53.80331127656],[-2.76035123103501,53.8072999352447],[-2.75321904214259,53.8064189796786],[-2.75799500138022,53.809726969928],[-2.75534160651343,53.8116589660754],[-2.74055854777197,53.8040864839679],[-2.74362971487347,53.8013927174474],[-2.75289057471511,53.801262264479],[-2.75102169862584,53.7978851833883],[-2.74342664400281,53.7979784635697],[-2.74325612675173,53.7938775180508],[-2.72992518879429,53.7961066482801],[-2.73620173009203,53.8154904276772],[-2.71830410350265,53.8209977554218],[-2.70334786361763,53.818383638861],[-2.70237345255632,53.8361181677864],[-2.70649411947286,53.8396030124502],[-2.69840946051149,53.8440001737614],[-2.69852477387209,53.8522066555644],[-2.71195593081296,53.8563038943552],[-2.70326155898345,53.8649588034792],[-2.70477164287974,53.870211303095],[-2.69070679835067,53.8743397233766],[-2.68919275368408,53.8882787696709],[-2.68122187349331,53.8925572249535],[-2.67032820449651,53.8916693759828],[-2.65723514939793,53.8961666481617],[-2.62992186739705,53.893246846655],[-2.61662820048051,53.8998044117711],[-2.61603264330232,53.9228244434552],[-2.62257480222344,53.9297155481262],[-2.62964752256637,53.9307345384013],[-2.62643718071061,53.938563593207],[-2.64821784985205,53.9489217286985],[-2.65083260796667,53.9522552638287],[-2.64304259124623,53.9575884553065],[-2.63074192035794,53.957806688982],[-2.61690181103593,53.9522125836036],[-2.61145863250318,53.9568615490651],[-2.58884724843216,53.9602161659107],[-2.57742356953063,53.972011119143],[-2.55752650953712,53.9749122580377],[-2.5738252196892,53.9851737850018],[-2.57131501684726,53.9894063346362],[-2.58065267337573,54.0001180942416],[-2.57580705012109,54.0119436938035],[-2.56811132149953,54.0150494038656],[-2.54710590048915,54.0140769419242],[-2.54414521530995,54.0196909222527],[-2.52731057359618,54.0262452740489],[-2.51867876600661,54.0212456755708],[-2.50141800574071,54.0207531345033],[-2.49107419538066,54.040738912478],[-2.47709132515978,54.039019375923]]]]},"properties":{"FID":73,"SICBL26CD":"E38000227","SICBL26NM":"NHS Lancashire and South Cumbria ICB - 01E","ICB26CD":"E54000048","ICB26NM":"NHS Lancashire and South Cumbria Integrated Care Board","BNG_E":358302,"BNG_N":435006,"LONG":-2.63471,"LAT":53.80968,"GlobalID":"4770b897-cb2b-4954-8858-3834a8ffc8b6"}},{"type":"Feature","id":74,"geometry":{"type":"MultiPolygon","coordinates":[[[[-2.88348066736293,53.9460243624429],[-2.8835241688504,53.9458752066079],[-2.88764605415007,53.9463160907321],[-2.88890875835337,53.9479331906823],[-2.883391738285,53.9463292655168],[-2.88348066736293,53.9460243624429]]],[[[-2.89332821603423,53.9895769401559],[-2.89829076201192,53.987786429059],[-2.9000602488267,53.990558535797],[-2.89332821603423,53.9895769401559]]],[[[-3.17414037665675,54.0665054596638],[-3.1733563944656,54.0619013305],[-3.17690551926068,54.0635141019658],[-3.17414037665675,54.0665054596638]]],[[[-3.24596088345262,54.1072066496835],[-3.24293050944541,54.0989993424094],[-3.25270142316294,54.0992665022848],[-3.2476453151847,54.0981362067093],[-3.25151690171921,54.0963469457552],[-3.24728376335017,54.09485938496],[-3.24769794132354,54.0972925739113],[-3.24321692236536,54.0975322047937],[-3.24698591887507,54.0939519462938],[-3.23889927555919,54.0863417635355],[-3.22999636649892,54.0884815196762],[-3.23321522872291,54.0840758786065],[-3.22432155087919,54.0814849453376],[-3.22092612694298,54.0804955147602],[-3.2242480031498,54.078987319051],[-3.22646035396442,54.0779827604095],[-3.22395540426051,54.0690734500845],[-3.22337695769539,54.0670155217951],[-3.21016264821205,54.0650928701305],[-3.2057385405614,54.0522691194634],[-3.19606428269382,54.0487472356205],[-3.17853351091224,54.0552939087372],[-3.17413830782018,54.0483056134426],[-3.17286653368479,54.0552585851715],[-3.17311782971818,54.0470912380378],[-3.19561465348076,54.0442603776943],[-3.20969137922897,54.0475232367759],[-3.22374041727216,54.0617718168634],[-3.26404413059651,54.1025831647654],[-3.26448103375255,54.1039409168552],[-3.27668181146214,54.1418213497213],[-3.27130710682538,54.1481609724581],[-3.25723244985251,54.1526671134695],[-3.25200650574525,54.1507459669262],[-3.26451078299676,54.1477651897769],[-3.26476412843411,54.1385568008686],[-3.26068063260003,54.1385205351369],[-3.2609439034727,54.1378207882846],[-3.25613212516307,54.1352118934007],[-3.25952829745112,54.1351566102382],[-3.25505594393094,54.132020625593],[-3.25876205040121,54.1318462420456],[-3.25462324727425,54.1317815658202],[-3.25078956284993,54.1257472214652],[-3.24596088345262,54.1072066496835]]],[[[-3.01483523819347,54.4998433018578],[-3.01308457946087,54.4946371759917],[-3.00192084054993,54.497322271172],[-2.9804768929168,54.4959543661573],[-2.96636045859741,54.4822321594471],[-2.95534732898323,54.4845323315076],[-2.93755280635445,54.4686707445032],[-2.93145529627129,54.4698727528435],[-2.91981877991537,54.4647791448818],[-2.9062783510028,54.4813479072575],[-2.88366566912674,54.484956771797],[-2.87561834582307,54.4811006450453],[-2.86546087565305,54.49002385548],[-2.85448135461203,54.4833522229395],[-2.85301167121097,54.4785384316878],[-2.83861961747958,54.4761612657854],[-2.82761335342664,54.4799308893116],[-2.8160004414069,54.4746302448635],[-2.80687704612988,54.4820601280695],[-2.79542067135335,54.4752679986219],[-2.79624136982453,54.4699287046521],[-2.78917657295764,54.4649818572664],[-2.77699178982784,54.4598724429692],[-2.77162346687687,54.4632286849752],[-2.74761514872576,54.4470796449742],[-2.73707499872465,54.4468309085607],[-2.70352280331175,54.4320780676629],[-2.69468635445499,54.4362363449756],[-2.69846187659489,54.4382313426812],[-2.69668133984562,54.4462203174694],[-2.68921572976616,54.4457552847216],[-2.69095587004555,54.4291428979839],[-2.68680361181093,54.4266652107983],[-2.66630702862827,54.4215638954882],[-2.66043001419696,54.4142357518],[-2.64465817447863,54.4102526540631],[-2.64027657903008,54.4043461676408],[-2.61486290108884,54.4093881421508],[-2.60397545321846,54.406928444337],[-2.60173892583046,54.398956636961],[-2.58347048863596,54.3876504916233],[-2.57527292958005,54.3919837736364],[-2.55233703829864,54.3869699450651],[-2.5382240607997,54.3942254160156],[-2.53108875983982,54.3845669273914],[-2.53399063880051,54.3810842212351],[-2.52346174416548,54.3753572509685],[-2.52115788303279,54.3699308419074],[-2.51368954328577,54.3679341855534],[-2.50736156602803,54.3729165135744],[-2.48365297191369,54.377352360794],[-2.46274214056241,54.3683866422346],[-2.45307959534506,54.3744944426586],[-2.44377235253027,54.376028221162],[-2.42087580738805,54.3658451905332],[-2.40628703672407,54.3702530489148],[-2.38231789206275,54.3713147179331],[-2.36771195389404,54.3560698639035],[-2.33576758330697,54.3404345081918],[-2.33474908216317,54.3349442814497],[-2.32020217490267,54.3317507275768],[-2.30984163577242,54.3243149220921],[-2.31497741966766,54.3135861874278],[-2.32303232473189,54.3110827288112],[-2.3204012466492,54.3067706138074],[-2.32452243316689,54.3031835691521],[-2.320390118545,54.2990445357492],[-2.32417185473555,54.2936048468915],[-2.31719192956779,54.28716559534],[-2.3258909011985,54.2796959380434],[-2.3154951666836,54.2702041946435],[-2.32081369836983,54.2599204729166],[-2.30510677363297,54.2493434681435],[-2.29256803147543,54.2525213327299],[-2.28640616125701,54.2404966195706],[-2.29527019091764,54.2306021737171],[-2.32234419001187,54.2276598149332],[-2.3265634459272,54.2194098322532],[-2.34657672200947,54.2078103462632],[-2.33589772234968,54.2042853172814],[-2.33113317751971,54.1967238787835],[-2.34234912641658,54.2026193350096],[-2.35682280622675,54.194101539994],[-2.3711994101791,54.1842221746867],[-2.37552234683012,54.1725844249231],[-2.39648612985918,54.166018457561],[-2.3951372568623,54.1568790292493],[-2.41404435215606,54.1485146910156],[-2.42832129298962,54.1371988994905],[-2.42765141527486,54.1314276731688],[-2.43333899700219,54.1315179687029],[-2.43573529228668,54.128003344439],[-2.44420088434704,54.129187333316],[-2.44933144547646,54.124099345629],[-2.4570170817669,54.1079989935434],[-2.45063859102194,54.1032774062579],[-2.4549004328669,54.1009119469368],[-2.44671018008446,54.0966606455419],[-2.4550261622466,54.0919814924085],[-2.46688636443776,54.0757387406537],[-2.46399041359776,54.0610841658399],[-2.469549664594,54.0462125116437],[-2.49107419538066,54.040738912478],[-2.50141800574071,54.0207531345033],[-2.51867876600661,54.0212456755708],[-2.52731057359618,54.0262452740489],[-2.54414521530995,54.0196909222527],[-2.54710590048915,54.0140769419242],[-2.56811132149953,54.0150494038656],[-2.57580705012109,54.0119436938035],[-2.58065267337573,54.0001180942416],[-2.57131501684726,53.9894063346362],[-2.5738252196892,53.9851737850018],[-2.55752650953712,53.9749122580377],[-2.57742356953063,53.972011119143],[-2.58884724843216,53.9602161659107],[-2.61145863250318,53.9568615490651],[-2.61690181103593,53.9522125836036],[-2.63074192035794,53.957806688982],[-2.64304259124623,53.9575884553065],[-2.65083260796667,53.9522552638287],[-2.64821784985205,53.9489217286985],[-2.66415427377389,53.9472666560777],[-2.67347401213117,53.9502026858334],[-2.68791650338274,53.9497024265893],[-2.70204904170109,53.9435564990191],[-2.7005512553322,53.9491725321559],[-2.70933301966822,53.9604326175368],[-2.71565564111057,53.980244129941],[-2.73523709083674,53.9745264797408],[-2.73310292950401,53.9671475942664],[-2.74147601194491,53.9568567601918],[-2.75537486106271,53.9523311289394],[-2.75077872019684,53.9566166623789],[-2.75738130919517,53.9592192995068],[-2.75786813143276,53.9631084739361],[-2.78672004046307,53.9673744868589],[-2.79640221899901,53.9754712008343],[-2.80737937311073,53.9620302057235],[-2.80293041827864,53.9512118249392],[-2.81364474464198,53.9458492833385],[-2.80268431950667,53.9424959214024],[-2.80368792951236,53.9357542659753],[-2.82591961626358,53.9333671111209],[-2.86436743487726,53.9180796843033],[-2.87327216552433,53.9311815453696],[-2.8852446820587,53.9368387400609],[-2.87661177753866,53.9398689309934],[-2.87964957603519,53.9454607257378],[-2.88281143828667,53.9457989670438],[-2.88273104244286,53.9459185004498],[-2.88246954744044,53.9463072878249],[-2.8744426721644,53.9458095761863],[-2.87839804304864,53.9474507552768],[-2.87621276142042,53.9512847487196],[-2.87447176255366,53.9517531021111],[-2.87248617071447,53.9537934502568],[-2.88030758248276,53.9540491237626],[-2.88677863849597,53.9583911422734],[-2.87119275736481,53.9565162033928],[-2.86980577658474,53.9597322784302],[-2.8693691259882,53.9598423655419],[-2.86557817254582,53.9626110575744],[-2.86479375078709,53.9632251889135],[-2.86193231841356,53.9646091823126],[-2.85736807986886,53.9625773617256],[-2.85424774949215,53.9650945880106],[-2.85416747292615,53.9653459370286],[-2.84856595152943,53.9651154742052],[-2.84122748789692,53.9659433197092],[-2.84639617393219,53.9657011680949],[-2.84399255521829,53.9682032094839],[-2.8496740551262,53.9657319487725],[-2.85227270873591,53.9672686932462],[-2.8562636200194,53.966397862503],[-2.86698194136404,53.9684851972059],[-2.8792546255851,53.9791130168565],[-2.86968729761613,53.9836136143936],[-2.86814108773089,53.9931491171006],[-2.86297795260411,53.9953640630373],[-2.8611163725289,53.9926020059476],[-2.85704238871533,53.9935712622141],[-2.86233564518192,53.9953569986178],[-2.85608726991274,53.9995800754066],[-2.84024721177983,53.9969911405725],[-2.83405541632384,53.9986700054507],[-2.83232230503188,53.9948380132099],[-2.83039486575328,53.99724743267],[-2.82324000272676,53.9947504509764],[-2.83274199666624,53.9985182124721],[-2.82947148215909,54.0155470684916],[-2.82946958322505,54.0155965065371],[-2.82879587984821,54.033134784184],[-2.82867081919855,54.036392216644],[-2.8287478538128,54.0365456765627],[-2.83027564688904,54.0361955195143],[-2.83069345523384,54.0360998659878],[-2.83143256050391,54.0359302851378],[-2.831625528937,54.0358307556087],[-2.831246413161,54.0331178220274],[-2.83116070892338,54.032504403413],[-2.8315610980559,54.033115640408],[-2.83311719448733,54.0354909478613],[-2.83359865367194,54.0354340319637],[-2.83493572308925,54.0351270200525],[-2.83632732851683,54.0372070602242],[-2.83039227634381,54.0372939482694],[-2.83284329759136,54.0395122752432],[-2.83779491017494,54.0369874101684],[-2.83320166467442,54.0397920232618],[-2.83839556401831,54.0374676307651],[-2.83555002104243,54.0405387923053],[-2.83992889812756,54.0386873879294],[-2.8369552492757,54.0408552892139],[-2.84133867086051,54.0400617159044],[-2.83770272613224,54.0420275103551],[-2.84213660930257,54.0410798439875],[-2.84170749753467,54.0442373433606],[-2.84165701470598,54.0446087726128],[-2.84151072048131,54.0456851133999],[-2.83978574911757,54.046156924204],[-2.83956101384558,54.0462183911017],[-2.83653995282122,54.0470446118054],[-2.80871035396199,54.0546437317051],[-2.80381201252135,54.0527392687782],[-2.80279261142593,54.0525542258666],[-2.79962884486468,54.0519798738263],[-2.79901802153204,54.0523322685701],[-2.79591382727775,54.0541229872193],[-2.79512410412914,54.0567761292028],[-2.79504117000718,54.057054733747],[-2.79329700171989,54.0629132048356],[-2.79917822033039,54.0542550273201],[-2.79972077701791,54.0534560935738],[-2.79975367458341,54.053407652328],[-2.79999617525011,54.0530505477296],[-2.80017355861072,54.0531021071733],[-2.80076312898292,54.0532734718584],[-2.80163759103237,54.0535276354313],[-2.80866237867683,54.055581925989],[-2.83639170808769,54.0495025379358],[-2.83858901113081,54.0490308975148],[-2.83906763633909,54.0488109335472],[-2.85033295170146,54.041101368841],[-2.84555623081361,54.0429765870645],[-2.84421402236638,54.0395301820264],[-2.8480265547518,54.0414501283781],[-2.84879348199864,54.0390045904226],[-2.8405810206458,54.035980255423],[-2.84175327639489,54.0330446029336],[-2.84046598209496,54.0355756812783],[-2.83737300173027,54.0330752098885],[-2.83661034961266,54.0324585960203],[-2.84121357614026,54.0285374944201],[-2.83696314491045,54.0317820469107],[-2.83345946490196,54.0285213422197],[-2.83384316343098,54.0232941016937],[-2.84208183600727,54.0261100769921],[-2.8396090273525,54.0231695204612],[-2.8424744788115,54.0253694533846],[-2.8437497123138,54.0214112960492],[-2.83955452316125,54.0203109919132],[-2.84105286799586,54.0214220681911],[-2.83827184393106,54.0229406665688],[-2.83402531469271,54.0224057605046],[-2.83529829458474,54.0171544019406],[-2.83775235283041,54.0189745111719],[-2.83688807421533,54.0166544026486],[-2.83545339385882,54.0159831307681],[-2.83915431435531,54.0139378176327],[-2.83528853389484,54.0153722019604],[-2.83522372484665,54.010845607339],[-2.84153704239315,54.0097346787749],[-2.8381279608403,54.00843283647],[-2.84224185704825,54.0059486369935],[-2.85328814618409,54.0055579472873],[-2.84499809582905,54.0148621592792],[-2.86078154361331,54.0038741336739],[-2.86684350739029,54.0102504166495],[-2.87000016022753,54.0084203367823],[-2.86535223367674,54.0073869804774],[-2.86875385837698,54.0060232661171],[-2.86480627045939,54.0049732026246],[-2.87031978363958,54.003923152669],[-2.87263755927612,54.0076471139492],[-2.8754632204403,54.0048802452981],[-2.87191962037048,54.0027988988054],[-2.87634833714895,54.0014058949901],[-2.88104026035683,53.9894528386938],[-2.8839767800734,53.9947349692552],[-2.88899319154224,53.9959230169813],[-2.88421986220799,53.9943269605272],[-2.88610976793853,53.9910234988944],[-2.90022783303898,53.9920330964746],[-2.90374690080723,53.9984359165227],[-2.89693905517786,54.0007338093942],[-2.90067362844752,53.9998808130677],[-2.90694858608202,54.0070286521266],[-2.90341859421465,54.0205632911952],[-2.91741939860972,54.0277393656365],[-2.92442353253621,54.0313276877543],[-2.91875780124467,54.0324822403649],[-2.91752925006629,54.0327325409551],[-2.91258916601561,54.0337403129959],[-2.91241947640711,54.033762373673],[-2.9134587243537,54.0355470245379],[-2.91757673125385,54.0348817389707],[-2.92137080356394,54.0342685967559],[-2.91760227628922,54.0360380583448],[-2.91255132307545,54.038409189957],[-2.91166715167176,54.0385785727234],[-2.90602474249383,54.0396593231833],[-2.90574329992771,54.0455884381978],[-2.90571874088975,54.0461057458944],[-2.90551429042115,54.0484056292659],[-2.89713146464943,54.0492916623366],[-2.89294206540648,54.0578153349254],[-2.89276020903616,54.058185253964],[-2.88947834494135,54.0664521543838],[-2.88802983275172,54.0663242492079],[-2.8827531139095,54.0658581484143],[-2.8767795657774,54.0711820865917],[-2.87726961071797,54.0718796129475],[-2.87736579214116,54.0720165126163],[-2.8791477436449,54.0745526896188],[-2.87814878648177,54.0748253987108],[-2.87657999660767,54.075041142631],[-2.86761105301408,54.0732617216292],[-2.85776054047242,54.0791850454242],[-2.85747459346053,54.0793569548501],[-2.85517129344366,54.0789511007244],[-2.84718123157456,54.0775427537758],[-2.82711230612517,54.0864918912012],[-2.82619662102057,54.0869000407816],[-2.81981942307118,54.0887692678897],[-2.82458927743319,54.0922699548079],[-2.82349447522572,54.0931967472623],[-2.821260704267,54.094187754571],[-2.82356833485196,54.094279147816],[-2.82758159925819,54.0944379846667],[-2.82694730401757,54.0999769385455],[-2.81883848885647,54.1035847726337],[-2.80857983289409,54.1081475533264],[-2.79856296979872,54.1224055824424],[-2.79382182807416,54.126779454895],[-2.79290832507289,54.1276215671902],[-2.78507456194648,54.1350400464222],[-2.79349842482335,54.1292406181196],[-2.80009730209275,54.1277270401799],[-2.80711460570722,54.1352727386206],[-2.80524430375054,54.1398870884828],[-2.81007567064838,54.1323134801363],[-2.82837573227069,54.1431556286398],[-2.83721686204006,54.1741723998253],[-2.86472773157932,54.1837609621055],[-2.86413419859594,54.1920311808672],[-2.8538441328166,54.1942872536497],[-2.83621484721889,54.2015503206361],[-2.83540285959756,54.2052238376675],[-2.82569852060133,54.2040706781247],[-2.82146533899019,54.2093938197367],[-2.81615267028371,54.2129755705822],[-2.80764525068891,54.2187094244864],[-2.80479976387811,54.2197791146896],[-2.8022607608892,54.219816726193],[-2.78752642318254,54.2271938964274],[-2.80507301936318,54.2202653116894],[-2.79871412544547,54.2280288429043],[-2.79934293354762,54.2332563045609],[-2.79679831662469,54.2416360489148],[-2.79911238966455,54.2443890199495],[-2.80080580322894,54.2461975519399],[-2.80524955336562,54.2469579561207],[-2.81364363750239,54.2452954643663],[-2.81280523840809,54.249799154273],[-2.81270529349099,54.2498136228293],[-2.80240461134631,54.249425167429],[-2.80067050904396,54.2508909683662],[-2.80426468972142,54.2500508569164],[-2.80652693167445,54.2512799014306],[-2.80773246056085,54.2510193448475],[-2.8121497333949,54.2505641388258],[-2.81439870780994,54.2495782598682],[-2.81472529474225,54.2447417048403],[-2.81351279917206,54.2437172425057],[-2.80340380136422,54.2462710569417],[-2.79927244850562,54.2424590867126],[-2.80295675937024,54.2366178585793],[-2.80470017017969,54.2281354863469],[-2.80928497396897,54.221073821857],[-2.81620367766028,54.2154872043144],[-2.82822863601602,54.2128934034319],[-2.83729155836856,54.2109375115641],[-2.83612093070048,54.2128386234964],[-2.83219629855315,54.2192109490427],[-2.83711105818358,54.2128317042489],[-2.84146774433388,54.2071750312974],[-2.84247353493712,54.2055178695788],[-2.86855550603468,54.2020960624817],[-2.86741014206203,54.2047943624278],[-2.87006184961241,54.2017742131585],[-2.87802309425447,54.2013522814191],[-2.8975548213008,54.1894985701284],[-2.89830145851218,54.1798416519755],[-2.91019342146322,54.1803420009942],[-2.90079609168984,54.1767175762444],[-2.9083048723623,54.1657033150595],[-2.92023411327833,54.1549507530271],[-2.92545610261578,54.1502417372492],[-2.94873183647986,54.1491904924766],[-2.98419259331964,54.1529314554288],[-2.9928341977459,54.1564254240387],[-2.99986531098492,54.1547641474484],[-3.00430373081172,54.1662917542135],[-3.0003615261297,54.1684016545241],[-2.99877862786938,54.1697764614659],[-2.99730762105409,54.173131221298],[-2.9929710189202,54.1702703131949],[-2.99412094734348,54.1730486061648],[-2.99606495563144,54.1759241136156],[-2.99930026484553,54.1754641090922],[-2.99615475887138,54.1732908798942],[-3.000219407715,54.1743823863848],[-3.00092746330829,54.1721098079191],[-3.00353530863385,54.1758009527177],[-3.00153441534006,54.172249467015],[-3.00652590942045,54.1722698395884],[-3.00969471343354,54.1768261247312],[-3.00506726719586,54.1802793416657],[-3.01029228629986,54.1769532818253],[-3.00982585456745,54.1827722571831],[-3.01265804977009,54.1797222928322],[-3.0210569009725,54.1852884762015],[-3.02017945328803,54.1896091169332],[-3.02213237238232,54.1857745483531],[-3.02699098883191,54.1896384182246],[-3.02460581593169,54.191787050379],[-3.02774366354344,54.1900759684519],[-3.02924870640396,54.193779571115],[-3.03876063401333,54.197194103868],[-3.03475787115557,54.1965005783486],[-3.02541285035508,54.1968376375618],[-3.02289301936017,54.201063536802],[-3.01983181958329,54.2010696504632],[-3.01454551426712,54.2063678043235],[-3.0215034090591,54.211408899163],[-3.02170137303154,54.2115523030957],[-3.02222781077734,54.2119336441326],[-3.02225901802143,54.2121758870174],[-3.02246418269409,54.2137684203302],[-3.02248690076576,54.2139447560315],[-3.0231574253403,54.2191485487449],[-3.0231897812087,54.2193996254218],[-3.02762703650007,54.2192881598007],[-3.02855881484159,54.220431550914],[-3.03361545589645,54.2292708294488],[-3.04631848623672,54.2267667665697],[-3.04876496998461,54.2332337381789],[-3.03397370162035,54.2396737441633],[-3.03325109989257,54.2437909246994],[-3.02898992574295,54.2415867751272],[-3.02935888742513,54.2401745952196],[-3.02731624260222,54.2415435514457],[-3.02857289722975,54.2463673969599],[-3.03567677049205,54.2443210289317],[-3.03752405601022,54.2399047616014],[-3.04805397110303,54.2422896958078],[-3.05218573779326,54.2358076142307],[-3.05194646449903,54.234762091999],[-3.05181809850323,54.2342011613124],[-3.05162906055111,54.233435976066],[-3.05156463655897,54.23317519518],[-3.05153074201901,54.2330379918587],[-3.05154946765076,54.2328943458127],[-3.05161928491727,54.2323587490769],[-3.05187468707876,54.2303993612106],[-3.05311965732432,54.2208456404576],[-3.05086267270814,54.2201741044769],[-3.05000822621804,54.2199198584934],[-3.03556718463908,54.2156214450551],[-3.03241965162058,54.2113155960754],[-3.03902704982646,54.2057310787469],[-3.0343729085303,54.2112987674683],[-3.03426021309591,54.2114335639115],[-3.03474679153529,54.211295547676],[-3.03877604765289,54.210152554302],[-3.04457147141248,54.1996173469111],[-3.04469171189446,54.1993987053029],[-3.05027343037291,54.1990613995907],[-3.05313591394386,54.1988883177793],[-3.0547822809287,54.194022372947],[-3.05479195782927,54.1939937689558],[-3.05495064618341,54.1935246916981],[-3.05330183266156,54.188482603329],[-3.05974102980086,54.1893598898341],[-3.05586922068239,54.1871766572886],[-3.06162191164685,54.1808205500552],[-3.06124409120805,54.1795949569083],[-3.06117405554224,54.1794517232792],[-3.05910236202438,54.1731104401756],[-3.05911752632999,54.1730143682932],[-3.0608558624468,54.1619982118481],[-3.07797486678772,54.1539752916749],[-3.08763411215117,54.1362522956311],[-3.10062712871104,54.1280018449009],[-3.1046483830116,54.1200044176508],[-3.14259295634196,54.0974038483916],[-3.14274957555766,54.0973107443306],[-3.14910912491694,54.0935275259569],[-3.1647913866967,54.083224258082],[-3.17239860225786,54.0817840914531],[-3.15270062390522,54.0676666804544],[-3.15175820604345,54.0702175247605],[-3.1507107426661,54.0647853241542],[-3.17143439584739,54.0796282894025],[-3.17323568357948,54.0735932109483],[-3.17797475663285,54.0748780042637],[-3.17374799403985,54.0833941538291],[-3.18685853713641,54.0904269602125],[-3.18515795942473,54.0957125175782],[-3.19130643872628,54.1028502156935],[-3.19935700939085,54.1026744985159],[-3.19945387403452,54.1026723814033],[-3.20457149422904,54.1011334107354],[-3.20696989548689,54.1004127991172],[-3.21004915915218,54.0994921395907],[-3.21201824811946,54.0989005367119],[-3.21423535870006,54.098208542578],[-3.21502462540315,54.0979030783907],[-3.21849175765449,54.0958069509947],[-3.21909639106971,54.095441379489],[-3.22006250356619,54.0948572335873],[-3.22006274197995,54.0947071216365],[-3.21980079348989,54.0942756701952],[-3.21940955648713,54.0937954817426],[-3.21944301141868,54.0936246426109],[-3.21986168307774,54.0930176547364],[-3.22007203780036,54.0929248786633],[-3.22129454506774,54.092500512534],[-3.22134401060665,54.0927302556712],[-3.22171343951631,54.0932997377184],[-3.22191484465778,54.0936102007919],[-3.22242827685699,54.0936441649502],[-3.22383240013994,54.0937977328474],[-3.22470371112044,54.094455043993],[-3.23852292387065,54.1036185391096],[-3.23930826998406,54.1041391361432],[-3.23941128444146,54.1044662942184],[-3.24179932017378,54.1120489466479],[-3.24347581420269,54.1286857574999],[-3.2404909232981,54.147126148396],[-3.23769626162009,54.1559201085784],[-3.24051897608579,54.1583852167738],[-3.24957809649894,54.1548050179067],[-3.25653832090725,54.1687019771402],[-3.24613069478573,54.1719937023139],[-3.22843815833464,54.171368485689],[-3.22700149640666,54.172144577086],[-3.21715247540839,54.1774638240511],[-3.21509386209423,54.18484041842],[-3.22299022376769,54.1877903341498],[-3.21475777669882,54.1856590230194],[-3.21899537935534,54.1874928793041],[-3.21204094474077,54.1997445129956],[-3.21207779830256,54.2084825965537],[-3.20450491693905,54.2095423968315],[-3.20420135850323,54.2097198079762],[-3.20181685628978,54.2111133222948],[-3.20035903238112,54.2191448318339],[-3.19796927254753,54.2229500915134],[-3.18919287950842,54.233588875631],[-3.19748180460318,54.2288453949305],[-3.19767422241128,54.2291917964945],[-3.20004918712312,54.237706533125],[-3.20420363609198,54.2409425903456],[-3.20484850464577,54.2421027495113],[-3.20577214128079,54.2421641898727],[-3.2126869872374,54.2475485776592],[-3.21189595175586,54.2518158858409],[-3.21603826134465,54.2561217818372],[-3.22804417623463,54.2578045275705],[-3.22775446235118,54.2605869917206],[-3.22421235616475,54.2647577762925],[-3.2242693821323,54.274846459523],[-3.22426639301075,54.274884345411],[-3.22376053391549,54.2769294598587],[-3.22554040108885,54.2772577296618],[-3.22584845325052,54.2773145418361],[-3.2278065669786,54.2776756441556],[-3.22454980458745,54.2755786405709],[-3.22810273442928,54.2640381731257],[-3.22968525512759,54.2624825163526],[-3.23215834806923,54.2600511361863],[-3.22951660309904,54.2568168050175],[-3.22256255060385,54.2532874599337],[-3.22290710382576,54.2515995582007],[-3.22930754149342,54.2497943900716],[-3.22626723694375,54.2488556526905],[-3.22181087510348,54.2422396730763],[-3.21692482349682,54.2382384431889],[-3.21642598274483,54.2365909958109],[-3.2181151718654,54.2346359157997],[-3.21860035274398,54.2322819670937],[-3.22164552135157,54.2294454316193],[-3.22532028825316,54.2303836180269],[-3.22872551399033,54.2302267576123],[-3.23048022371961,54.2293314253479],[-3.2337090309978,54.2311693054454],[-3.23169238581242,54.2291191760793],[-3.22867959876417,54.2286790475977],[-3.22703172153188,54.2284382792708],[-3.22546990963317,54.2275124452471],[-3.22852284523274,54.2234095163984],[-3.22860291754387,54.2233018927267],[-3.23089328854704,54.2219576735802],[-3.23674848916633,54.2206799966932],[-3.23998246330414,54.2229260298825],[-3.23636853467333,54.2278759204368],[-3.24135520017661,54.223687065393],[-3.24089213805837,54.2218195520366],[-3.24278748873866,54.2209134255768],[-3.24537949329569,54.2213256574934],[-3.24451396672116,54.2252013910727],[-3.24629340880699,54.223392049224],[-3.25102811263004,54.2171557492461],[-3.25182451694626,54.2192633090809],[-3.25360734867778,54.2159402811351],[-3.25631831747308,54.2147511118979],[-3.25146671734771,54.2158316163312],[-3.2497909741263,54.2095546617743],[-3.24930832052347,54.2092600918972],[-3.2392605388575,54.2031264313526],[-3.25398110018546,54.1916383619339],[-3.26869422967547,54.1901253701842],[-3.27766638293305,54.1939214309258],[-3.27772596499635,54.1939466348685],[-3.28775405238664,54.1970319370111],[-3.28828880045295,54.1913027731014],[-3.27746475608274,54.1908521250915],[-3.29076305185903,54.1869434852378],[-3.31430579829842,54.1885623812199],[-3.33003785831517,54.1963397955424],[-3.34176971569079,54.20826640771],[-3.36489573388485,54.2317525761096],[-3.39421568711067,54.2544402198654],[-3.41724001894656,54.2810690834987],[-3.4175801415736,54.2817994336699],[-3.3971462638966,54.267747054525],[-3.3926231140088,54.2701659379853],[-3.3864877597815,54.2683177959193],[-3.37954283625291,54.2726144055022],[-3.37019047816296,54.2713594489078],[-3.36882646580315,54.2761204475509],[-3.34707249082417,54.2796369966765],[-3.34729733937232,54.2839791718006],[-3.32277800691851,54.275559445961],[-3.32041186959551,54.2716291048021],[-3.30416408151602,54.2759365815952],[-3.30102555918425,54.2794621406639],[-3.31368150684467,54.2918216223906],[-3.30410522562253,54.2997899145319],[-3.30816076234729,54.3222034945384],[-3.29486304854072,54.3254689654346],[-3.30282829917439,54.3313512425897],[-3.29509612114998,54.3427450036595],[-3.29880997033957,54.3475350155644],[-3.30825904169585,54.3492235566133],[-3.30140525748605,54.3522473848882],[-3.29857790717098,54.3592305004532],[-3.29271719484221,54.3610312404503],[-3.271599712186,54.3581653363532],[-3.24337930706851,54.3630863565162],[-3.23256169921102,54.3760319422091],[-3.19865275697059,54.392408291729],[-3.18574089024832,54.4032815585097],[-3.18896740438757,54.4059588153401],[-3.1811705501588,54.413252413801],[-3.18223375889412,54.4254660438886],[-3.15794477426625,54.431306003682],[-3.15859173713219,54.4421774086043],[-3.16111642424337,54.447037069356],[-3.16627892555218,54.447766467875],[-3.16713924464684,54.4541103732325],[-3.15382538088866,54.4601539743217],[-3.14496033661194,54.4687575865336],[-3.13644405915719,54.4707460919057],[-3.13221304705135,54.4645439675607],[-3.11942541773659,54.4602375720552],[-3.11257327406185,54.4614908266626],[-3.11570468824721,54.4665828602003],[-3.10947917773279,54.4740037003207],[-3.0977536796442,54.4719035324032],[-3.08826521055195,54.4839641572444],[-3.07621433986725,54.4893655909028],[-3.06198540050038,54.4925226594973],[-3.05080159424539,54.4912652120461],[-3.04830383046215,54.4962781759593],[-3.02096151408445,54.4998386011635],[-3.01483523819347,54.4998433018578]]]]},"properties":{"FID":74,"SICBL26CD":"E38000228","SICBL26NM":"NHS Lancashire and South Cumbria ICB - 01K","ICB26CD":"E54000048","ICB26NM":"NHS Lancashire and South Cumbria Integrated Care Board","BNG_E":362269,"BNG_N":479660,"LONG":-2.58003,"LAT":54.21129,"GlobalID":"a5153d38-457e-4d73-9d7e-360f9ecdcf90"}},{"type":"Feature","id":75,"geometry":{"type":"MultiPolygon","coordinates":[[[[-3.89832469389064,50.2784471068866],[-3.90105077819791,50.2780768757717],[-3.89953610068782,50.2809968841897],[-3.89690128430186,50.2788047526691],[-3.89832469389064,50.2784471068866]]],[[[-4.6640828632435,51.1617757112281],[-4.67092482315619,51.1584635548179],[-4.68057246853434,51.1724248304546],[-4.67339528224932,51.1800864116322],[-4.67309408026351,51.1801627462432],[-4.67613531377768,51.1836545185289],[-4.6775191182745,51.1853340014616],[-4.674084255895,51.1855052040153],[-4.67464658339744,51.1861487507555],[-4.67407090811325,51.186289618616],[-4.67480140733101,51.1901646462513],[-4.67452422601396,51.1902864064152],[-4.67975699531534,51.1941554804231],[-4.6789685588005,51.1969445149928],[-4.67735459572981,51.202440092812],[-4.67364148333346,51.2017021321308],[-4.67029226368996,51.201012917573],[-4.66988025271708,51.1949264260738],[-4.66180645835853,51.1863294718747],[-4.66179817386313,51.1861957465599],[-4.66167263459142,51.1670922005903],[-4.65956032895791,51.1658672378632],[-4.65652688474457,51.1631102361838],[-4.65472166810614,51.1630608188061],[-4.65345609829841,51.1623266987284],[-4.65450458674659,51.1620894649458],[-4.6640828632435,51.1617757112281]]],[[[-3.42841174096642,50.6080603918914],[-3.4280378460826,50.610939548182],[-3.42777510562944,50.6129626045106],[-3.4258288395395,50.6117443303873],[-3.42468149664484,50.6110261001719],[-3.42808464684231,50.6070814678326],[-3.4394037767651,50.5993184457353],[-3.43976468433882,50.5984252044689],[-3.44291977758283,50.5958130397404],[-3.44320304570589,50.5920934941783],[-3.45816660920688,50.584882240678],[-3.46336038999664,50.580020531919],[-3.46435949645609,50.57944096562],[-3.46546841326172,50.5780469393739],[-3.46565871632714,50.5778687620357],[-3.46681075656446,50.5771601008981],[-3.46685527491796,50.5767484096922],[-3.46740458251235,50.5762340642553],[-3.46746678266749,50.5755345454702],[-3.4687141103481,50.5739662306692],[-3.46841285941008,50.5648926124084],[-3.46857549108614,50.5630627668766],[-3.46936525290081,50.5626297490704],[-3.47703919347494,50.5602817755264],[-3.4771440229615,50.5602428325749],[-3.4819471367872,50.5557294316998],[-3.48276010452122,50.5552834595704],[-3.48251505459533,50.5552032053815],[-3.49444319167425,50.5439822529567],[-3.49486090700615,50.543194939074],[-3.49643993506539,50.5416928010137],[-3.50028082098597,50.540869066087],[-3.50088312201458,50.5460036939758],[-3.50092906755731,50.5463953295162],[-3.50685544626598,50.546207308927],[-3.51914659307001,50.5459901738683],[-3.51954980276434,50.5459854766799],[-3.55900731431162,50.5455188880673],[-3.56672976333356,50.5429253988452],[-3.5771105520933,50.5421747403313],[-3.58025642885859,50.5393835777724],[-3.58057837265816,50.5393026892839],[-3.59080033929384,50.5388478043697],[-3.58369662168093,50.5385246184787],[-3.58305547928636,50.5383617388183],[-3.57920206382664,50.5373826972379],[-3.55102231028188,50.5411143192753],[-3.54042068875447,50.538131581609],[-3.53992092680045,50.5391848230093],[-3.5398794455886,50.5392722434135],[-3.53932985497901,50.5404304395054],[-3.50978323969302,50.5428634192114],[-3.49745375477437,50.5383072793398],[-3.50776452967487,50.5188604627351],[-3.50915851013804,50.5166225849143],[-3.51522401716698,50.4961196521517],[-3.51344509986041,50.4885483704361],[-3.51284314501218,50.4859857941986],[-3.51302039412153,50.4858924440428],[-3.51299953923617,50.4856153699418],[-3.51323499201098,50.4854891624009],[-3.51353374459105,50.485413499161],[-3.51374648012855,50.4853473445465],[-3.51428803757818,50.4835452591396],[-3.51480198381588,50.4816900243434],[-3.50848105539332,50.4798456609452],[-3.50533517929195,50.4789275526904],[-3.50143806352791,50.4771538223498],[-3.50112101116371,50.4769944515759],[-3.49729526351796,50.4758374735391],[-3.50110563458394,50.4718608129943],[-3.49198651976071,50.4704742553144],[-3.48901218662456,50.4638037525234],[-3.480824533607,50.4640287125078],[-3.48343223797436,50.4603700684536],[-3.49126631689865,50.4581941823869],[-3.50414157625236,50.459615111137],[-3.51597622984316,50.4538008814759],[-3.52323573477641,50.4574088913013],[-3.5238074628748,50.4573863864756],[-3.52517137117297,50.4573326870523],[-3.52888089820848,50.4571865543009],[-3.52713473195368,50.4585561195066],[-3.52355562757013,50.4613629816358],[-3.53039596536211,50.4611346945027],[-3.53013074619702,50.4604228438236],[-3.52913600759967,50.4577527507917],[-3.53104333582506,50.458971321447],[-3.530686261397,50.460768943363],[-3.53062719066154,50.4610663099611],[-3.53402548813658,50.4630934869482],[-3.54014670200344,50.4605262935835],[-3.54039773120766,50.4601285366426],[-3.54451476089022,50.4530317675303],[-3.54483112683196,50.4528555858329],[-3.55262152138612,50.4495354896757],[-3.55316895765202,50.4493028772461],[-3.55777308728358,50.4400821575651],[-3.55780050993805,50.4400272276199],[-3.55908423051769,50.4331155253617],[-3.55761764352602,50.4328339007415],[-3.55607027838813,50.4325224804932],[-3.55559882815209,50.4325488205214],[-3.55550280261279,50.4312941891733],[-3.55536044073853,50.4294339948137],[-3.55530448117263,50.4287027436299],[-3.55526474613385,50.4281834968124],[-3.55610400476068,50.4281546835785],[-3.55703270480026,50.4281532748691],[-3.55908828021355,50.4276642301715],[-3.55687349864717,50.4162409407468],[-3.55679766978584,50.4158273451804],[-3.55512034340095,50.4066767215322],[-3.5508670995767,50.4057094812423],[-3.54692507577471,50.4048127933627],[-3.54505902029514,50.4024957490386],[-3.54470197690165,50.4020991482172],[-3.5393518245681,50.4034828923096],[-3.53550522226796,50.4044775594129],[-3.53313340527848,50.404809222765],[-3.531841840573,50.4047813444471],[-3.5299234072202,50.4047399093248],[-3.52808764085194,50.4047002296899],[-3.52688087972667,50.4042393771505],[-3.52394174230421,50.4028321085285],[-3.52286060702565,50.402314417403],[-3.52282580905156,50.402297753677],[-3.52247399337742,50.4023434643798],[-3.51954111839243,50.403155462071],[-3.51351078239748,50.3987880316265],[-3.51323093482371,50.3985903356275],[-3.51067077571989,50.3977334000978],[-3.50635375976186,50.3994854374266],[-3.5051445671327,50.3999761284791],[-3.50591731058736,50.4005338347092],[-3.5072572952697,50.4015114605398],[-3.51162958327413,50.4047066926774],[-3.50447913393557,50.3999802675904],[-3.49345909668318,50.4012509576781],[-3.49323036089794,50.401270099812],[-3.49033381858062,50.4008917437194],[-3.48969182484912,50.4007056606319],[-3.48765576368725,50.4007219054701],[-3.48757485912574,50.4007547695711],[-3.48737007184806,50.40083795479],[-3.48672055653622,50.4008357924137],[-3.4864304213097,50.4007779712596],[-3.48619288512058,50.4007878584076],[-3.48598107905282,50.4005673752704],[-3.4853478919225,50.4005629685959],[-3.48413822085683,50.4004888948857],[-3.48370470891462,50.4004404450455],[-3.48344432690223,50.4002217959989],[-3.48329833522649,50.4002019538168],[-3.48308991030852,50.4001623579098],[-3.48264062447906,50.3998876514462],[-3.48240718495997,50.4000404655032],[-3.48241124714785,50.3998653386802],[-3.48245189339153,50.3996587123116],[-3.48243295049384,50.3989680053836],[-3.48263044593443,50.3987516604758],[-3.48292718470693,50.3986484334863],[-3.48364196188542,50.3984282625766],[-3.48404146149271,50.3982989380297],[-3.4844975601264,50.3980748934051],[-3.48465690772429,50.3979857594731],[-3.48492731240511,50.3979793533936],[-3.48608631249486,50.3980321007078],[-3.48672429818614,50.3979536531467],[-3.48776229370966,50.3979079194602],[-3.48801675032231,50.3978985596709],[-3.4892903658854,50.3966401301894],[-3.48948870183178,50.3962437510239],[-3.48952794038511,50.3956982817205],[-3.48927478021713,50.3956142356971],[-3.48893784282719,50.3946330681569],[-3.48887380062347,50.3944465701677],[-3.48858406928767,50.3943594403368],[-3.48936474844108,50.3942765346149],[-3.4898939470437,50.3942248773606],[-3.490088434593,50.3942583505167],[-3.4902094050804,50.3941410701949],[-3.49153280163046,50.3934932606397],[-3.49217601628575,50.3935619147854],[-3.49232561673907,50.3937026047577],[-3.49213337016474,50.392584369731],[-3.49289632150418,50.3922980929397],[-3.49267615123677,50.3921513887295],[-3.49265308658063,50.3920114626804],[-3.49281418782548,50.3919014678798],[-3.49384194675309,50.3915709199866],[-3.49481830645372,50.391543543482],[-3.49482099692949,50.3916734845536],[-3.50136391710843,50.3897000248723],[-3.50157032823514,50.3891410585744],[-3.50158240609814,50.3891083503698],[-3.50203709057973,50.387877007955],[-3.50259338257727,50.3863704089503],[-3.50320916729598,50.3847025789109],[-3.50209140574652,50.3845431165659],[-3.49831755790045,50.3840046545642],[-3.49765900923962,50.3833925159362],[-3.49625931230511,50.3818998821804],[-3.49643563697532,50.3817985108417],[-3.49615086412991,50.3817186741173],[-3.49614026613989,50.3815260957612],[-3.49654095884777,50.3813772497499],[-3.4972832353844,50.3811899983126],[-3.5076303087972,50.3791555947665],[-3.50774610200372,50.379058909547],[-3.50786703034252,50.3789579359301],[-3.51544784207585,50.3726269622066],[-3.5151121923952,50.3721234185814],[-3.51567731066755,50.3716049774422],[-3.51539725693246,50.3713479284141],[-3.51609282761012,50.3706776988513],[-3.5130731825449,50.3690642293439],[-3.51285022044553,50.3687296858439],[-3.52106461901206,50.3587651082014],[-3.52038813175967,50.3581849504634],[-3.52053056532401,50.3579806788475],[-3.52054122481492,50.3579427325218],[-3.51870775445852,50.3567437817173],[-3.5147997219042,50.3533916164173],[-3.5156242811085,50.3514088299946],[-3.51691278391078,50.3484451021106],[-3.51792808597184,50.346505247624],[-3.53109317322232,50.3443428131076],[-3.53428750093672,50.3372127236906],[-3.53646865997045,50.3367800725182],[-3.54219476805379,50.3357847102922],[-3.54848884480648,50.3381554765819],[-3.55647557118788,50.3431193094344],[-3.5590943688377,50.3421490301224],[-3.56834378457106,50.3456307104281],[-3.56914912678299,50.3459731409306],[-3.5709478853186,50.3467420780412],[-3.57291055333522,50.3476342670113],[-3.56545639722491,50.3520862235118],[-3.56410362640629,50.3527692064152],[-3.56887740246473,50.3517381645741],[-3.56898137520058,50.351720621976],[-3.57494835872133,50.3604948173869],[-3.57629016582025,50.3630963297974],[-3.57636527375742,50.3634210343906],[-3.57395727915307,50.3677266572162],[-3.57399145264503,50.3677878185013],[-3.57106703031043,50.3683781775914],[-3.57036728946413,50.368529751351],[-3.57292025603111,50.3683298965653],[-3.57427005795816,50.3682864509223],[-3.57816529646715,50.3752566833928],[-3.57894990401681,50.3756255660125],[-3.57983299109723,50.3774774560481],[-3.59165278310164,50.3823394122452],[-3.57518675433579,50.3931944165343],[-3.60283330512455,50.3953224250476],[-3.6096831212868,50.3923056733787],[-3.62304010432989,50.4008899587323],[-3.62365277032046,50.3979439659044],[-3.63244385663471,50.3999731204809],[-3.63019180896617,50.4033585988679],[-3.63424494604583,50.4088051245472],[-3.64702119475594,50.4063629458029],[-3.64767125236599,50.4062386436839],[-3.64772336948872,50.4057870491506],[-3.64785516632675,50.4046450160124],[-3.63395379667505,50.4049660825615],[-3.6439701249301,50.3968913357637],[-3.66678781380359,50.3945473862258],[-3.67236104481876,50.396951576252],[-3.66321114893822,50.3924148490982],[-3.63536759653825,50.3980028527633],[-3.62603781335215,50.3919504137354],[-3.60758333327355,50.3887542416437],[-3.61433916854718,50.3837553964357],[-3.60609947881458,50.3852707130696],[-3.60023710398793,50.3913486773591],[-3.59407145683346,50.3897370962004],[-3.59744872415508,50.3846595478124],[-3.59458886943006,50.3805930529468],[-3.58058815507125,50.3720600117663],[-3.58609950966034,50.3626131302294],[-3.58943212008756,50.363843916126],[-3.6002919829795,50.3569723508927],[-3.60110794054911,50.3564559352023],[-3.60133143152292,50.35631448621],[-3.58111180069333,50.3600912783647],[-3.57931588798465,50.3599714048689],[-3.57746317383136,50.3508963597565],[-3.5767386185064,50.3460775169906],[-3.57642403223787,50.3458047687254],[-3.57636130239074,50.3454973647814],[-3.57342000918679,50.3424909147925],[-3.56565097132372,50.3418425225495],[-3.56357888810508,50.3355582641048],[-3.56353939705906,50.3354118829388],[-3.57240679702674,50.3301862100739],[-3.5719834180143,50.3296416277282],[-3.57190109169479,50.3269124643988],[-3.5775897859223,50.3260240397799],[-3.58663084290874,50.3260159044786],[-3.58716935056096,50.3256604851452],[-3.5890187979524,50.3256313801074],[-3.59659077632215,50.3198502001863],[-3.59792991030232,50.3197278777657],[-3.61038144806727,50.3192420555142],[-3.61096146333483,50.3187864154085],[-3.63377687358432,50.3008542768899],[-3.63940304583054,50.2927581716212],[-3.64210001896705,50.2903342884631],[-3.64300400563673,50.2875747860466],[-3.64617376247637,50.2830110810239],[-3.64732860776641,50.2788227914367],[-3.65621216999624,50.2481569539639],[-3.65857649066286,50.2399889189971],[-3.65919542366196,50.2380956737813],[-3.65914974803984,50.2380080660408],[-3.659183848086,50.2378902291317],[-3.65878871876851,50.2371415980784],[-3.65900436911631,50.2363563817025],[-3.65428578804862,50.2276093948925],[-3.64051497564688,50.2217847545396],[-3.64979112656959,50.2218064576291],[-3.6564500878611,50.2177981648367],[-3.65940816551594,50.2204344059516],[-3.68130677565896,50.2223977598279],[-3.68348307093206,50.2206185815547],[-3.68385445752912,50.2203149458235],[-3.69860611843403,50.2129017221794],[-3.70340860000784,50.2112415339136],[-3.7082206496384,50.2054046315072],[-3.71693246191254,50.2056171715282],[-3.7175339560742,50.2049504894117],[-3.72118747748353,50.2028749439923],[-3.72607935125928,50.2081764629874],[-3.7316855146005,50.2071825507837],[-3.73426809268956,50.2103454682932],[-3.73739423347548,50.2147914496968],[-3.77331730644587,50.2240619349489],[-3.77222321703571,50.2253075118068],[-3.76161033027237,50.236200526005],[-3.74094626095545,50.2396473526337],[-3.72609027411823,50.2368521267659],[-3.73913425209881,50.2410713001599],[-3.7351053240972,50.2425810277239],[-3.75239574491788,50.2397613371731],[-3.75646873892211,50.2430965353248],[-3.75653482736814,50.2436083436474],[-3.75257679981409,50.2453476992732],[-3.7531790234809,50.24673571782],[-3.75536699665746,50.2517778751761],[-3.75523392074518,50.2518780381022],[-3.74719352717312,50.2515979846029],[-3.74755425178189,50.2564738022227],[-3.73692977599647,50.2576683036314],[-3.74505929453167,50.2601450010385],[-3.72957906915343,50.2633481036674],[-3.72946803895497,50.2637637271891],[-3.72944840724877,50.2638372142802],[-3.72864735993916,50.2668355674747],[-3.71997728731297,50.2705501399349],[-3.728789173136,50.2688931175285],[-3.7323237099468,50.2644332952045],[-3.74523466998312,50.2620644195977],[-3.75689197772265,50.254864177777],[-3.75445824432452,50.2605251411681],[-3.76200031010762,50.261530802358],[-3.75934778440977,50.2763054048083],[-3.75926593554777,50.27676116807],[-3.75842193341103,50.2814603842027],[-3.75803226126553,50.2836296942937],[-3.76518516434843,50.271736842258],[-3.77257494893447,50.2752013568238],[-3.77591532642585,50.2825589436254],[-3.77803109626507,50.2792167182555],[-3.77652959800938,50.2787443410987],[-3.77425476726403,50.2780286164036],[-3.77399061549833,50.2779455030541],[-3.77407248081717,50.2773888061734],[-3.77513992060397,50.2701289713868],[-3.76996486312662,50.2696484774273],[-3.76746990921529,50.2628678601447],[-3.77181016736895,50.2600800184074],[-3.78581741772685,50.2657253708033],[-3.78485724406011,50.2622620244135],[-3.77680823507233,50.2608455831407],[-3.7741006698787,50.2570409964768],[-3.78793557780747,50.2549913552475],[-3.76759374859229,50.2540879624428],[-3.7646793639888,50.2535028187103],[-3.76355815987597,50.2510325499511],[-3.76391976421775,50.2510855454817],[-3.76345390364019,50.2508028341643],[-3.7615506181598,50.2466088107392],[-3.75883068588003,50.2406138918237],[-3.76250463630041,50.2396875481975],[-3.76807067599769,50.2443420655385],[-3.77525010176725,50.243728905846],[-3.76814031678222,50.2425862547297],[-3.76616572782652,50.2362589396755],[-3.77757046628381,50.2294047238119],[-3.7819010787845,50.2295986991484],[-3.78167014931788,50.2269418622029],[-3.78243941792939,50.2264796856268],[-3.78243468664304,50.2264487199605],[-3.78259238804328,50.226355205979],[-3.7810242442121,50.2163127567052],[-3.78334976066198,50.2154084885198],[-3.78669603542611,50.2151261554876],[-3.78628277393067,50.2142678744752],[-3.78686714542653,50.2140406028771],[-3.78478236903199,50.2108684413785],[-3.78621239839642,50.2106100428785],[-3.79176420017327,50.2108451996789],[-3.79935334295551,50.2147427534374],[-3.81006397053871,50.2158112207353],[-3.81951490618064,50.2168599781893],[-3.82524651246365,50.2205589598225],[-3.82718012568892,50.2235733871507],[-3.83503393391833,50.2268734381222],[-3.83571896094166,50.2273153035459],[-3.83717434914015,50.2278251799124],[-3.83823378251026,50.2286195659904],[-3.84320342371138,50.230305181054],[-3.85275656829906,50.2343168635428],[-3.85497720077472,50.2342973905562],[-3.86586916146398,50.2379890106934],[-3.86914334147142,50.2400873013317],[-3.86984457819142,50.2411999417623],[-3.85902740345629,50.2426409801154],[-3.86039148837488,50.2440578092235],[-3.86057582789725,50.2450653574532],[-3.86111764419408,50.2480265070761],[-3.85808770705541,50.2607796917619],[-3.86222057634005,50.2642906138018],[-3.86589204150144,50.2638539295914],[-3.86810745177684,50.2638107234583],[-3.86907555244151,50.2674231378683],[-3.88070785622084,50.2730132830093],[-3.88132933552142,50.275129178432],[-3.87996379560704,50.2817906502979],[-3.87389136711189,50.280525487392],[-3.87358477376444,50.2804615995345],[-3.87056070865956,50.2798313949524],[-3.87051029539388,50.2798208880416],[-3.86810416175888,50.2793193883185],[-3.86416662878968,50.2872121879847],[-3.85232918994261,50.291036009636],[-3.85452118478697,50.2912207854001],[-3.85482364644984,50.2912462787526],[-3.85838603575967,50.2915464714943],[-3.85824744451618,50.2986191525428],[-3.85717213039292,50.2993107947613],[-3.85694374890283,50.2994576864934],[-3.85225753490856,50.3024714871891],[-3.84213742623019,50.3089780174863],[-3.83846077599895,50.3072732797171],[-3.8258280012143,50.3106492059173],[-3.83888066991521,50.3085105567225],[-3.83416584618991,50.3109559339614],[-3.83806580478392,50.3102161828541],[-3.8372609143393,50.3124001654067],[-3.83966793101807,50.3098409674658],[-3.83998946761509,50.3126052722643],[-3.84924853494983,50.3065589146299],[-3.85435637273674,50.3090080326698],[-3.85472005646313,50.309216083171],[-3.85460079376807,50.3090808647376],[-3.85104807466668,50.305052479716],[-3.86291678329396,50.2983078777869],[-3.86051577959433,50.2914728343597],[-3.86419496944912,50.2878876398941],[-3.86424309410069,50.2878407406145],[-3.86824740736618,50.283937991358],[-3.8709958498769,50.2812588663408],[-3.87980843864313,50.2846164863161],[-3.89518338183747,50.2817757400248],[-3.89826143837354,50.2881897787123],[-3.90443547318155,50.2904385486836],[-3.91025466292278,50.2940781673136],[-3.91696921656364,50.2954403296155],[-3.91743367419646,50.2956519030764],[-3.91800841208461,50.295651106515],[-3.91968868307062,50.2959918864225],[-3.92245853527117,50.2969999676242],[-3.94371408638679,50.2959236214064],[-3.94414566931833,50.2973478416913],[-3.94442203063486,50.300716602224],[-3.94526467593045,50.3010401239551],[-3.94692546557739,50.3065189490905],[-3.94673526104673,50.306922264039],[-3.94312110445005,50.3118794602282],[-3.93892104922051,50.3176208647585],[-3.93693152384521,50.3203399732282],[-3.93535437388452,50.322495243903],[-3.93485770023661,50.323173933863],[-3.92796658378943,50.3244234055354],[-3.91997530535248,50.3316771989442],[-3.92850536132937,50.3257599890066],[-3.93606521640478,50.3249553801133],[-3.92685884455364,50.3367054113814],[-3.9263713601454,50.3397670526127],[-3.92670427919956,50.3390976920972],[-3.92693184606503,50.3386419048322],[-3.9283138909804,50.3358736467942],[-3.92895817062179,50.3345830317468],[-3.93089541371722,50.3340855829148],[-3.93449616568174,50.333160863504],[-3.93752356158383,50.3294938005283],[-3.93850442329274,50.3283055540363],[-3.93855052963771,50.3282496977711],[-3.9395755366504,50.3270078981599],[-3.94013770636274,50.3164181388809],[-3.94015039442985,50.3161790708408],[-3.94069341758889,50.3158687649901],[-3.95519045532236,50.3075821510746],[-3.96094295531537,50.3045283471521],[-3.9673394934238,50.3051420266496],[-3.97024317622784,50.3054204817247],[-3.97429463216935,50.3066480656264],[-3.9873857828244,50.3070628580335],[-3.99188256253344,50.3074932417634],[-4.00127401482416,50.3028142896299],[-4.00769969346955,50.3020857718826],[-4.01400287182827,50.3026412157615],[-4.0151154872115,50.3012445318708],[-4.01529897944601,50.3012237105421],[-4.01619822814996,50.3011218418112],[-4.01807892755671,50.2975240202088],[-4.02019024798243,50.2948729227629],[-4.02237665729005,50.2954289417495],[-4.02504782058791,50.2965554345598],[-4.03867012135073,50.2929256632986],[-4.03999758940087,50.2930814034977],[-4.04049314358371,50.2943857535975],[-4.04136044884167,50.2942487735967],[-4.04822217338018,50.2942954963591],[-4.05199911741462,50.2968252947176],[-4.05257619192189,50.2979275657904],[-4.05651832420481,50.296899068118],[-4.06016058031583,50.3005358131386],[-4.06543667463481,50.3017503974823],[-4.06659394879323,50.3024819166734],[-4.0666958280521,50.3024906908685],[-4.06687358355107,50.3024954597829],[-4.06915352441281,50.3026058478657],[-4.07541487772385,50.3040465687841],[-4.07238164492526,50.3089307276446],[-4.07113264984569,50.3092686126433],[-4.05696525005296,50.3103766437238],[-4.05334455239888,50.3095752602468],[-4.04867484259562,50.3129162111247],[-4.04043071406724,50.3103484977126],[-4.03192787108066,50.3142767895234],[-4.04459550940595,50.3124501253339],[-4.05320990376473,50.3150568777252],[-4.04304282179024,50.3239711426488],[-4.04634141470951,50.3248152447454],[-4.04262146091432,50.330041794459],[-4.04257795550682,50.330088335753],[-4.04228960736515,50.3303946049888],[-4.01573074793729,50.3410430183035],[-4.03642229936793,50.3391674460042],[-4.03839310889918,50.3373384563471],[-4.04152809616668,50.3344287155051],[-4.04548780285369,50.3307528960772],[-4.05105483266591,50.3348918926577],[-4.05144430061952,50.3386481609589],[-4.05828199678584,50.3380766271063],[-4.05259280513146,50.336732810777],[-4.04712175515696,50.3279026639849],[-4.04859763333981,50.3253000398197],[-4.05084497420226,50.3213364244086],[-4.0540271664762,50.3157228253786],[-4.05404273516962,50.315695357253],[-4.05647938449737,50.3113960116512],[-4.06935384670481,50.3122063978575],[-4.07029293779285,50.312540822209],[-4.07654317454629,50.3159354562052],[-4.07716100962182,50.3158228825912],[-4.07725030550895,50.3158657471715],[-4.07748322286684,50.3158085075091],[-4.07769954098808,50.3159078189246],[-4.07886856770632,50.3155949092598],[-4.08435723613187,50.3175672287069],[-4.08435233391507,50.3176244995175],[-4.08448800637731,50.3176127143561],[-4.08510602139707,50.3178144345272],[-4.09073349668497,50.3171228800861],[-4.1007193007866,50.3163603549546],[-4.10086250675212,50.316189011791],[-4.10161070692502,50.3161239009455],[-4.10213839934587,50.3157204344121],[-4.10742747280064,50.3150696345461],[-4.11293145601687,50.3193248045598],[-4.11899825525202,50.3193411666391],[-4.12219543096347,50.3255213863238],[-4.12142506628383,50.3284729089503],[-4.1195179958976,50.329484439595],[-4.11971775098319,50.330195630019],[-4.11947842035943,50.330366794525],[-4.11987714633272,50.3307631076188],[-4.12036959136891,50.3325162142277],[-4.11953405358888,50.3357165526791],[-4.12604210453144,50.3368896869373],[-4.12868068179387,50.3395112466115],[-4.12864672015452,50.340829506392],[-4.12378866069893,50.3461873377599],[-4.12302471849252,50.3467285067441],[-4.12328742896695,50.347675957132],[-4.12227008138582,50.3484835358551],[-4.12522152538004,50.3546497002053],[-4.1258705200411,50.3569892518692],[-4.1277031092448,50.3574618042736],[-4.12780302661111,50.3577007341248],[-4.13232982964417,50.3586546955483],[-4.13513906075098,50.3593788563808],[-4.1321628481493,50.3600030407351],[-4.12827575541082,50.3607228723475],[-4.12045984002592,50.3578551537863],[-4.11614757486108,50.3603773571587],[-4.11352920054849,50.3542010242666],[-4.10533168090595,50.356531956059],[-4.11244555794992,50.3594301082911],[-4.10883372242589,50.3665705279111],[-4.09804046572165,50.3668476188535],[-4.10815423313619,50.3678960100466],[-4.09930929764047,50.3797354906087],[-4.08610427661462,50.3857637983043],[-4.0839811291844,50.3867327659888],[-4.08871025100849,50.388192259618],[-4.10434638476243,50.3798387264713],[-4.11394702689305,50.3625256438109],[-4.12127481832648,50.3614379654368],[-4.13317010270242,50.3663958000721],[-4.13348879217379,50.3632852257509],[-4.13353787387532,50.3633422402986],[-4.1355117673458,50.3634466001422],[-4.14563496582127,50.3642535538206],[-4.14604771542203,50.3640030204263],[-4.14614273696721,50.3640080339973],[-4.15203554237284,50.3622851412136],[-4.15280127516363,50.3623087610854],[-4.15321278582862,50.3660275282133],[-4.16419355363583,50.3589393052992],[-4.16444005761312,50.3590236462871],[-4.16512825703311,50.361709419992],[-4.16259789319489,50.3635849517441],[-4.16618591244375,50.3666628929135],[-4.1664000337757,50.3664188234266],[-4.1665935932456,50.3665686938899],[-4.16845545393978,50.3641310851301],[-4.18540527182132,50.3671945431311],[-4.18224220362691,50.3692906601382],[-4.18469847716607,50.3689924658538],[-4.18148154490139,50.3771557205212],[-4.18229876068679,50.3777580027048],[-4.18223418000107,50.3779727485351],[-4.18594965048609,50.3823579894573],[-4.18428358601909,50.3843288726166],[-4.1872739965022,50.3839208378475],[-4.19260756105276,50.3902135166198],[-4.18182664280975,50.3956255924004],[-4.17970267338224,50.3966915842968],[-4.18294720335033,50.3962289937693],[-4.19427593815654,50.3921815140132],[-4.19468081622566,50.3926590727807],[-4.20004884276163,50.3949363026793],[-4.20280744967974,50.396364213666],[-4.20443893342749,50.398301704919],[-4.20365164364922,50.4005266920407],[-4.19958869018324,50.4028992459603],[-4.20054859511346,50.4079603180353],[-4.19507119428091,50.4191207551398],[-4.19234041838316,50.4246825653434],[-4.18623525684799,50.4237289377259],[-4.18579383654608,50.4236212061328],[-4.17586853058981,50.421976029068],[-4.1697131656479,50.4222205622685],[-4.16947293726425,50.4223695004218],[-4.17660675530472,50.4225693109434],[-4.17797661299792,50.423452744574],[-4.17804190550368,50.4234948514392],[-4.18101203441385,50.4254101389601],[-4.18658921916665,50.4245065990552],[-4.1898603488086,50.428453066212],[-4.17557401868624,50.4338004271753],[-4.16272974547275,50.4493801846293],[-4.15648898434074,50.4464936788213],[-4.16210147762183,50.4504316167202],[-4.15861425101386,50.4532734322129],[-4.15854659584806,50.4533285610592],[-4.15713833056691,50.453806218882],[-4.1571670859889,50.4544526276949],[-4.15459339044715,50.4565495711195],[-4.15693407360384,50.4618866775637],[-4.15734480350339,50.460289689102],[-4.15738450648872,50.4601353122944],[-4.15828444448082,50.456635847985],[-4.16411222371059,50.4564628206134],[-4.16959383246094,50.4519560925479],[-4.18509978859368,50.4342703500795],[-4.19075896891368,50.4353242095545],[-4.19132220860737,50.4408434738181],[-4.19897052201529,50.4455930657847],[-4.20046151860447,50.4535322165912],[-4.19586365921527,50.4537576331463],[-4.19492685684647,50.4501981889128],[-4.19373829824105,50.4550182968218],[-4.20146515534417,50.4544243611606],[-4.21570385781984,50.4682753719587],[-4.21807656112596,50.4679599041389],[-4.21820526014203,50.4680919116438],[-4.21919606648069,50.4678110396703],[-4.22461117634354,50.4670908093096],[-4.22950864814129,50.457122841625],[-4.23641170400937,50.4594062607853],[-4.23789521556027,50.4623611235773],[-4.23810546510444,50.4627798675281],[-4.23822910372406,50.4630261083623],[-4.23853010801417,50.4639329675133],[-4.21808228344994,50.4759428324674],[-4.21817074204152,50.4836125391265],[-4.22373968708182,50.489328498054],[-4.22086900895642,50.4980727101024],[-4.19935711625851,50.4923687556597],[-4.19439785882427,50.4940643147984],[-4.19492046041878,50.4985830598956],[-4.18253252059512,50.4999062160438],[-4.18050237603957,50.5033791448327],[-4.18575008289164,50.5083572372599],[-4.19405553445586,50.5028303917576],[-4.20279294386228,50.5031798317354],[-4.20184241144058,50.513213906122],[-4.20943806921584,50.5136005426361],[-4.20625096099035,50.5201478693457],[-4.212118438496,50.5288365819103],[-4.20730716340446,50.5335627469012],[-4.21450432944586,50.5345683445963],[-4.22555237506999,50.5297136300649],[-4.23229544654001,50.5310174759385],[-4.24092573736389,50.5423006384582],[-4.24789270182404,50.5439222172696],[-4.25357718559292,50.5435801709651],[-4.26350161634291,50.5360049361713],[-4.27152601890147,50.5365852102057],[-4.25928480604886,50.5459297934729],[-4.26376372866386,50.5573688781326],[-4.27951617184885,50.56917331755],[-4.277858685752,50.5747823830555],[-4.26972395203796,50.5789770360941],[-4.27151925425472,50.5825280583982],[-4.28600506407227,50.584662106574],[-4.28182802134782,50.577534446666],[-4.28547229389782,50.5749973510944],[-4.29306342861222,50.5842877424114],[-4.3080626090527,50.5789434723956],[-4.31217315489835,50.5894970917955],[-4.30631407341468,50.5947653888787],[-4.30845417979177,50.6026947826238],[-4.30342872427067,50.6115297363193],[-4.30749758503553,50.6200343461317],[-4.30010713996706,50.6334087829486],[-4.31154384409875,50.637441887551],[-4.32163294771947,50.6364775214646],[-4.32534930945396,50.6403369706332],[-4.33367692637179,50.6414380991313],[-4.33560461006356,50.6556923016477],[-4.34478517578899,50.6634076574453],[-4.34894085677183,50.6895382743175],[-4.35315429773705,50.6938613949702],[-4.36679519758594,50.6981100523615],[-4.36933353103027,50.7025454295847],[-4.36160277220743,50.7189457325904],[-4.36934529650398,50.7234734565776],[-4.3740478871714,50.7379190191142],[-4.38493345312615,50.7477183222609],[-4.38081778316028,50.7564878280252],[-4.38777716352987,50.7577148078937],[-4.38738638441147,50.7650587719629],[-4.38026584876094,50.7695583114224],[-4.39350581946564,50.7782483907275],[-4.41441872047874,50.774409788854],[-4.40884491393915,50.7624224977498],[-4.4237668801553,50.7645685570143],[-4.44580009277249,50.7764541327533],[-4.45090394172496,50.7857053351996],[-4.45627949665078,50.7836978359156],[-4.47310448453243,50.7849768786771],[-4.47769836174251,50.7900203936663],[-4.49350247972656,50.7929123724329],[-4.4899539919327,50.7963170322628],[-4.47444394964075,50.7973170454037],[-4.47460679631628,50.8017894516539],[-4.46341222227359,50.8017296166737],[-4.44687691064006,50.80827044975],[-4.43854722824567,50.8231525539619],[-4.44414459629064,50.8278330851512],[-4.43969138546484,50.8434602926021],[-4.44227019348634,50.8469572823151],[-4.43638263611157,50.8527089160394],[-4.43365690271078,50.8655134485195],[-4.42091962185563,50.8661972297272],[-4.44614504431577,50.8911009732891],[-4.45000075290824,50.9058436299955],[-4.45852627179142,50.9076223689228],[-4.46268435744898,50.9134984939749],[-4.45605810788073,50.9288692680265],[-4.47124993534224,50.9312684656498],[-4.51717826099072,50.926831929404],[-4.54589819133464,50.9286438418316],[-4.5450072931772,50.933040089179],[-4.55098139828808,50.9393243975109],[-4.54273022221444,50.9443416410781],[-4.54329028183251,50.947262652974],[-4.54274211491128,50.9493157850292],[-4.54385038354985,50.9501836469008],[-4.544138608568,50.9516863492083],[-4.54437649575559,50.9529266669222],[-4.53303122815012,50.9653767569397],[-4.53565303973062,50.9792023954338],[-4.53235587560153,50.9831406546703],[-4.53021141852671,50.9845258382346],[-4.53084067766036,50.9849502166997],[-4.52927285976728,50.9868224555225],[-4.53479011156143,50.9939191538031],[-4.53457237631282,50.9947687436835],[-4.53032419460022,50.9964618545876],[-4.533065034065,51.0006495409836],[-4.53293854080565,51.0011429863137],[-4.53007443820934,51.0051771645618],[-4.5348554724506,51.0085318254728],[-4.53404476057176,51.0090441525306],[-4.53396953556571,51.0090912040697],[-4.52686805499189,51.0119104158634],[-4.52604956486267,51.022188577529],[-4.51344688017754,51.0224675796811],[-4.50100635036426,51.0185819803321],[-4.49815842446708,51.0214122110127],[-4.46953976467023,51.0215772130431],[-4.44863458924474,51.0143615984423],[-4.42771993299643,51.0133330266866],[-4.40653282247569,51.0053757118901],[-4.39857327950648,51.0003371822514],[-4.39514809993004,50.997063569975],[-4.39324665740228,50.9964937351706],[-4.3906906540321,50.9945844050138],[-4.37495421036809,50.9901035458481],[-4.34527313220164,50.9888630076941],[-4.30858078886054,50.9963298755074],[-4.30358542731271,50.9973453543894],[-4.29065947344471,51.0086736448475],[-4.28845707211296,51.0102327141063],[-4.28830041342356,51.010740396302],[-4.28242812789442,51.0158840611173],[-4.28033023633335,51.0177213141109],[-4.28005699525484,51.0177993215205],[-4.27966236747735,51.0183061699362],[-4.25670096630533,51.038402418968],[-4.25422782130236,51.0387834639937],[-4.23882255322765,51.0411557095208],[-4.23542491099937,51.0444836799669],[-4.23111006714681,51.0531764590048],[-4.23100264703589,51.0533928282876],[-4.22520927411768,51.0630322228859],[-4.21692946830752,51.0650539996456],[-4.20888237612597,51.0618515167248],[-4.20854659627825,51.0615673355125],[-4.21448069455759,51.0572632804854],[-4.21035810392336,51.0519360721602],[-4.19763200439738,51.0579394091934],[-4.19054765515255,51.0548221309222],[-4.19488887965687,51.0408111809014],[-4.19967390707446,51.035629040121],[-4.20028752196649,51.03527457312],[-4.20027855132689,51.03497724951],[-4.20341361589876,51.0315974259449],[-4.20313358018708,51.0282202385158],[-4.20281246736752,51.0282175854225],[-4.20308287330425,51.0267959539832],[-4.20552163411528,51.0139709549712],[-4.20553347964275,51.0139086435304],[-4.20555824209647,51.0137783902411],[-4.20618859659379,51.0107491174255],[-4.20473913009298,51.0082532099373],[-4.20324450634273,51.0056919269315],[-4.19824615577891,51.0208527462745],[-4.19812341632349,51.0212249103027],[-4.19830289535715,51.03300503813],[-4.18743226076375,51.0388644205146],[-4.1796968396605,51.048536151936],[-4.18089737732268,51.0663060479724],[-4.17157269794158,51.0696851770005],[-4.16465658724894,51.0745532107364],[-4.15852662273152,51.0733598315745],[-4.16091248819274,51.0712858442072],[-4.15161516565146,51.0735305312195],[-4.15542588637109,51.0762752808612],[-4.15309472392381,51.0801837608328],[-4.13664511042798,51.07960376489],[-4.12966061234008,51.0793567901343],[-4.12328900041635,51.0791311192259],[-4.1232685065016,51.0789021301715],[-4.12316543129808,51.0786405498515],[-4.12300626765715,51.0784216363752],[-4.12309552473872,51.0777928974184],[-4.12312694457076,51.0774162960077],[-4.12301750146948,51.0772323616804],[-4.12286201453479,51.077099632726],[-4.12275752563136,51.0770556594726],[-4.12264651782868,51.0770075622864],[-4.12230230404396,51.0768223464949],[-4.12202788459041,51.0765647781976],[-4.12161586096368,51.0763442879963],[-4.1212611503221,51.0760795341783],[-4.12062970701596,51.0758230103093],[-4.12049529671709,51.0757267416711],[-4.11990860042424,51.0753776017586],[-4.11971808664658,51.0752567487387],[-4.11930000507807,51.0749888275218],[-4.11913459170802,51.0748913963121],[-4.11855468334951,51.0743848333556],[-4.1146516522746,51.073565699842],[-4.11497735797967,51.0737929565607],[-4.12230930793485,51.078907882922],[-4.11808054861955,51.0815675909329],[-4.11796490645174,51.089816833367],[-4.08591548987262,51.079360931342],[-4.08436475742364,51.0789688503415],[-4.08382900688832,51.0788333869427],[-4.08366517774414,51.078791962537],[-4.08246406151631,51.0784882480293],[-4.07568267687878,51.0767732004917],[-4.06907700718056,51.0781190655109],[-4.06501376566887,51.078950687116],[-4.05553983314216,51.0729373814592],[-4.05548168741086,51.0733530410148],[-4.05546716293612,51.0734568666478],[-4.05527347760362,51.0748413667865],[-4.05524280742578,51.0750606004082],[-4.06652024668567,51.081001272003],[-4.06655165563269,51.0810178140488],[-4.0668065919615,51.0811520773522],[-4.06221882868491,51.0828789521982],[-4.06192946225592,51.0826655492274],[-4.06154464326842,51.0837371611807],[-4.06100833393953,51.0852305484441],[-4.06181454248024,51.0836643765438],[-4.07579948883164,51.0798918491721],[-4.08942658540434,51.0859561236189],[-4.09251752458665,51.0865373446501],[-4.10806864854879,51.0937172385352],[-4.11869052025032,51.0945378527364],[-4.12880129732911,51.0933350844854],[-4.13397078379253,51.085787831017],[-4.16375973043911,51.0839052103845],[-4.16887730353271,51.0875040439658],[-4.16761074706819,51.0933460288272],[-4.16799443480172,51.092647761003],[-4.16800686926895,51.0926002307203],[-4.1705774722843,51.0877301873772],[-4.1706495168883,51.0875936818213],[-4.17084474974595,51.0872237648034],[-4.16695114685324,51.0805786866474],[-4.17988720973991,51.0776718944903],[-4.18059267307638,51.0775133220702],[-4.18187079899404,51.0772260144726],[-4.19199286479,51.0694008671428],[-4.19054714501017,51.0648753117146],[-4.2158378861734,51.0757223785872],[-4.22286221471268,51.0895121920356],[-4.22255989135025,51.1177960158717],[-4.2348158680095,51.1194802729302],[-4.23991527306207,51.1209550752071],[-4.24256155513884,51.1235907521004],[-4.23923588337496,51.1333362473748],[-4.24939007676999,51.1376109752277],[-4.25944208727195,51.1418410456419],[-4.2615052137043,51.1429805904911],[-4.2573813040952,51.1457946500651],[-4.25571956725509,51.1469061059309],[-4.25294961760936,51.1467189038453],[-4.22484443448553,51.1442173228497],[-4.21996352926971,51.1466979402868],[-4.21755809807019,51.1527749142215],[-4.20973463078902,51.1725288780511],[-4.2145544134086,51.1764380157885],[-4.21148668512727,51.1781688577168],[-4.21429276339195,51.1823840924676],[-4.2305319688265,51.187879777925],[-4.21155811319808,51.1901514277201],[-4.20157772191112,51.2003458885785],[-4.19866427348392,51.200093174746],[-4.19347611031583,51.198941827424],[-4.19337262208908,51.1989188587476],[-4.19311570526633,51.1988618363108],[-4.18397353469255,51.1998478597336],[-4.18365010293956,51.1998562623783],[-4.17760181983893,51.1974107226949],[-4.17725096802047,51.1975840988129],[-4.17721317277521,51.1974506544412],[-4.17586193286007,51.1982704793008],[-4.1676508670359,51.2023271631544],[-4.15730289154795,51.203342248949],[-4.14609473473036,51.2040575175681],[-4.14577209863183,51.2044676763531],[-4.14567824528523,51.2045869883554],[-4.14497538766406,51.2054804805756],[-4.13957086477793,51.2077468042256],[-4.1217006065391,51.2104221599905],[-4.12167946607167,51.2119055297326],[-4.11386437032436,51.2117713265002],[-4.11160221102323,51.2115213847083],[-4.11569683212426,51.2098879214861],[-4.11154460134533,51.209479998183],[-4.10315016287168,51.2134084830333],[-4.09970705531429,51.2120013841189],[-4.09808962691971,51.2108841283625],[-4.09774083392917,51.2111977613241],[-4.09700779557702,51.2108981426491],[-4.08811792350737,51.2174541675175],[-4.08339391518714,51.2158746801613],[-4.0816780236924,51.2170191306243],[-4.07804433116561,51.2161456525997],[-4.07747240877859,51.2156229350084],[-4.07714142141747,51.2153204171517],[-4.07017766423375,51.2141668627879],[-4.07060170030614,51.2147880749968],[-4.06927158244498,51.2145614863083],[-4.07082611006949,51.2151168281019],[-4.07237710987788,51.2173888447732],[-4.05080058517891,51.2074557291144],[-4.04198867540649,51.2069036184514],[-4.04155801384534,51.2068766184072],[-4.0386720186143,51.2066956373715],[-4.0405099284677,51.2089206052237],[-4.0383915879361,51.2101848948541],[-4.03189015601996,51.2105324011289],[-4.02866609262895,51.2159879907169],[-4.02842167965041,51.2161338003965],[-4.02795187358615,51.216400378509],[-4.01340996179214,51.2175996694018],[-4.00600447283674,51.2179706287904],[-3.96710039720404,51.2199117546335],[-3.96697015302236,51.2199272072667],[-3.96674667408607,51.2199383517624],[-3.95823254769538,51.2192154565689],[-3.95487741856308,51.2205296146813],[-3.95432955593272,51.2205568769209],[-3.95218990119033,51.221466687383],[-3.94821665647383,51.2218782533108],[-3.94522385723794,51.224309830664],[-3.92565921457186,51.231966791402],[-3.90365754027049,51.2296873372778],[-3.89197907284282,51.2238100891877],[-3.88702289515785,51.2262979533471],[-3.87754609317279,51.2286482018614],[-3.87205311217013,51.2274399526008],[-3.87181761796522,51.2300683786947],[-3.86762618115311,51.2311072682371],[-3.86150411553578,51.2307324138604],[-3.84692354365194,51.2349227347259],[-3.84372845142965,51.2346872669748],[-3.83007555180771,51.230387300421],[-3.8275777149849,51.2327042099051],[-3.80855444773817,51.2318126214857],[-3.78542444693296,51.2463935825163],[-3.7697535302731,51.2376665630275],[-3.72078078923314,51.2330918825361],[-3.72056674110206,51.2330694040848],[-3.73320145474866,51.2227250864324],[-3.7287371140891,51.2188513930037],[-3.73157282093108,51.215131353651],[-3.72621098405804,51.1994233724695],[-3.73208733236577,51.1909693855851],[-3.72565009581568,51.1859410848318],[-3.72498384870458,51.1795920337587],[-3.78630340027577,51.1719269501465],[-3.80626749922955,51.1778734200292],[-3.83917573483001,51.1769233022249],[-3.8320689282616,51.1511859090905],[-3.83449119288474,51.1383810415219],[-3.80428891140815,51.1156853568168],[-3.76739543614367,51.1057835558798],[-3.71995488296215,51.0808147337714],[-3.69240743326007,51.0805923912008],[-3.68242144217079,51.0733308835998],[-3.65025702394503,51.0640921420678],[-3.6523097848221,51.0595867369224],[-3.6467092652151,51.0580591753298],[-3.63530166466419,51.0563013477208],[-3.62440421928975,51.0612459783581],[-3.6130528372129,51.056107007204],[-3.61032963661446,51.05794678498],[-3.59447124326477,51.0551947141934],[-3.60033011767926,51.0506426212425],[-3.59816872166412,51.0369716342248],[-3.61465455210104,51.0154904268309],[-3.60966105060371,51.0079340465155],[-3.53504949956946,51.0033472152904],[-3.52734087639388,51.0056812406287],[-3.51890198663183,51.0147930370187],[-3.5204283343639,51.0258710068001],[-3.50426782545075,51.0301128151969],[-3.48336549792147,51.0338314029168],[-3.46019394250285,51.0252167366231],[-3.42130416123563,51.0307780046776],[-3.41508396924572,51.0272512762973],[-3.41417370880269,51.0197028108423],[-3.38048793694407,51.0184858763744],[-3.38342765870056,50.9945369850422],[-3.37866352429782,50.9775084893334],[-3.33367000564237,50.982788272096],[-3.29384731211607,50.9551386256805],[-3.25483049072797,50.9418455912902],[-3.21834615880698,50.943280837605],[-3.18870584927574,50.9485792445696],[-3.16647895422341,50.9477136817185],[-3.16394555827456,50.9459723695763],[-3.17249883777542,50.9357132875236],[-3.1725048103496,50.9255927063299],[-3.18028093497901,50.9228899958657],[-3.18787092123651,50.9104207651772],[-3.17049854722471,50.9075827570575],[-3.17043392059443,50.9003521580817],[-3.15609623209645,50.9000615270398],[-3.14791852331859,50.891784358042],[-3.13963474225914,50.8914486341585],[-3.1263411764133,50.9017177894047],[-3.12207800124341,50.89814095225],[-3.10342451680454,50.9041262183752],[-3.0522950289913,50.9085179115785],[-3.05476597796223,50.8745467255133],[-3.04373264837975,50.868104419122],[-3.03844232292756,50.8683152275191],[-3.03263148512032,50.8616392313293],[-3.03680615574342,50.8510651695888],[-3.01144113748615,50.857232901278],[-2.99850412891891,50.8509859620313],[-2.99417085424547,50.8551977479469],[-2.97358099705819,50.8557123398856],[-2.97465190789884,50.8523526465561],[-2.96802281693374,50.8512979819121],[-2.97248739209324,50.8460376377885],[-2.96982680948955,50.8341804873204],[-2.95432120333644,50.8211725080072],[-2.96130304531907,50.8155550109983],[-2.94796081098713,50.8154258161925],[-2.93840179197636,50.8098349172847],[-2.91855605451238,50.8056307182679],[-2.89277066149403,50.8047582309832],[-2.88664413054623,50.7948073310434],[-2.89778597305707,50.7860308921877],[-2.9320059339921,50.781839082447],[-2.9543772882148,50.7677054339658],[-2.95603865434338,50.7636422056275],[-2.93506331699497,50.7542660040005],[-2.94055021517102,50.7498627155203],[-2.93778282186793,50.7440519459342],[-2.95301393801806,50.7283751230576],[-2.94739597248986,50.7182874283825],[-2.94776118613026,50.7182646696291],[-2.98360945799245,50.7046641340565],[-2.98534506950637,50.704722117921],[-2.99514738560341,50.7054656284037],[-2.99909598514356,50.7037435256962],[-3.01170567309655,50.6997837239699],[-3.02016595465206,50.6987267552323],[-3.03215676398428,50.6999206242532],[-3.05777848414489,50.7040556302333],[-3.05485361776791,50.7025213706874],[-3.0608708761235,50.7030363091171],[-3.06326027342114,50.7029418186819],[-3.06387948870353,50.7030023473683],[-3.06613101940028,50.7028282278653],[-3.06676583170489,50.7028030996347],[-3.07272353761813,50.7028285413972],[-3.07505045138695,50.7024685609245],[-3.07987491497486,50.702273472277],[-3.08065925695471,50.701703635835],[-3.0814167599153,50.7016449490418],[-3.08174933235794,50.7014319332208],[-3.08243889256569,50.7013252015806],[-3.0890114966555,50.6969735355881],[-3.09235393295658,50.6955823031904],[-3.0952923636456,50.6871500901892],[-3.09612843313564,50.6852228368071],[-3.09793232804021,50.6852179999991],[-3.12457890204981,50.6867179714613],[-3.1724483423445,50.6849879720327],[-3.18477539107325,50.6849444170012],[-3.18922491704415,50.6843769883008],[-3.19118059592989,50.6843056072229],[-3.19540878626404,50.6835880831284],[-3.23380486223201,50.6786817924935],[-3.23404043670757,50.6786516483243],[-3.26164378014492,50.6719159067143],[-3.26183126617225,50.6718701166243],[-3.26405066994604,50.6700717610104],[-3.2652223646018,50.669643637108],[-3.26582358914243,50.6686350583516],[-3.27033583543943,50.6649780042036],[-3.279807902862,50.6582519103133],[-3.28062461210111,50.6566364656098],[-3.2846876570971,50.6533413244886],[-3.28883300115179,50.6409025606405],[-3.30609307434285,50.6294830057365],[-3.3062849393809,50.6298765842142],[-3.3074206733532,50.6314691423261],[-3.30871606246466,50.6334583489519],[-3.30934059518567,50.6343560253123],[-3.30979355425881,50.6350404680704],[-3.30820694727134,50.6310628303699],[-3.31198629427716,50.6309016258572],[-3.30698493649884,50.6295728329215],[-3.32240508584952,50.6284023947347],[-3.34045408220583,50.6228020261385],[-3.34799247053395,50.6206252698467],[-3.34883934959877,50.6202063495371],[-3.3492127403347,50.6200945648825],[-3.35861904998313,50.6153677068402],[-3.35858180936661,50.6151241228516],[-3.35922218228781,50.6147853079662],[-3.35912700396444,50.6117634647899],[-3.35900073527389,50.6077537812838],[-3.35990634634838,50.6072685454435],[-3.36597508969369,50.6098804212757],[-3.38546274663834,50.6067211442036],[-3.40295509169516,50.6112442982644],[-3.41219488466047,50.6136349781212],[-3.41429014197776,50.6142717835049],[-3.4147979115103,50.6144546351449],[-3.42553699255929,50.6183209875869],[-3.41661505707977,50.6215385338783],[-3.41592274149271,50.6291137349067],[-3.41564526103429,50.6291668109279],[-3.41552353439034,50.6291895373453],[-3.41582982807171,50.6293985333519],[-3.4158686206767,50.6294222836171],[-3.41588096837471,50.629570737294],[-3.42259591051976,50.6381777117195],[-3.42311926586393,50.638848375059],[-3.43279393149388,50.6461007147865],[-3.45150047954659,50.6790203027309],[-3.45150962937501,50.6792437912469],[-3.45155514431331,50.6803554710421],[-3.45115581826244,50.6817054432297],[-3.45111136570619,50.6820540264393],[-3.45163256271536,50.6822461892591],[-3.45164405197376,50.6825267683805],[-3.45178235730903,50.6823014166156],[-3.45182805717153,50.6822269539408],[-3.454923123492,50.6771832942954],[-3.45728483496252,50.6755385020196],[-3.479888890768,50.6907770976133],[-3.48387999881274,50.6905104837873],[-3.48102961375026,50.6895494039406],[-3.47762666989849,50.685013684319],[-3.47700749172681,50.6841882859853],[-3.4698515445237,50.682232862063],[-3.46809483539148,50.6639517609695],[-3.46449716795771,50.6615379877433],[-3.46443567286653,50.6614967260744],[-3.46469055027262,50.6607082271472],[-3.46280977756326,50.6604057469466],[-3.45641499096321,50.6561141143155],[-3.45248266616186,50.642473983551],[-3.45243062819601,50.6422934259295],[-3.44691286774567,50.6170833295658],[-3.44690016543489,50.6170226038278],[-3.44558260937034,50.6107231393136],[-3.44455923624,50.605828906409],[-3.44454426204058,50.6057572807273],[-3.44367293738485,50.6015892897599],[-3.42841174096642,50.6080603918914]]]]},"properties":{"FID":75,"SICBL26CD":"E38000230","SICBL26NM":"NHS Devon ICB - 15N","ICB26CD":"E54000037","ICB26NM":"NHS Devon Integrated Care Board","BNG_E":283157,"BNG_N":93087,"LONG":-3.656785,"LAT":50.72561,"GlobalID":"41bdd08e-26d0-4567-932f-19c984c05704"}},{"type":"Feature","id":76,"geometry":{"type":"Polygon","coordinates":[[[-1.68268874667124,51.6900524087552],[-1.69651810540981,51.6821165647467],[-1.70025206883903,51.6719107252933],[-1.69060625808145,51.6637436948673],[-1.68849515087717,51.656788080725],[-1.6919381204604,51.6521646297895],[-1.68622579154817,51.6523508434728],[-1.67562201219316,51.6413978356324],[-1.6631692814205,51.6398598735025],[-1.65475838825384,51.6298451237621],[-1.61549431939818,51.6319346466045],[-1.61392459013877,51.6284629744767],[-1.60877512825021,51.6298730716087],[-1.59426050522186,51.624419711082],[-1.5855777124138,51.6139162000545],[-1.60558419296715,51.5981579395674],[-1.61993642929761,51.59332272798],[-1.62248257674338,51.5961636743479],[-1.6311423728585,51.5933278499926],[-1.63749112374194,51.5982866654684],[-1.64096472781307,51.5975744532142],[-1.63789152491638,51.5838688045293],[-1.65021051300579,51.580532787013],[-1.64644944889564,51.5769159772232],[-1.65137023132913,51.5739053170254],[-1.63407051832875,51.5532565778595],[-1.61374997554821,51.5365102681243],[-1.6028117485292,51.5182953603601],[-1.58470826231602,51.5249119124244],[-1.58806425483303,51.5135035534695],[-1.58229092609118,51.4941117868874],[-1.57044967161135,51.486273236658],[-1.55862382006866,51.4687856450224],[-1.54541874942805,51.4588343208287],[-1.52902858992877,51.4555118012269],[-1.52399097681132,51.4474805773214],[-1.53206207415033,51.429555808817],[-1.52661816195295,51.4239310705276],[-1.53906171297559,51.4261511162886],[-1.55311274984123,51.4212761985739],[-1.56511890657083,51.4220435267248],[-1.57105266987837,51.4155776053927],[-1.56349136993381,51.4132288781294],[-1.56227505452756,51.4082373573129],[-1.55298779922846,51.4100439652383],[-1.55560298084995,51.395584139726],[-1.53771752370096,51.388322408755],[-1.53833166632191,51.385537366682],[-1.52763453369158,51.3788209981109],[-1.5169604356226,51.3787802811689],[-1.51340517948011,51.3720450134655],[-1.49544911761768,51.3696644854892],[-1.50060851045364,51.3562679430948],[-1.48571136730651,51.3476827686126],[-1.49829885036546,51.3293760766964],[-1.51628049186538,51.3393547250172],[-1.52750786273894,51.3384660653655],[-1.53356207955795,51.3162235434592],[-1.5252248964877,51.3070669105504],[-1.52802309727671,51.2998083491264],[-1.51951130706001,51.2959385637172],[-1.52414669520065,51.2931609598115],[-1.52280729598151,51.2870579700254],[-1.53451109245167,51.2870914194999],[-1.54258374863058,51.281250684981],[-1.53591653962971,51.2773039786103],[-1.54051268456011,51.2608335399899],[-1.53056974476514,51.2626167237084],[-1.52982241058346,51.2605139209971],[-1.53603477893693,51.2485291991742],[-1.5451608713159,51.2450986693369],[-1.57763630798082,51.2556301542192],[-1.60018641720582,51.253524347516],[-1.60072095185647,51.2507163999096],[-1.60742312898351,51.252765389559],[-1.61039323117231,51.2429796895521],[-1.61933538267959,51.2412178855629],[-1.63354063010464,51.2175159145213],[-1.6534963005587,51.2204676127786],[-1.68969474328125,51.2148276134391],[-1.69409698966064,51.204043301937],[-1.66883543863218,51.1907722996655],[-1.67236759276956,51.1785439426774],[-1.65404438646036,51.1562825610955],[-1.66297541753666,51.1271920230132],[-1.6405810971806,51.1253822054583],[-1.62625147307452,51.1173377639108],[-1.63093088275459,51.1111529588259],[-1.62695633969733,51.1028642004975],[-1.63731187057226,51.0921658774696],[-1.62773717620405,51.0781392624424],[-1.63496034844284,51.0408866300955],[-1.63237581135369,51.0327796974209],[-1.61945702081306,51.0330594771847],[-1.59939683295075,51.0237293682532],[-1.60536898579667,51.0172583997594],[-1.59752367874703,51.0080554301351],[-1.60501473250228,51.0070056209939],[-1.60908841515865,51.0098131426995],[-1.61493015613206,51.0066564299271],[-1.60607801570571,51.0018978367841],[-1.61723115200944,51.0041820787706],[-1.62888488363723,50.9990317815415],[-1.62519572025894,50.9903256551112],[-1.61895382888407,50.9873660442971],[-1.61964407398524,50.9829965455647],[-1.61441861779069,50.9794947781955],[-1.60292294631275,50.9785171317712],[-1.62340097704731,50.954637315601],[-1.63496506045519,50.9592421729521],[-1.64637699765787,50.9494648976436],[-1.66166003301531,50.9452779160145],[-1.68941378284881,50.9546959720155],[-1.71961752400923,50.9767790175122],[-1.75440161532507,50.9778920897175],[-1.75431983895312,50.9804475610111],[-1.80031411407656,50.9913947863236],[-1.80758337692642,50.9920460682329],[-1.81542167169788,50.9859226720779],[-1.83581318807285,51.0094221620556],[-1.85338098010662,51.004678990268],[-1.87398367901535,50.9844410622644],[-1.87448159369698,51.0063305873651],[-1.88674102554119,50.9995282206603],[-1.92787705336498,50.9976964114644],[-1.94993577339151,50.9823106148921],[-1.95682095768327,50.9898299189262],[-1.96535811747866,50.9920368809807],[-1.98520971490847,50.9847555531892],[-1.99403637042289,50.9757279584474],[-2.03655892103686,50.9721769185967],[-2.04122539965529,50.9680676587733],[-2.05832737101998,50.9636433333337],[-2.06831265882686,50.9511940229572],[-2.08297458144823,50.9513184915499],[-2.10179231843534,50.9449855534827],[-2.12067080277636,50.9615395071855],[-2.12315686151174,50.9694681672833],[-2.11976433325727,50.9781906270605],[-2.14814701166282,50.9862782785004],[-2.17256519720774,51.001073191228],[-2.17810138419553,51.0082607831446],[-2.17638825520453,51.0128179536201],[-2.1886046081334,51.0185325547192],[-2.19320931379498,51.0377120056674],[-2.20532285836941,51.0427938268215],[-2.24227374056426,51.0711779171814],[-2.26862016129448,51.0687408722958],[-2.29126950706568,51.0770754747598],[-2.32585267619138,51.07967546872],[-2.32914034657804,51.0852585230351],[-2.34705160560957,51.0882355640094],[-2.36086956362849,51.0990175342703],[-2.360777275324,51.1088381319886],[-2.36288330132267,51.1157752302442],[-2.36559665956594,51.1151275298334],[-2.36384610139529,51.1194134882725],[-2.34453902149982,51.1246781419796],[-2.3458587524971,51.1333687821079],[-2.33224472170725,51.13789432926],[-2.33171212383209,51.1457271277966],[-2.31012245004371,51.1683996817015],[-2.298464669074,51.1753224091972],[-2.28453286652621,51.1973480480982],[-2.26666400250576,51.2155337014629],[-2.26976091303551,51.2189528063158],[-2.26078891957202,51.2391209038802],[-2.24534118167187,51.2538760994277],[-2.24958342431107,51.2589660075816],[-2.24443051885472,51.2631191117948],[-2.24509266157374,51.2722785849155],[-2.25349727214321,51.2898347768264],[-2.2652867706792,51.2928586903863],[-2.26525297948032,51.2962199934102],[-2.28068009156277,51.2934628872533],[-2.27676526460277,51.3039973579714],[-2.2850678106993,51.3094560598221],[-2.27195461272396,51.3142540779439],[-2.27493764245597,51.3250345225153],[-2.28909095184753,51.3252720194348],[-2.32481837055511,51.3135595442059],[-2.33252113078426,51.3084434016589],[-2.34160445047929,51.3096948956925],[-2.36863771956805,51.3011137626861],[-2.38157490116737,51.3000849375876],[-2.38718064101229,51.2946434653987],[-2.40091760887889,51.3048001749352],[-2.42009483007173,51.2968377547005],[-2.41739021053084,51.2921339373168],[-2.42205487872903,51.2875014827523],[-2.43904718043783,51.2851856314383],[-2.44601534033532,51.2808362175925],[-2.44431134799252,51.2774114264116],[-2.45250991827079,51.2770249775417],[-2.4517227723753,51.2742514115103],[-2.47379240832121,51.2779866016309],[-2.47800142155625,51.2730969233661],[-2.50635609685307,51.2789907709927],[-2.49697117059435,51.2863018985487],[-2.49722112360968,51.2908408589096],[-2.52800359679818,51.2931608504915],[-2.55001238199214,51.3005159026156],[-2.55416437488673,51.2986862757668],[-2.55280335974437,51.3013174281308],[-2.55782391328233,51.3026613820752],[-2.58228198435409,51.2919299505525],[-2.59546629362269,51.296186305388],[-2.59487768860416,51.2923586036778],[-2.600337613043,51.2889873985321],[-2.61237507851297,51.2842556779218],[-2.61845241488793,51.2862253430161],[-2.62749339201267,51.2828708576016],[-2.63829476481036,51.2882778974393],[-2.63869862958917,51.2948228075193],[-2.6599907016882,51.3025925821173],[-2.66679470799565,51.3024451444677],[-2.6624847060716,51.3065599851709],[-2.66770881449763,51.309950071488],[-2.69487946603266,51.3180940609698],[-2.68718189057527,51.3303577278304],[-2.70789228211503,51.3378032016183],[-2.70405487071036,51.3435237304393],[-2.69487333374964,51.3443778702077],[-2.69050480681165,51.3495212292259],[-2.690877047132,51.3568472216374],[-2.69669340499942,51.3624371408034],[-2.69419390311755,51.3798565723742],[-2.68955855533016,51.3801504230481],[-2.67970324155847,51.3601245424907],[-2.66875136070168,51.3607837190078],[-2.67311366430168,51.3538385922042],[-2.67797893288775,51.3535461143834],[-2.67654530102701,51.3475892268458],[-2.67099392817054,51.3465810280589],[-2.67415955001701,51.3434738610319],[-2.67696239272725,51.3456885345746],[-2.67652533015993,51.3419622393995],[-2.65516591197714,51.3425925448064],[-2.65117751616028,51.3450435872602],[-2.64988054710096,51.3689476850992],[-2.64440517387978,51.3751334646951],[-2.63960833778109,51.3756699726142],[-2.63862660111468,51.3732450611626],[-2.63002338418031,51.3752130075205],[-2.63475699975146,51.3779030630179],[-2.62732752283915,51.3805227758806],[-2.63179125244819,51.3832503611691],[-2.62695344225043,51.3871339661404],[-2.61890645685924,51.3814760408638],[-2.61246071506429,51.3817653307971],[-2.62270431260103,51.3894093295709],[-2.61498335427981,51.3913158346366],[-2.61450574698075,51.3887288013297],[-2.60777821616981,51.3907913620881],[-2.60311587592841,51.3888242061438],[-2.60336150424276,51.3939537630385],[-2.58807964026148,51.3948507714377],[-2.59025669272491,51.3979518449055],[-2.58439770082908,51.4004253695249],[-2.57075413006966,51.3993691936098],[-2.56087465513812,51.411721270753],[-2.54334499360221,51.4074084357767],[-2.53600709695586,51.4111368343572],[-2.53131151018833,51.4233087970906],[-2.52303409479822,51.4256301230795],[-2.52629088361868,51.434776927348],[-2.50899815234824,51.4285304689541],[-2.50818113104046,51.4246701934591],[-2.49169969783603,51.429028990075],[-2.48843869191535,51.4260569652262],[-2.49272577797026,51.4181522719188],[-2.48095535481891,51.42157849708],[-2.4694517856533,51.4159017932448],[-2.44342827311641,51.4183357534144],[-2.44400663514519,51.4225693456199],[-2.4111969396001,51.4260754657633],[-2.40309927440151,51.4315948774659],[-2.37725378989521,51.4328308344607],[-2.36721919756712,51.437053825156],[-2.35766994508923,51.4358380187132],[-2.3432897293405,51.4395335268588],[-2.32502260238114,51.4369841071077],[-2.31384427912875,51.4289038106272],[-2.31261576780049,51.4224461287171],[-2.29461575437616,51.4288015722585],[-2.28512589393783,51.4578439754507],[-2.29574287464762,51.4585900880604],[-2.2888509097682,51.4781495715334],[-2.29046616632729,51.4866510506917],[-2.31142302135479,51.4873731692298],[-2.32432425430891,51.4975094986058],[-2.29745277530013,51.506214380646],[-2.29638468759781,51.5097456126868],[-2.27985494080835,51.5161685062716],[-2.25580935762765,51.5220779875696],[-2.25238836163448,51.5268735727143],[-2.26650216368904,51.5362615491813],[-2.26172180606917,51.5447409511227],[-2.26836858904703,51.5496921710655],[-2.26862343223479,51.5597086324544],[-2.26029948743392,51.569900844545],[-2.27384949030333,51.5723821201987],[-2.27255902183166,51.5775902726154],[-2.26745318080303,51.5827173877134],[-2.24511645637709,51.581409461525],[-2.24186693665079,51.592107130758],[-2.22294424406647,51.5961100811289],[-2.20742705011359,51.603401213896],[-2.20655240184075,51.5959495090013],[-2.19244278562272,51.5958133413722],[-2.19001232497619,51.5925031631634],[-2.17949178452832,51.6000458376788],[-2.17471756015499,51.5961658843882],[-2.15253780143152,51.5903416322025],[-2.05717356515272,51.6724429030313],[-2.01559227767487,51.6505155128343],[-2.0032104886556,51.6489784696476],[-1.99530740625247,51.6513636020087],[-1.98477741926262,51.6431842465594],[-1.97647738533774,51.6433475217391],[-1.9773269764275,51.6380911304449],[-1.96874098303409,51.6399596053906],[-1.95221448025587,51.6368296034334],[-1.96305701318521,51.6586564275491],[-1.95788699678264,51.6596813135626],[-1.95223895812675,51.6678170720338],[-1.94205908930723,51.670416731057],[-1.92091611524483,51.6572515811778],[-1.90390245392638,51.6560279849882],[-1.88839735072467,51.6488587645486],[-1.87660758840174,51.6515903767733],[-1.88735196160773,51.6600818452276],[-1.89901311283233,51.6796864938456],[-1.89329016844742,51.6769383365235],[-1.8738835507055,51.6825898273853],[-1.85048412302114,51.6562848403888],[-1.84022789381909,51.656204725192],[-1.81585070827641,51.6630447817893],[-1.81827057296701,51.6711474522794],[-1.82317073936893,51.6734842995118],[-1.81247169574242,51.6859999223659],[-1.8193661560759,51.6942608707729],[-1.81848824398582,51.7023097168137],[-1.81194311960852,51.7031454867041],[-1.80749340201522,51.6991543711251],[-1.81117290873028,51.6974817015458],[-1.78914004263978,51.6673616370266],[-1.77692647920342,51.669379152511],[-1.77027545300921,51.6679695003167],[-1.76608577860056,51.6626394580483],[-1.7491752650434,51.6629752409034],[-1.73921251439678,51.6674258630551],[-1.72755354378316,51.6672097704154],[-1.7111246178112,51.6717501839403],[-1.70966035673058,51.68165678477],[-1.6968306375577,51.6920419196649],[-1.68268874667124,51.6900524087552]]]},"properties":{"FID":76,"SICBL26CD":"E38000231","SICBL26NM":"NHS Bath and North East Somerset, Swindon and Wiltshire ICB - 92G","ICB26CD":"E54000040","ICB26NM":"NHS Bath and North East Somerset, Swindon and Wiltshire Integrated Care Board","BNG_E":393349,"BNG_N":154962,"LONG":-2.096764,"LAT":51.29374,"GlobalID":"fea04102-e366-445a-9bc0-9178acc1cf4a"}},{"type":"Feature","id":77,"geometry":{"type":"Polygon","coordinates":[[[-1.72721680909151,53.9101967038414],[-1.73207346574978,53.8958960127577],[-1.71711107668084,53.8922298743045],[-1.72675322709273,53.8882079278725],[-1.72545837807521,53.8856829995555],[-1.75643558634725,53.8846630963232],[-1.76730152549598,53.8902160748589],[-1.77952673225437,53.891191513955],[-1.77667969208275,53.8938520346977],[-1.78746532733347,53.8969003438273],[-1.79496283529613,53.8946276498512],[-1.80036216881078,53.88591433792],[-1.79465163005721,53.8805198130317],[-1.77872441377653,53.8785962731881],[-1.77825156481671,53.8718803475261],[-1.76051986736097,53.8636342073954],[-1.75348781051825,53.86742439842],[-1.74468436295367,53.8657334402146],[-1.74441950567349,53.8632783863195],[-1.71518749437942,53.8662360119701],[-1.70217229773026,53.8605872480164],[-1.70206471156456,53.857854744356],[-1.69509213174092,53.8575378710244],[-1.69302795807864,53.8529255179649],[-1.70374861524829,53.8422973382387],[-1.70666639783285,53.8286698879703],[-1.70831789518394,53.8099719442423],[-1.70661529916261,53.8040806882372],[-1.70128208859434,53.8022609808539],[-1.71116324760134,53.7916099271639],[-1.70733332384052,53.7877063273684],[-1.71207752868817,53.7830923155126],[-1.68237789669056,53.786453844674],[-1.67418439369069,53.7799856941803],[-1.64037167572715,53.7795847702701],[-1.64075372927162,53.7737543691765],[-1.64956732370603,53.7682090888844],[-1.66284227392463,53.7667492348396],[-1.6816816477967,53.7564943652329],[-1.70475226937657,53.764850685038],[-1.7143966850605,53.7624480916087],[-1.73376150651125,53.7469219782134],[-1.74734077027326,53.7467902599878],[-1.74594431313942,53.7344670682803],[-1.76098814051935,53.7345475327823],[-1.770086323045,53.7262524171252],[-1.77373354824695,53.7243475339319],[-1.77947436525063,53.7296438245959],[-1.77977033432411,53.7377552179476],[-1.79463719008441,53.7458996807715],[-1.7945981329668,53.753050429641],[-1.80099958341741,53.7549073925758],[-1.80949832285495,53.7643324166443],[-1.82785027270159,53.7637002711013],[-1.84021774599277,53.7556408967475],[-1.85299006339145,53.752425989838],[-1.85544568263978,53.7483260114245],[-1.85635826727081,53.7511411951617],[-1.87257168493799,53.7548260157508],[-1.86939196771813,53.7597273778534],[-1.87340303216938,53.7786904193177],[-1.91462837926769,53.7815877650986],[-1.92817171647852,53.7875769260328],[-1.95971612675423,53.7842706107619],[-1.9808488763232,53.7863528575963],[-1.98676524422126,53.7961504028538],[-2.00965815317622,53.8071015610392],[-2.03161714671447,53.8091031299974],[-2.03693238264148,53.8145561323385],[-2.06125054275331,53.8256354271531],[-2.04692486500578,53.8295103187116],[-2.04613123426088,53.8501417062834],[-2.07484954547751,53.8623671795219],[-2.08119133162645,53.8699714526493],[-2.08991503020994,53.868182085264],[-2.08251173061815,53.8776426408425],[-2.10301902284851,53.8909414292064],[-2.11317600325158,53.9046114654552],[-2.10746731360746,53.9080424856852],[-2.11334598357663,53.9156269822769],[-2.12175821180882,53.9173309146469],[-2.12435029041973,53.9232006563581],[-2.13997781843913,53.9283254075072],[-2.14179851624694,53.9256745879524],[-2.14943301938037,53.9260281615435],[-2.15171623590603,53.9294841190776],[-2.16287669194198,53.9272699625026],[-2.16412015993123,53.9346353662441],[-2.17167933247296,53.9376884662584],[-2.17594508457988,53.9342601898503],[-2.18392284155645,53.9366198635435],[-2.18396480080202,53.945115240087],[-2.17946868970694,53.9459854045506],[-2.19179725248671,53.9586820073716],[-2.19601957652622,53.9695762084359],[-2.2006353321291,53.9701264062411],[-2.20963910817202,53.9628990023404],[-2.21442000906803,53.9650990759005],[-2.22573632770186,53.9610994922786],[-2.22594790757528,53.9672536345437],[-2.23201537597896,53.971230017457],[-2.22106299281463,53.9779277540579],[-2.2303454265255,53.981530257884],[-2.29431965971552,53.9744329092698],[-2.29885470049929,53.9765605291474],[-2.29673343528743,53.9805542813565],[-2.31915113219434,53.9938419286139],[-2.3399233069841,53.9894277878199],[-2.35235740584863,53.9946738270487],[-2.35231049001432,54.0105390653509],[-2.35028883288908,54.0122003939825],[-2.34076003204109,54.0074624423029],[-2.33956024400996,54.0094332945444],[-2.34354061851956,54.0173276090013],[-2.35732326856055,54.0191169555499],[-2.36199942120066,54.0406697222008],[-2.37407229749618,54.0490883823262],[-2.42582629111081,54.0380950377223],[-2.432733828863,54.0415932127534],[-2.4587750750016,54.0404955941671],[-2.469549664594,54.0462125116437],[-2.46399041359776,54.0610841658399],[-2.46688636443776,54.0757387406537],[-2.4550261622466,54.0919814924085],[-2.44671018008446,54.0966606455419],[-2.4549004328669,54.1009119469368],[-2.45063859102194,54.1032774062579],[-2.4570170817669,54.1079989935434],[-2.44933144547646,54.124099345629],[-2.44420088434704,54.129187333316],[-2.43573529228668,54.128003344439],[-2.43333899700219,54.1315179687029],[-2.42765141527486,54.1314276731688],[-2.42832129298962,54.1371988994905],[-2.41404435215606,54.1485146910156],[-2.3951372568623,54.1568790292493],[-2.39648612985918,54.166018457561],[-2.37552234683012,54.1725844249231],[-2.3711994101791,54.1842221746867],[-2.35682280622675,54.194101539994],[-2.34234912641658,54.2026193350096],[-2.33113317751971,54.1967238787835],[-2.33589772234968,54.2042853172814],[-2.34657672200947,54.2078103462632],[-2.3265634459272,54.2194098322532],[-2.32234419001187,54.2276598149332],[-2.29527019091764,54.2306021737171],[-2.28640616125701,54.2404966195706],[-2.28331927281207,54.2385603769486],[-2.25242222691465,54.2492941250144],[-2.24207634380097,54.2481400015567],[-2.22921756492068,54.2521787037334],[-2.19779778043952,54.2473785165663],[-2.17179144102867,54.2284521446695],[-2.15160198634838,54.2355903860566],[-2.15069434395818,54.2325676328793],[-2.14383556654653,54.2350356887942],[-2.1404713007246,54.2252941312169],[-2.12853670301893,54.2257006577637],[-2.11345550557019,54.232562304164],[-2.1000321912151,54.2319649627844],[-2.08709700737096,54.2209781914665],[-2.06087299580485,54.2103255333606],[-2.05945036520511,54.1967196887309],[-2.05426118968929,54.1948994279668],[-2.04578474163628,54.1818803876296],[-2.03417718611097,54.1804372128803],[-2.03139192565295,54.1748020595351],[-2.02283520374967,54.1767738441917],[-2.01471661800655,54.1727952314478],[-2.00450804592518,54.172884412782],[-1.99217645236529,54.1551163158222],[-1.97249221545293,54.1580848939428],[-1.96358704465944,54.1521301946844],[-1.95422946565321,54.1431066072756],[-1.95714355284996,54.1325635882737],[-1.94797281730414,54.1252623115428],[-1.92215663689251,54.120316422722],[-1.90561762223678,54.122473379073],[-1.89510957448974,54.1137950894834],[-1.89100184535432,54.1044172088893],[-1.86711324866151,54.0976894509702],[-1.86172531805103,54.0805399495119],[-1.84059429968177,54.0705806511661],[-1.85372557534532,54.0531215908403],[-1.87352645902477,54.0460431448613],[-1.86867120723408,54.0420497940013],[-1.87243953883555,54.0356723631331],[-1.85347087329327,54.0287730016542],[-1.84804499330467,54.0136706212665],[-1.83491487402593,54.0135296947433],[-1.83097559395869,54.0034591403618],[-1.81875472609937,53.9925973133687],[-1.82675903081181,53.9856632739076],[-1.81673275070714,53.9781392037684],[-1.86316314361348,53.9619519316861],[-1.86520800797766,53.9559622408672],[-1.87888234040832,53.9542744174735],[-1.87477920939023,53.9456959290099],[-1.86221363114714,53.940674655102],[-1.86230024459561,53.9336963371532],[-1.85281743916815,53.9309941499193],[-1.83619991368898,53.931420405971],[-1.84865675902213,53.9360266352868],[-1.84768943192303,53.9407726902437],[-1.83012731259002,53.9403831894404],[-1.83020025954679,53.9380182608397],[-1.80508922107108,53.9390226926121],[-1.80286367258491,53.9359575021478],[-1.79749566937167,53.9364846873373],[-1.79800946369252,53.9297141464239],[-1.78237662229967,53.9294165427752],[-1.7759784155925,53.9214880609812],[-1.76960583397747,53.9212884620069],[-1.76527274361569,53.9247325336887],[-1.75550720865765,53.9210410893333],[-1.74562580828501,53.9230038523733],[-1.74216350900511,53.91457994368],[-1.72721680909151,53.9101967038414]]]},"properties":{"FID":77,"SICBL26CD":"E38000232","SICBL26NM":"NHS West Yorkshire ICB - 36J","ICB26CD":"E54000054","ICB26NM":"NHS West Yorkshire Integrated Care Board","BNG_E":396545,"BNG_N":458740,"LONG":-2.054233,"LAT":54.02466,"GlobalID":"e79744d6-5b2b-486a-bda2-3fb6add44d9f"}},{"type":"Feature","id":78,"geometry":{"type":"Polygon","coordinates":[[[-2.31399387761143,53.357432002557],[-2.29693022568687,53.3485836736235],[-2.30134321520045,53.3401215815714],[-2.26706903711745,53.350581697539],[-2.25644713339553,53.3606769746337],[-2.24077934748905,53.3595717089761],[-2.2222242621477,53.3597812620861],[-2.20740965713863,53.3567985499239],[-2.20846433984606,53.3550043570247],[-2.18544101109107,53.3526596813156],[-2.18801517032237,53.3487366323969],[-2.18097715008008,53.3440438696422],[-2.19416304213349,53.3386504191915],[-2.17972685493573,53.3302819570931],[-2.17048839705194,53.3318303376805],[-2.16063118433802,53.3273204893916],[-2.15253558063921,53.3285532493248],[-2.1500081972243,53.3382973470305],[-2.14409918077634,53.3428709689761],[-2.15118968819072,53.3481322736019],[-2.13819652709719,53.3568911947814],[-2.13902520616493,53.3673169038564],[-2.12319590060373,53.3619467354057],[-2.09517910705384,53.366080756008],[-2.08375745294581,53.3595537603792],[-2.06807762457238,53.3573937188276],[-2.05980564977216,53.3588297756507],[-2.05532067459053,53.366891213076],[-2.04056372697947,53.3740876342257],[-2.0310588041656,53.3702620480441],[-2.03408703462504,53.3677526829521],[-2.02712867189581,53.3637674739388],[-2.02181672004445,53.3667569881096],[-2.00899814323881,53.3620107029847],[-2.01067202053134,53.3557016648952],[-2.0067857360247,53.3545721898122],[-2.00465986487233,53.3460097671951],[-2.01431907788046,53.3400585971552],[-2.01364972658359,53.3324201306186],[-2.00928319272082,53.3313882587401],[-2.01073909562133,53.3235495491635],[-2.0015511310486,53.3189212437427],[-2.00932920208428,53.3023140863736],[-2.00519743782864,53.2690400492522],[-2.00948199662802,53.2606523444135],[-2.00033273338687,53.2554387434527],[-1.99973132997327,53.2450487726423],[-1.98188312564029,53.23857932645],[-1.97485867625588,53.2310611559146],[-1.97606499877977,53.227529794557],[-1.99026464806774,53.2229988676477],[-1.98740744875066,53.2135856599163],[-2.00020203019903,53.1937376748735],[-2.01817950845957,53.1890529792948],[-2.02855545294237,53.1933534419009],[-2.04652710273255,53.1926479017606],[-2.05502621631628,53.1864276070363],[-2.05228929487348,53.1839591796044],[-2.05921495129989,53.1809007754525],[-2.05772695638239,53.1766261418394],[-2.06814425515599,53.1746997439115],[-2.07023248914642,53.1716860611765],[-2.08723640402899,53.1698538971589],[-2.09287288180719,53.1729156994865],[-2.10173595674464,53.1689046876437],[-2.1120765326828,53.1686596735431],[-2.11954130252702,53.1746339853953],[-2.1293029967111,53.1754515493815],[-2.1338266674457,53.1830654074155],[-2.14043890732325,53.1838127981008],[-2.14486590886018,53.1737677819925],[-2.14141178460025,53.1566524494107],[-2.1556450020776,53.1596189356195],[-2.15954327197103,53.1529062350046],[-2.177518036919,53.1448220162821],[-2.22243081772057,53.107620797815],[-2.22295423965356,53.1038818224447],[-2.23795123250351,53.1010467333326],[-2.24652136924321,53.0902106123872],[-2.25324856182196,53.0939771156228],[-2.2571257487357,53.0900164088218],[-2.27710576364536,53.0859055584657],[-2.27765233036128,53.0812235389968],[-2.29337575431895,53.0783263622511],[-2.30339656449269,53.0829613566576],[-2.3180509009063,53.0813587366698],[-2.32900923930644,53.0765798833521],[-2.33051501889263,53.0708605739692],[-2.34758551740231,53.0561702596147],[-2.35373532856703,53.0588488463924],[-2.35757913094281,53.0547189156173],[-2.38124844980282,53.0525514843359],[-2.38617091880049,53.0335642107988],[-2.37978543479535,53.0275915369553],[-2.38422743656796,53.0261676625074],[-2.3704676479142,53.0145759333275],[-2.38304501146748,53.0077869471043],[-2.38079398366022,52.9984110990241],[-2.38973474860372,52.9953922661455],[-2.40698664778687,52.9959168817396],[-2.40447492356403,52.9916536090809],[-2.4108667713721,52.9879242801752],[-2.43676012876812,52.9862562045054],[-2.43461389792172,52.969521475511],[-2.44295776416871,52.9707390504286],[-2.45025737118626,52.9660514111612],[-2.47508393455264,52.9624892386385],[-2.48115325715676,52.9588176831393],[-2.49170076590096,52.9676843474276],[-2.49902337054417,52.9684344649816],[-2.50688293599181,52.9649185857765],[-2.52142779642078,52.9742651681778],[-2.52328045077375,52.9543553836504],[-2.52951579903988,52.9471650627797],[-2.54635535266724,52.9568376215872],[-2.55369739710635,52.9574662964374],[-2.56126302488722,52.9649520558912],[-2.57349222875482,52.9627165194299],[-2.57027626122335,52.9597719847408],[-2.57680313436069,52.9561056295665],[-2.58641348503049,52.9553792840815],[-2.59769339677329,52.9630060919124],[-2.59844666441039,52.9717178114078],[-2.59275666179148,52.9741697656798],[-2.59962985210765,52.9754328095456],[-2.59488879079982,52.9796071443922],[-2.60568278142618,52.9793982694456],[-2.6077341196745,52.9883620237739],[-2.62193978324218,52.98674241434],[-2.63265092644921,52.9966707791768],[-2.64269923007778,52.9935190594596],[-2.65235719667926,52.9949943898448],[-2.67466213565411,52.9856629451718],[-2.68707854552586,52.9868304360223],[-2.69929233587934,52.9954388055504],[-2.71187938290531,52.9860844685046],[-2.72684107881614,52.9832725973112],[-2.74372182448764,52.9871467195829],[-2.75980101682489,52.9863828728012],[-2.76680575927325,52.9946550886077],[-2.77970859343309,52.9933594232766],[-2.78089807563234,52.9961859470801],[-2.78513164204571,52.9939073226216],[-2.78993530414136,52.9957472588497],[-2.79215026924528,52.990996744988],[-2.80331148823086,52.989594258262],[-2.83602787602426,52.9971410229096],[-2.84085524545364,53.0085317996294],[-2.83775171055294,53.0105615724426],[-2.84406438228801,53.0176288909162],[-2.85151771284978,53.0169599979573],[-2.86100479059169,53.0228062885386],[-2.8557210851129,53.0372702063391],[-2.86657136581822,53.0403399369321],[-2.86184954663722,53.0440121578845],[-2.87008998134376,53.0453876866988],[-2.86311919453497,53.0486224171781],[-2.86339941727435,53.0520706442526],[-2.86834457406577,53.0500389889696],[-2.86605285720559,53.0527120428258],[-2.85924040126853,53.0542556257512],[-2.86735143582738,53.0554794447535],[-2.86243773366626,53.058515624818],[-2.87195933253921,53.057712772194],[-2.8614421079517,53.0606569477315],[-2.87036196638142,53.0641843890025],[-2.86548188659805,53.0660995850504],[-2.86936891169808,53.0698394366427],[-2.87750839684809,53.0689355444788],[-2.87545973313603,53.0733789437216],[-2.88164357737838,53.07439207866],[-2.87578773075155,53.0815134654335],[-2.89119247531137,53.0876241169475],[-2.89345006778959,53.0915048495322],[-2.90190680650361,53.0918301847226],[-2.89931929584276,53.0980039283416],[-2.89484466542916,53.0988449963125],[-2.89779203481782,53.0965170693536],[-2.8938894194992,53.0960610255239],[-2.88920229160398,53.1014581739486],[-2.88745799742631,53.1056017038671],[-2.89340449743247,53.104242988695],[-2.89183097438467,53.109234649711],[-2.88386806491513,53.1114101412277],[-2.88118703506724,53.1216596799189],[-2.90339166616201,53.111797593247],[-2.91729696630655,53.1147942245601],[-2.92083613201933,53.1184237956196],[-2.94367022940556,53.1216257662578],[-2.9469057597899,53.1272702783311],[-2.96389646991616,53.1327665427645],[-2.97949785954941,53.1506217202328],[-2.9845649800193,53.1477797702684],[-2.99502289991942,53.1540238952598],[-2.98995675608814,53.1575424689447],[-2.97535042178763,53.1573716772366],[-2.97092585691469,53.1607824861933],[-2.96626275875032,53.1598647594664],[-2.94655302508487,53.1671118956014],[-2.94404110157443,53.1652477414822],[-2.92779623859146,53.1714698881066],[-2.92062860004798,53.1780185228944],[-2.9222993487957,53.1892927521921],[-2.93728882325236,53.1976310241931],[-2.9495103225832,53.2112796592753],[-2.99837819433112,53.2358587102752],[-3.03602417470188,53.2518050227222],[-3.06913628607641,53.25300478534],[-3.08603500750619,53.2568010897906],[-3.10751819662233,53.2718496007061],[-3.10736613777868,53.2720590285493],[-3.10099084032091,53.2707518799314],[-3.10817240474376,53.2734058301462],[-3.11009789826522,53.276621836615],[-3.1031841098352,53.2759051374977],[-3.10680283601368,53.2772949171895],[-3.10411827609788,53.2782679361005],[-3.09231721376285,53.2779414879027],[-3.10858749021388,53.2798696262791],[-3.09826334400547,53.2793552283402],[-3.09565278249786,53.2802650751779],[-3.095645301608,53.2830289967848],[-3.09671002474674,53.2804290542392],[-3.10715505122472,53.2815799074231],[-3.10555746959366,53.2853018542916],[-3.10799122613012,53.284935358767],[-3.10950085590291,53.2826178591651],[-3.11776909011144,53.2838542858688],[-3.12022908709417,53.2886420112804],[-3.11629572875881,53.2905043854894],[-3.12280196912665,53.2882503464413],[-3.12300480745106,53.2893035757708],[-3.07416538656733,53.3163809529974],[-3.05965915372323,53.3090037449673],[-3.04839077274996,53.3109606672742],[-3.03617790277685,53.3007316666825],[-3.02613946280699,53.2977487006942],[-3.01278249135817,53.2989497303553],[-2.99273781811387,53.3071088902615],[-2.96803311665413,53.3012551098865],[-2.961511396796,53.3038046665901],[-2.94938190451639,53.3031690301253],[-2.93955113705159,53.3104155185653],[-2.93160263056237,53.3060687143704],[-2.92876390126786,53.3084068144817],[-2.92857185482182,53.308248927435],[-2.91477813940676,53.3056605864809],[-2.9046509522151,53.2994660701186],[-2.90362636993272,53.2988392126688],[-2.90169861259955,53.2976987511588],[-2.90053434197305,53.2970099227782],[-2.88684453153707,53.2931610320638],[-2.87838965649441,53.2907828192051],[-2.85556823597895,53.2920219410742],[-2.85396195212893,53.2952784840666],[-2.83960109526843,53.2987369169366],[-2.84828815838519,53.3021146733661],[-2.84774599999753,53.3062552630137],[-2.84299741520689,53.307536579453],[-2.81595602191875,53.306163153207],[-2.79095706601159,53.2962415068977],[-2.78896613468561,53.295450918772],[-2.75279179802408,53.3145695935098],[-2.7524857130219,53.3147312437561],[-2.73929226334179,53.3068702834448],[-2.723525194604,53.3131397526309],[-2.70080143057432,53.305807186109],[-2.68515296210452,53.3154506642267],[-2.64156252206258,53.3050397846137],[-2.64506129749266,53.3101350737461],[-2.63250929593645,53.3075210428058],[-2.62412292337678,53.3093981031859],[-2.61780096283946,53.3161351426531],[-2.61993458804363,53.3203207706826],[-2.61007036228595,53.3180304085903],[-2.60910099468681,53.3120702556126],[-2.59522340863195,53.3224545590423],[-2.58628948926858,53.3293967774145],[-2.56032039279679,53.323854455556],[-2.55166426376608,53.3323740799976],[-2.54452899200578,53.3305260421313],[-2.53945286042321,53.3363903542259],[-2.51839361609444,53.3423908253818],[-2.52104946145602,53.3479005228678],[-2.48687938864653,53.3679041947648],[-2.46531155393477,53.363561235388],[-2.45871239975097,53.3682393242219],[-2.43987956945301,53.3666633608793],[-2.43973921289817,53.3704771471166],[-2.42748889768109,53.375911540954],[-2.42658937909758,53.3874613445029],[-2.41059627701478,53.3838656030367],[-2.4006975804305,53.3752206909945],[-2.38087496770317,53.3698960384942],[-2.37578366436758,53.365351279463],[-2.36502722660077,53.3631060439926],[-2.35689045671747,53.3685202076668],[-2.34900615562342,53.3658980349179],[-2.33987498915337,53.3673780079488],[-2.32989639968576,53.3639380471507],[-2.32904666328255,53.3607825322761],[-2.3243981927209,53.3613795401203],[-2.32342374944579,53.3582667499437],[-2.31399387761143,53.357432002557]]]},"properties":{"FID":78,"SICBL26CD":"E38000233","SICBL26NM":"NHS Cheshire and Merseyside ICB - 27D","ICB26CD":"E54000008","ICB26NM":"NHS Cheshire and Merseyside Integrated Care Board","BNG_E":363352,"BNG_N":363462,"LONG":-2.549644,"LAT":53.16702,"GlobalID":"21e3fd9c-2dbe-4f73-9370-c6cf9e4d7109"}},{"type":"Feature","id":79,"geometry":{"type":"Polygon","coordinates":[[[-1.55941086052354,54.8820368611652],[-1.56180996497407,54.8757169396207],[-1.54156838738747,54.8734592147325],[-1.53178181597993,54.8781885932058],[-1.50667007861253,54.8711406516172],[-1.51036298180714,54.8608589019669],[-1.50427974785352,54.8312296546196],[-1.49750867198732,54.8226282313923],[-1.49373987701802,54.82347241184],[-1.49029110028241,54.8201808266583],[-1.49430605398067,54.8160126031518],[-1.481855405141,54.8096517580602],[-1.49433010006553,54.8011697337961],[-1.49072648528752,54.7993042485251],[-1.44402166429427,54.8024700460823],[-1.44052003742386,54.7996452443875],[-1.42254830102881,54.8031728679786],[-1.42172524493788,54.8132864295148],[-1.41295540991129,54.8236546879861],[-1.42153611188297,54.8394761529595],[-1.41200768614143,54.8419013669692],[-1.41281864715847,54.8450832537217],[-1.381663479999,54.847159729579],[-1.36868366451595,54.8577023734763],[-1.34737577018773,54.8605262555392],[-1.33593835822925,54.8441614797239],[-1.3354851666986,54.8437743320829],[-1.3298236838879,54.8389371537502],[-1.32140203144164,54.8376640787983],[-1.32089098427849,54.8375634503815],[-1.32934628775083,54.8379612984564],[-1.3246087849872,54.8348598696603],[-1.32155330945532,54.8367678496258],[-1.32563141071227,54.8325555413162],[-1.3258845585346,54.8322940295435],[-1.3226714203242,54.8275689707769],[-1.31973456044748,54.8223723506996],[-1.32033596984019,54.8215081587998],[-1.31261061150015,54.8066221998798],[-1.31114740317673,54.8001279030334],[-1.30943956415932,54.7823330807872],[-1.3087464003183,54.7814175484645],[-1.30885408500751,54.7809728344549],[-1.30437834262462,54.7756473003371],[-1.29838924476451,54.7677328147031],[-1.29662198143729,54.766414626697],[-1.29354275447679,54.7627478336313],[-1.29235785057135,54.761006367849],[-1.29136963530012,54.7601596797277],[-1.29131243072651,54.7600915449722],[-1.29101432178711,54.7598885295709],[-1.28168647269031,54.7528308279003],[-1.24128544768805,54.7234105154139],[-1.25186565310763,54.719623166471],[-1.2585621209374,54.7260553701663],[-1.27025159693152,54.7271686382419],[-1.29030159722596,54.7183979144156],[-1.30552056107245,54.7175210375036],[-1.30132650174444,54.7081007829675],[-1.31384941118445,54.701227663992],[-1.31266468985751,54.6959480953338],[-1.31932930145967,54.691356944521],[-1.34452655073458,54.6911210586848],[-1.33444068429516,54.6890464118902],[-1.33094564499612,54.6821332388013],[-1.33303841292742,54.6726525895981],[-1.34353070696017,54.66862033873],[-1.34785127755234,54.6624209457339],[-1.34125427863181,54.6502117138063],[-1.38376517592486,54.6462354947208],[-1.3808988514859,54.6439167233103],[-1.39047325912986,54.6391142837903],[-1.38719780370952,54.632739764565],[-1.39551070626609,54.6310975149873],[-1.39423514903279,54.6288821022237],[-1.40159864765047,54.6263591617679],[-1.39915821453075,54.624129571429],[-1.40477996969565,54.6240455186089],[-1.41160919683639,54.6172191750705],[-1.42612837833071,54.6114989997435],[-1.42997039394676,54.6152938068995],[-1.4428896476791,54.610110331649],[-1.45091367472471,54.6105134444544],[-1.4507857454785,54.604698386853],[-1.43835556696312,54.5950795673616],[-1.44340161295804,54.5906236132793],[-1.45170560090526,54.5908276236768],[-1.45608028561707,54.5992206251789],[-1.46024750723368,54.596823777463],[-1.46794461505542,54.6005008217561],[-1.48534245246252,54.5996386814687],[-1.49731736577904,54.595675071026],[-1.52640302741454,54.5964860594202],[-1.55864455363639,54.5921161980054],[-1.56226169541476,54.5859713688285],[-1.55282376619881,54.582342292972],[-1.58331536748466,54.5809087130128],[-1.58286483543783,54.5894750968551],[-1.59086060289151,54.5902140254983],[-1.59340887127694,54.5950765695039],[-1.58987572699615,54.5977486120397],[-1.59294926420654,54.6045487185704],[-1.58407256053412,54.6072683035931],[-1.58419372392692,54.6104862546175],[-1.60621832774365,54.6034402529337],[-1.60676477339323,54.6175404499434],[-1.62388607024674,54.6189264187985],[-1.63409398314477,54.6161655660842],[-1.64162914971721,54.6193654743164],[-1.65834339544331,54.615458515235],[-1.6824222944064,54.6177712182914],[-1.67931190548027,54.5859734182143],[-1.69402787710601,54.5868937957725],[-1.70898438985467,54.5741413692037],[-1.7044803410785,54.5721618212923],[-1.70928193606733,54.5631794024987],[-1.70331126581506,54.5586956843907],[-1.69120672965376,54.5562446371456],[-1.69756271497337,54.5557124798415],[-1.70527421711134,54.5491719611267],[-1.70377172037059,54.5449369043014],[-1.6983399740513,54.5442091243288],[-1.69692624053752,54.5360065534245],[-1.72131100027186,54.542301846867],[-1.72730653263825,54.5304848063198],[-1.733091521533,54.5277363389986],[-1.76121359964852,54.5289516603435],[-1.76972350353946,54.5328441978107],[-1.77969847998319,54.5318727647008],[-1.77613194207354,54.5067277620637],[-1.78217532090107,54.5070125907386],[-1.78717625440279,54.5010377413042],[-1.79294622812923,54.4843676003166],[-1.8224432942744,54.4951777113997],[-1.82778705968568,54.5029292861056],[-1.8394333403147,54.5084373003659],[-1.84821672046015,54.5036630895594],[-1.8578015193077,54.5035399429609],[-1.85913054707504,54.4818571868259],[-1.8672551717475,54.4821169852437],[-1.87760320298075,54.4780495099234],[-1.89343039302746,54.4668982641108],[-1.94254326083646,54.4533954349951],[-1.97005908817765,54.4515205703133],[-1.97612482942313,54.459728337441],[-1.98553967733016,54.4599241334925],[-1.9967643802075,54.4669034744075],[-2.04472965886196,54.4751862993184],[-2.04320057927725,54.483599160084],[-2.06124832113091,54.4805332111553],[-2.0863966404888,54.4683928085571],[-2.11659710276141,54.4622636001966],[-2.15012054907822,54.4599634312066],[-2.15922749453786,54.4555150307848],[-2.17021277857347,54.4581985172187],[-2.15902449982695,54.4719860264476],[-2.16653486150557,54.4899311104571],[-2.16246745178517,54.5039867546928],[-2.16870412360067,54.5196515043364],[-2.17449246233205,54.5217270625983],[-2.17252924497249,54.5324259128237],[-2.18244682296347,54.5358038351679],[-2.19758132682699,54.5326706029249],[-2.21015045821985,54.5436895512754],[-2.20948836299615,54.551713425943],[-2.24592833676398,54.565109740949],[-2.27088071663786,54.5821991787685],[-2.30450014461841,54.5962389929897],[-2.30866434944519,54.6117515737939],[-2.32500062869754,54.631598845942],[-2.28797885835874,54.6504803086063],[-2.29287517631169,54.6638855556781],[-2.30339693676937,54.6668241010018],[-2.303317111086,54.6696298011127],[-2.327187847529,54.6706151633355],[-2.32719183783689,54.6736975588205],[-2.33566100573282,54.6752942162756],[-2.35192400550207,54.6858937768427],[-2.35572395581608,54.6977517209375],[-2.34442828155272,54.7017328496803],[-2.34202340854866,54.7161438930895],[-2.32580284753802,54.7265966993646],[-2.33230545421962,54.7319957788723],[-2.32086800042761,54.75506533672],[-2.32238223097449,54.7641960765548],[-2.30844619745539,54.7735166023861],[-2.31392387810605,54.7811135409739],[-2.31208958046593,54.7910148408926],[-2.292986756402,54.7931651838097],[-2.28267855297701,54.798251881778],[-2.24866315934411,54.7879599694847],[-2.23552049871841,54.786797255071],[-2.23406505001384,54.7841653409153],[-2.21890649074879,54.7823773905011],[-2.19860052461459,54.8067365975196],[-2.17741740867756,54.8068210210179],[-2.16947004674718,54.8036101764382],[-2.16426561982296,54.815827026453],[-2.14313050249929,54.8269590468601],[-2.13978939738692,54.8418702394762],[-2.10391888459742,54.840244429948],[-2.09772564066603,54.8367629259246],[-2.08247542510929,54.8382222863879],[-2.06789299881208,54.8447999042538],[-2.03975671494728,54.8482914370313],[-2.02621039853968,54.8588142497147],[-2.00096649214272,54.8696675897525],[-1.98023631241388,54.8681839123994],[-1.97069331996302,54.8634889514531],[-1.97476719982913,54.862063826115],[-1.97246368547309,54.8602433628197],[-1.94905763707639,54.8529673109771],[-1.93773437313006,54.8518167924822],[-1.93268127084227,54.8541876066628],[-1.93183789651012,54.850904861468],[-1.92131818368748,54.8484716292173],[-1.92097697334195,54.8424523286763],[-1.92707679168722,54.8411969177478],[-1.91813711565638,54.8407734037225],[-1.92075497700489,54.8379916346392],[-1.9137649822879,54.8339969961585],[-1.91404372327442,54.8395287988846],[-1.8967214735411,54.8458860443552],[-1.88750001994356,54.8436105625902],[-1.870104116097,54.8508655248124],[-1.86660201203123,54.8553360895726],[-1.86967114142366,54.8615578228292],[-1.86127867864257,54.8664302784902],[-1.860049154803,54.8780335655271],[-1.85090894309881,54.8847331840659],[-1.85443673745078,54.8911846102789],[-1.84747577902911,54.8897820662765],[-1.84544925773402,54.8969028790869],[-1.83468644796902,54.8990257837324],[-1.82769665069142,54.9054935793563],[-1.82101368161582,54.9056617161255],[-1.80746252120036,54.9072263310143],[-1.79492723619617,54.9035468030536],[-1.79125209074551,54.9086734400806],[-1.7816684657785,54.9115451973831],[-1.76874494539053,54.9067255016378],[-1.76726707009128,54.9096291924402],[-1.76071769960159,54.9085662213756],[-1.7506799163442,54.9173822754994],[-1.7362048867817,54.918580581294],[-1.72490748551865,54.9088005189598],[-1.69863264883366,54.9090532632062],[-1.69169364818146,54.9026091718693],[-1.68765579975944,54.9079174662196],[-1.67477786826364,54.9095602119511],[-1.67557766144186,54.8980966082332],[-1.66304468601162,54.8959430174669],[-1.65995149912683,54.8906638994869],[-1.64931935907511,54.8929864936744],[-1.64634611094452,54.881395640924],[-1.65055970079132,54.8793230010395],[-1.64332282113428,54.8788650407268],[-1.62761715247677,54.8863080439205],[-1.61875387957513,54.8870544043964],[-1.6073275171762,54.8983358997638],[-1.59416422406102,54.9020186374952],[-1.58396979088418,54.892820540013],[-1.57990960121043,54.8777701492692],[-1.55941086052354,54.8820368611652]]]},"properties":{"FID":79,"SICBL26CD":"E38000234","SICBL26NM":"NHS North East and North Cumbria ICB - 84H","ICB26CD":"E54000050","ICB26NM":"NHS North East and North Cumbria Integrated Care Board","BNG_E":410380,"BNG_N":532242,"LONG":-1.840524,"LAT":54.68513,"GlobalID":"58c2cf17-1f30-4af5-9829-f1c2cc941637"}},{"type":"Feature","id":80,"geometry":{"type":"Polygon","coordinates":[[[0.854695923380471,50.9237306013752],[0.854453343103378,50.9237654805079],[0.844483485731208,50.9251984646577],[0.788087914509276,50.9332862800299],[0.772016625616782,50.9312619609906],[0.774608367748936,50.9275991022356],[0.74977468964116,50.9221800377562],[0.709802939988421,50.9019886893538],[0.709553214061611,50.9018410773832],[0.709439908066,50.9017741017669],[0.682527557459008,50.8858574809095],[0.669532003478976,50.8734930664077],[0.658647414764408,50.8699538016841],[0.608872654109772,50.8597627246758],[0.605983753328252,50.8585051076846],[0.589436125802483,50.8542160967746],[0.587146038179396,50.8540620387858],[0.586781938884104,50.8540375408417],[0.571682715615418,50.8530510281711],[0.555812629002094,50.8514239521216],[0.543733670564703,50.8501840007312],[0.543459156675048,50.8501363948102],[0.54044629931228,50.8496138809319],[0.5364842061669,50.8493468140648],[0.533072261922763,50.8484865655921],[0.519469533227586,50.8469052944699],[0.519118315226333,50.8468614464848],[0.513143449135548,50.8448744717093],[0.503063918171893,50.8431208819208],[0.476651712328517,50.837241521679],[0.476173830447649,50.8371350751233],[0.463922492857536,50.8360320786061],[0.463002763041975,50.8359492249742],[0.427619505593781,50.8321604466656],[0.42729989655128,50.8321261721014],[0.419065157244023,50.8301718692414],[0.412819312091084,50.8294712774128],[0.400321239938851,50.8257206866415],[0.37819128075866,50.8204604129695],[0.37783527510766,50.8203757464008],[0.377512425932031,50.8202989635353],[0.359583213945299,50.8134818757091],[0.358438832239356,50.8131355378455],[0.358345364431831,50.8131050373744],[0.358108132335125,50.8129208040238],[0.349963764592404,50.8098223688659],[0.339195633964917,50.7991559198263],[0.335977784495667,50.7947620883719],[0.334379268265569,50.7931283122138],[0.333367356819344,50.7922863429997],[0.333397788140412,50.7921251136317],[0.332117265727665,50.7908161803866],[0.332610045932378,50.7901625906483],[0.329795260159335,50.7863175020466],[0.320422800280861,50.7824296506225],[0.315757204681181,50.7810511698948],[0.315577505292776,50.780938207024],[0.311001395583064,50.7780613315989],[0.303101800595687,50.774629649361],[0.296411898279737,50.7688857093427],[0.29170922950291,50.7659269952616],[0.291561002774301,50.7658285551456],[0.291531680871911,50.765809081819],[0.271557566118727,50.7525379334104],[0.26659266687273,50.7469964764811],[0.258222661568121,50.7376509694569],[0.240908388187749,50.7349441836632],[0.209927898921248,50.7384066632271],[0.18876855097626,50.7478356522264],[0.150141788358094,50.7587457614621],[0.1489427307005,50.7590841486161],[0.137837630910892,50.7557617624216],[0.123948611345742,50.7581149411568],[0.104374514098296,50.7660855552727],[0.104016221012269,50.7662781889468],[0.091718981386448,50.772874060283],[0.0701346160701455,50.7811891714538],[0.0669967692240594,50.7823974134693],[0.0667733107989352,50.7824834513386],[0.0582396232570472,50.7823088624016],[0.0573153180865004,50.7817041660568],[0.0558055595737416,50.7816368028859],[0.0555888517937852,50.7814464906008],[0.0554168748555909,50.7812954590576],[0.0523842626913872,50.7807059626975],[0.0536164924703508,50.7797142744452],[0.0533800337151761,50.7794741526283],[0.0545365077559839,50.7785295923711],[0.0527240116917695,50.7797835193084],[0.0385578511559139,50.7817453302659],[0.0296788174666348,50.7829739890711],[0.0292848924128239,50.7830497147807],[0.00331996995677735,50.7880375752334],[-7.32382074941948E-05,50.7886889104607],[-0.0122509595864553,50.7919596506295],[-0.0126075774678506,50.7920554068967],[-0.0149874676201917,50.7927497961235],[-0.0379311907483555,50.7994406324021],[-0.0160026966896328,50.8148750872042],[-0.0204287148790301,50.8218305034482],[-0.0302293702216528,50.817349241543],[-0.0459675985686916,50.8218251916127],[-0.0391037271046526,50.8286325101824],[-0.0368425200857734,50.8412390539192],[-0.0455856114871399,50.844967805959],[-0.0734416914789852,50.8412444971842],[-0.0707789300844857,50.8458187319482],[-0.0788321209297083,50.8538049858013],[-0.0849274559544726,50.8731196436158],[-0.0975189603577462,50.8779453664593],[-0.104914944714369,50.8723434772559],[-0.121800361144401,50.873428002089],[-0.124209874913441,50.8779752882325],[-0.135283623138147,50.8781049911549],[-0.135009818160834,50.8866345060496],[-0.128386403052252,50.918934840913],[-0.116875422029296,50.9410799338298],[-0.119726401152515,50.9423414821459],[-0.118058775555416,50.9452561370633],[-0.105426699652567,50.9431100331318],[-0.1041731110767,50.9464715270651],[-0.108348568313669,50.9587600293876],[-0.105518718505523,50.9644035145813],[-0.11053721440891,50.9678603117746],[-0.116307997547168,50.9671820395124],[-0.115284578696833,50.9761069349224],[-0.108813826291866,50.980241797644],[-0.0931518665679473,50.9792273775385],[-0.0864193956703755,50.9891362273521],[-0.0767848559465562,50.9914531489685],[-0.0671887614940403,50.9890643599651],[-0.0614323622012438,50.9783925869842],[-0.0469855838358959,50.9812081116888],[-0.0367174577821209,50.9797923348723],[-0.0354521313956826,50.9773050356978],[-0.0246044705169119,50.9800251912683],[-0.0200759215554467,50.9854039786276],[-0.0156234563147576,51.0028323357403],[-0.0200435136472956,51.0032985393773],[-0.0200622479902926,51.0088828497941],[-0.0160078999335892,51.0148027863137],[-0.022172494329233,51.016785999148],[-0.0219132445035913,51.0265129680216],[-0.00156526459653931,51.0357550090579],[-0.00790396028872155,51.0389883980053],[-0.00201640482320303,51.043067963645],[-0.00300228865095329,51.047563387918],[0.00772016454794355,51.0509069957507],[0.0137253346507447,51.057012586883],[-0.00854810718895692,51.0564579601666],[-0.0149699717455982,51.0693521054276],[-0.0132566195437483,51.0739671183624],[-0.0268522014428208,51.0751129170743],[-0.0310437896080508,51.0925658519012],[-0.0261699464495483,51.0917496744806],[-0.0213167854444344,51.0967563787457],[-0.0108651837308169,51.096498836777],[0.00293987390517739,51.1022920192458],[0.0104735029438667,51.1021826903789],[0.00503060999882985,51.1052592372643],[0.00950488508013248,51.1103919295747],[0.0186188477949444,51.103575576175],[0.0254500177295175,51.1090194925696],[0.0445605522520352,51.1106440885476],[0.0281524288133753,51.1177197172737],[0.0273612478689735,51.1398504787979],[0.0500160931043779,51.1426499938124],[0.0781882017394167,51.139945872141],[0.121931575806919,51.1472001749619],[0.139511138174982,51.1467374723225],[0.162310212637785,51.1396780971987],[0.151186209397863,51.1343561268835],[0.151200978434492,51.1238303378921],[0.160483408051928,51.1168479445989],[0.171628585521861,51.1154105954202],[0.199560793944,51.1169136600218],[0.210046092688571,51.1209918507353],[0.219545477461785,51.1205802353744],[0.226284352572815,51.1244679065377],[0.244543022745638,51.1148785001463],[0.266264403503943,51.115098931108],[0.275671880196461,51.1123560983895],[0.278942440987287,51.1146767563302],[0.273950408985374,51.120078865623],[0.298718783937929,51.1181594900791],[0.325177268900691,51.1229170828717],[0.330078972654777,51.1178028138821],[0.324571337049094,51.1121310698887],[0.334703463673022,51.1055646332671],[0.358960234338909,51.1044785493792],[0.350785030667681,51.0990086672782],[0.353978001402056,51.0936193624243],[0.350811886993394,51.0840747134484],[0.356770492185136,51.0830608704426],[0.366194570789947,51.0883719708286],[0.381133497744289,51.0881534340836],[0.39164713053417,51.085775933336],[0.390845211551872,51.0813330515221],[0.397608532678267,51.0836439532312],[0.404080272285687,51.0812446938077],[0.405438946953049,51.0754372946201],[0.400550541461654,51.0717446571812],[0.411299136844111,51.0658943029568],[0.41778158158249,51.0678844070366],[0.418283267450079,51.0626224820724],[0.425561309052251,51.0640654802393],[0.440817079130448,51.0579170214968],[0.463270995655292,51.0547787785098],[0.471401350544272,51.0490775733241],[0.466090032797232,51.0427361455815],[0.466404986849691,51.0343115900781],[0.472315718218743,51.0304415042064],[0.493341095454615,51.0310698763873],[0.50961955617844,51.0236729189393],[0.537599985721585,51.0216735925484],[0.541906835545265,51.0110064484459],[0.563323404090363,51.0075264898123],[0.570288243754306,51.0035600069064],[0.627378797210756,51.0178093832627],[0.637162698379248,51.011876129101],[0.646686120922549,51.0168372989667],[0.655159415978355,51.0147273045332],[0.661305672856422,51.0177919858005],[0.676955691724366,51.0032988180999],[0.699220185124936,50.9984903004628],[0.706770990914701,50.9936019661493],[0.711254871412339,50.9984717548391],[0.737877708269638,51.0008282107588],[0.778156839319064,50.9910833186944],[0.781053681460615,50.9864990977436],[0.777026584924308,50.9848553542473],[0.781702370042183,50.9828859287921],[0.777134734584986,50.9754284625366],[0.784327658458547,50.9772296847552],[0.813463110339749,50.9490108144131],[0.812957404264211,50.9419939534731],[0.819068116062669,50.9454549957658],[0.82986882047594,50.9456651226067],[0.841403549674911,50.9576091995088],[0.84611287698374,50.95185382085],[0.855967811960359,50.9531286041548],[0.859628631653481,50.9396798046464],[0.867891568970418,50.9332620058897],[0.854695923380471,50.9237306013752]]]},"properties":{"FID":80,"SICBL26CD":"E38000235","SICBL26NM":"NHS Surrey and Sussex ICB - 97R","ICB26CD":"E54000069","ICB26NM":"NHS Surrey and Sussex Integrated Care Board","BNG_E":564123,"BNG_N":117995,"LONG":0.334559,"LAT":50.93804,"GlobalID":"ded0c14c-654e-4028-9fca-9234bb2381f4"}},{"type":"Feature","id":81,"geometry":{"type":"Polygon","coordinates":[[[-2.16485125529643,52.4302039228808],[-2.13602685066768,52.4262681797662],[-2.12969694767081,52.4322104095057],[-2.11751849402186,52.4339438983776],[-2.10524948176351,52.4442078574767],[-2.09856517139536,52.4452835169229],[-2.09026343754368,52.4426390547598],[-2.08482072557684,52.4321974581153],[-2.06805191622307,52.4351951274049],[-2.0675463455262,52.4325584911287],[-2.06234949600324,52.4324553865001],[-2.06672524307649,52.429423066956],[-2.06246739187917,52.4274307180811],[-2.05578188926403,52.4413060240234],[-2.03788109715417,52.4415574984234],[-2.03698779210876,52.4275457398735],[-2.02970637405169,52.4273014383106],[-2.02476552998301,52.4348821116495],[-2.01699022361714,52.4326829759436],[-2.00974067286677,52.4265219116369],[-2.00468629238314,52.4284101536776],[-1.99706105186013,52.4174260876196],[-1.98603718108864,52.4167262120607],[-1.99779487627222,52.4097354672011],[-2.00923783479496,52.4103880891076],[-2.0158246027786,52.4059170876369],[-2.02753438844949,52.4081047746596],[-2.03364067162777,52.4023279778657],[-2.02135707907786,52.4001937681778],[-2.01135265842701,52.3861805862206],[-1.9984862804532,52.3811380659677],[-1.98927600937474,52.3824865321183],[-1.98362442414215,52.387334156858],[-1.96636184429923,52.3894651750325],[-1.96492707842668,52.3921878710167],[-1.95891177814612,52.3882482586897],[-1.95361376974341,52.3933706652199],[-1.93431467821859,52.387236357065],[-1.91857801414633,52.3981927926207],[-1.91367509377613,52.407464205314],[-1.90458771935998,52.4031456122199],[-1.88593903917869,52.4046877617523],[-1.88269743045663,52.399812984847],[-1.86477913205758,52.4048148530022],[-1.8454756257645,52.4004064821859],[-1.87203397069975,52.3675986472333],[-1.87612475956952,52.3635815572215],[-1.88897962651008,52.3608942896914],[-1.87307940151055,52.337297950795],[-1.86483095038354,52.3330927216733],[-1.86666960496699,52.3182544514954],[-1.87038474411927,52.3126092278684],[-1.88093414132262,52.3109336148871],[-1.87522948267299,52.3042599148763],[-1.88656604687224,52.2865796822402],[-1.89556310607445,52.2827203749705],[-1.90057938630294,52.2836120552],[-1.9159767170836,52.2750342685564],[-1.93740119333701,52.2761530898321],[-1.93421734225207,52.2507489574834],[-1.92392199941081,52.2401831003445],[-1.91742323753903,52.2183456512984],[-1.92011779139605,52.2102627260501],[-1.93563409287895,52.2041212333302],[-1.93484098788034,52.1928923384439],[-1.94180398560519,52.1772319764619],[-1.94934878289732,52.1729622844785],[-1.96067487009878,52.1740248315345],[-1.96196585496688,52.1707365414848],[-1.94721459391455,52.1679487296565],[-1.94386647738511,52.1709063052203],[-1.93548376523174,52.16955748421],[-1.93411889583782,52.1653937091784],[-1.94430232176377,52.155333150015],[-1.94007692194413,52.1530420274013],[-1.92188719693701,52.1530059002174],[-1.91687811420632,52.1467158611205],[-1.90510018012093,52.142736883144],[-1.90347293110789,52.1334510055435],[-1.885118107634,52.1468531775177],[-1.8942299436206,52.148251497107],[-1.8897717496732,52.1562129532537],[-1.86692722693421,52.1530079460516],[-1.86387722509125,52.1470384195747],[-1.8669624374024,52.1446396011068],[-1.85418783181965,52.1385208944214],[-1.84581036371608,52.1426541094676],[-1.84690825104365,52.1471859339763],[-1.85190366184489,52.1479696774119],[-1.83967225608183,52.1527136700345],[-1.83146982411043,52.1456742908103],[-1.82334815686271,52.145924736087],[-1.8278447792606,52.1412448834041],[-1.8232177794601,52.1363818381526],[-1.80843402865408,52.1398755355977],[-1.78554810360808,52.1320586467508],[-1.79577409303144,52.1244418727796],[-1.79100425050097,52.1201935438799],[-1.78062727273983,52.1201431255733],[-1.76969976742047,52.1153144051892],[-1.7573981023276,52.1159444643484],[-1.76764876960817,52.1125925574377],[-1.78941726028147,52.1063748741708],[-1.79013507267518,52.1005915011178],[-1.80228891707526,52.0969414913639],[-1.81273681269314,52.078743988216],[-1.81894337218524,52.0854044045473],[-1.83175290920489,52.0727695280614],[-1.84661963548072,52.0794211181623],[-1.85323823121937,52.072413013146],[-1.86873415409929,52.0739174257736],[-1.8744062007853,52.0699909224998],[-1.871682381879,52.0654261706584],[-1.86498831485027,52.0662782149792],[-1.8628776725942,52.0634318973356],[-1.86344926481007,52.0534176152542],[-1.83458886355862,52.0437330419461],[-1.82975123790382,52.0390716014004],[-1.83056057331987,52.0321390136918],[-1.82502292661639,52.030933473846],[-1.83565941991244,52.0225023772399],[-1.83530890463337,52.0091624127472],[-1.8390506007515,52.0067833158831],[-1.86154348957884,52.0126276785726],[-1.86226894927234,52.0174852845695],[-1.91344602062788,52.0444612792605],[-1.92215729354365,52.0356150171948],[-1.92704460425499,52.0366609144967],[-1.9317299436615,52.0299593839514],[-1.94752094126906,52.0318949257186],[-1.95138754318718,52.0377252393243],[-1.984135769507,52.035879329256],[-1.99518948775446,52.0265630293482],[-1.99856528245932,52.029667597664],[-2.02366740738544,52.0169479776661],[-2.0292715854807,52.0128397183146],[-2.02700013427009,52.0105996192321],[-2.03825230956767,52.0095628141951],[-2.03835601892543,52.0046005732218],[-2.04951400994408,52.0037962276257],[-2.04868319234933,52.0071150910397],[-2.05929352230299,52.0094738384046],[-2.06077204059991,52.014678729574],[-2.08487314705116,52.0104783724582],[-2.11214094498174,52.0153475493936],[-2.13073836977311,52.0064399191885],[-2.13521742217972,51.9997029995223],[-2.14068715406416,51.9994643350455],[-2.13906374353089,52.0039498490278],[-2.1507330804629,52.0066134935112],[-2.14003963700791,52.02727163392],[-2.11792262768376,52.0330715263466],[-2.11608967791455,52.0378699211857],[-2.11838379426561,52.0421085995635],[-2.13323116806765,52.0462310976412],[-2.14228122808363,52.0456883363512],[-2.16203632030951,52.0505672148443],[-2.18045124340665,52.0422624517144],[-2.17688351435382,52.0226154680019],[-2.18768308541375,52.0190800420219],[-2.18406573564104,52.0139011486907],[-2.16472345495905,52.0041953736116],[-2.16491537587947,51.9959595096708],[-2.17142228418864,51.9947579270008],[-2.18074849077779,51.9996151444012],[-2.17942578969576,51.9948475252948],[-2.18508421119727,51.9905607618818],[-2.20288612310318,51.9963630234902],[-2.22061339773497,51.9954966085793],[-2.25135998194161,51.9665650591727],[-2.28220895694048,51.9707161307978],[-2.30043284665435,51.9667752039056],[-2.30946535553941,51.9706466834154],[-2.31261947041921,51.9765049392085],[-2.32656519339306,51.97581069424],[-2.32065676667531,51.9921283867293],[-2.32470985397713,52.0035672112975],[-2.32942320625051,52.0068285653373],[-2.34049314802345,52.0067404616298],[-2.3525426159631,52.0135353248114],[-2.35137856599261,52.0213590064166],[-2.38698279241982,52.0121665123624],[-2.39289182133114,52.0129588280391],[-2.39901832359183,51.9961459178584],[-2.41317728044146,51.9940925664429],[-2.4372938464723,51.9971669935046],[-2.43363713447862,52.0078793769748],[-2.43659411610663,52.0148143210443],[-2.46325547342475,52.0143403007074],[-2.46406854622709,52.0232683780754],[-2.47893223643684,52.0225303762216],[-2.47936406290343,52.0170773050492],[-2.49198445616964,52.0076618004962],[-2.4854969344298,52.000332550048],[-2.47766416127044,52.0001506062264],[-2.47099277770301,51.9947360112164],[-2.48863764953457,51.9874080219431],[-2.49491252837916,51.9810754548638],[-2.49224441516231,51.9641284869],[-2.49903008620462,51.9637180500266],[-2.50090666396629,51.9606087801451],[-2.49018755727369,51.9549795975823],[-2.48610715013568,51.957420423753],[-2.47372869537076,51.9565387204771],[-2.46548752905281,51.9516963629483],[-2.46604260017111,51.9279741643538],[-2.45502277429126,51.919347225336],[-2.44818443550607,51.9186685536601],[-2.44015444473154,51.9024423366865],[-2.44538861052582,51.9005558649646],[-2.43935794414736,51.8973957581181],[-2.44600952139731,51.8939945739334],[-2.46651800226982,51.8925640749013],[-2.47340814580388,51.8855535848912],[-2.48672864998722,51.8847155384844],[-2.48779472373013,51.8804175889203],[-2.49386158780973,51.8800029798278],[-2.49465598737098,51.8842397411895],[-2.50110820890884,51.8818997139174],[-2.50194740557843,51.8862532956141],[-2.50862424428812,51.8851690656995],[-2.52223331938269,51.8646960625171],[-2.53162393133454,51.8607712717978],[-2.54390160593455,51.8602320601216],[-2.56165761884046,51.8642922801097],[-2.58072942526825,51.8616520790728],[-2.58521880361221,51.8599304573922],[-2.57880590425733,51.8532099942469],[-2.58281705225311,51.8495773502887],[-2.60121657863214,51.8562162116222],[-2.60943427831346,51.8467969561649],[-2.62159341512374,51.8433246806919],[-2.62546633703481,51.8389644274367],[-2.63671026194235,51.8430957393752],[-2.63597000330365,51.8399119262404],[-2.65022843881566,51.8261461559558],[-2.65685679224595,51.8268809501122],[-2.65819464220369,51.8327104922432],[-2.66615723406653,51.8356496950101],[-2.68285645021157,51.838456232126],[-2.68700246111911,51.8330562471823],[-2.69329524550563,51.8338412287702],[-2.69732484441212,51.8447684671335],[-2.70514812928918,51.8456586973964],[-2.70720736425571,51.8393505726343],[-2.71504488950192,51.840228313949],[-2.71971058813683,51.8487962764457],[-2.72757535179508,51.8400928808316],[-2.73153745850976,51.8414096559628],[-2.73886726177589,51.8366649649387],[-2.74130267391361,51.8425734859867],[-2.75682143852299,51.8460168242003],[-2.76961170588144,51.8623718964001],[-2.77884118861004,51.8659595908817],[-2.77689446771269,51.8733237419826],[-2.76833151221111,51.8805055266716],[-2.80163006789593,51.8903858307035],[-2.8209504295158,51.9053356187948],[-2.83615132881352,51.9060328179834],[-2.84190836643276,51.9177265129251],[-2.84515052134741,51.9152216497501],[-2.85372668627651,51.91574243769],[-2.8541222775889,51.9133179469049],[-2.86191973059448,51.9140181267325],[-2.86331813618835,51.9171873032161],[-2.84494866834356,51.9221337480125],[-2.85900766989499,51.9277333261807],[-2.87014463264459,51.9269573078255],[-2.87783528744313,51.9338143837632],[-2.88852041833636,51.9335721254556],[-2.88702775624421,51.9282040327794],[-2.89227376231186,51.9254281851596],[-2.90413548526784,51.9251821863313],[-2.91611472601978,51.9176600781012],[-2.92741877616799,51.9139656242458],[-2.93400803308749,51.9150140739589],[-2.95233445553882,51.9062704790664],[-2.97184637196995,51.9049815769802],[-2.97666543112588,51.9274902289367],[-2.99924251364546,51.9234577859019],[-3.00812329558841,51.9271305594168],[-3.01316284025061,51.9449549238224],[-3.02594444682362,51.9572824243474],[-3.03533533698398,51.9597408675779],[-3.03960859377534,51.9664808078825],[-3.06825380998933,51.9838396907814],[-3.06942497510561,51.9894889560587],[-3.08408788194307,52.0041082347404],[-3.08689717300397,52.0139114160932],[-3.09919908155555,52.0226858563749],[-3.08628694189561,52.0401941748161],[-3.09281228940061,52.0474789720545],[-3.09058813612368,52.0505128102607],[-3.11646181132408,52.0658558552661],[-3.12597732925477,52.0783302383525],[-3.11885988512858,52.0887277088335],[-3.12271473301428,52.1031580923742],[-3.10546548989801,52.1053863329426],[-3.10498504153052,52.116727594575],[-3.12806135165853,52.1245704374411],[-3.13681471768563,52.1233201910364],[-3.14122897828434,52.129922162489],[-3.1341353308919,52.1335883231232],[-3.13587353559957,52.1379085500581],[-3.09368985575672,52.1443057718783],[-3.07253826482082,52.1557732500672],[-3.07157158793465,52.1581896537594],[-3.08254324988496,52.1630471080898],[-3.09887736448918,52.1547062185559],[-3.1224304805439,52.1634196405383],[-3.12199467560211,52.1669167905005],[-3.11245897316116,52.1702310889548],[-3.11248951960937,52.1736233519229],[-3.10140999925018,52.1772661236432],[-3.09472402278763,52.1837307670624],[-3.10179330922645,52.2026456916225],[-3.07209188152227,52.2130872266867],[-3.07800910565713,52.2160448040429],[-3.07037320005056,52.229237759988],[-3.07303667964583,52.235876859764],[-3.04416426259323,52.2379450179811],[-3.04370626126037,52.2455221502441],[-3.04994833246591,52.2450134700659],[-3.04525669257688,52.2468569707344],[-3.04832745035798,52.2502552412703],[-3.03600936962156,52.2567693745567],[-3.00561376949521,52.2642113274191],[-2.9897779814795,52.2604971767115],[-2.97858445316663,52.26238590196],[-2.9773017489508,52.2596883323573],[-2.96499104114506,52.2623361067971],[-2.96506478262022,52.268122969549],[-2.9559542310323,52.270920472823],[-2.94963480391474,52.2694683587944],[-2.96503604927479,52.2743116600836],[-2.99267445000644,52.2728543071187],[-3.01260283179816,52.2792653979273],[-3.00934207902857,52.2828435819117],[-3.01195273416545,52.2880415570505],[-3.00552431322792,52.2906824549016],[-3.00129440474085,52.3000766692633],[-3.00086601627291,52.3217656932197],[-2.96684046170455,52.3295017080902],[-2.95472681200755,52.3492494115417],[-2.93314968988304,52.3500520895749],[-2.93617150065292,52.3529349150404],[-2.93065605680337,52.3549932477863],[-2.93888905433533,52.3610579687702],[-2.9261435052971,52.3669954891301],[-2.9008055076714,52.3672699852608],[-2.92231093462231,52.3751467763169],[-2.91400717993104,52.382133325097],[-2.91955606236878,52.3845414838025],[-2.91768483270972,52.38628873992],[-2.90542518178858,52.3857831119127],[-2.89306091614166,52.379656825284],[-2.89313454165278,52.3740883165026],[-2.88650651175429,52.3785110685814],[-2.88845638956026,52.38515408973],[-2.8637852584218,52.3887139442475],[-2.85224369027911,52.3954374462446],[-2.80543284400294,52.3882520573279],[-2.80738898548442,52.3759680680738],[-2.79865044187795,52.3726600173362],[-2.79211209940976,52.3745336300931],[-2.79562417526236,52.3604387895189],[-2.79242000534236,52.3568636091273],[-2.743580206268,52.3594360625203],[-2.73271078134942,52.3555443238585],[-2.74117949437272,52.3497216290785],[-2.73792843863336,52.3427278305691],[-2.74838009943376,52.3349024976111],[-2.76698725753452,52.3361130777188],[-2.73717190039894,52.3194763734732],[-2.72466802434573,52.3198485348099],[-2.71239428712793,52.3081366866917],[-2.67981117913629,52.3120231603308],[-2.67994485799771,52.3151994136151],[-2.68912790308138,52.3166057165508],[-2.66606618418458,52.3423011390766],[-2.65599469963562,52.3379020090551],[-2.65933841649867,52.3342790730562],[-2.64916854510214,52.3317184450662],[-2.64330636441418,52.3338065148522],[-2.64101458383448,52.3286433239315],[-2.6362250046982,52.3283273465377],[-2.63689156307026,52.3244774914687],[-2.62940033290211,52.3207142480612],[-2.62393518447402,52.3213942049625],[-2.62808474312832,52.313482324959],[-2.62078463866358,52.3070650041309],[-2.61000148007726,52.3062811640064],[-2.59508904100778,52.313885841746],[-2.58450045199968,52.3131720115666],[-2.57485276867592,52.3175760444325],[-2.56264462485607,52.3111365435941],[-2.56221885029978,52.3331083837307],[-2.53914985391413,52.3441391327814],[-2.52190741868063,52.3418476897591],[-2.51212957212345,52.3371101987769],[-2.5084102007835,52.3332570443391],[-2.51320487876784,52.3292140106367],[-2.48179580231915,52.3310778395069],[-2.47822147089277,52.3384222624025],[-2.48435441963888,52.3445595350253],[-2.48179222959915,52.3511197201919],[-2.48832724613237,52.3553975147147],[-2.483889973009,52.3604916354238],[-2.47418020230667,52.3606127672468],[-2.4746825568088,52.3671890860772],[-2.46774912443708,52.3645519876286],[-2.45765294962029,52.3678243922279],[-2.42633678922748,52.3658325525026],[-2.41402250549382,52.3683540048124],[-2.40992100801728,52.3706186721572],[-2.41515914457972,52.3789837568838],[-2.41047386236039,52.387153399889],[-2.40537908264041,52.3830650035191],[-2.39359433953089,52.3843707610422],[-2.39067280537045,52.3815280083266],[-2.3874420345397,52.3844880546632],[-2.37787042341023,52.3831579012985],[-2.36735176264213,52.3880632141188],[-2.35263291188838,52.3889368537774],[-2.35014575246184,52.3857249271094],[-2.33553262146091,52.3853473808066],[-2.33403652887887,52.3887821686526],[-2.34218162485081,52.3931778040552],[-2.37294567496943,52.4019641333962],[-2.3657941949423,52.4084611022258],[-2.36352787527631,52.439425884165],[-2.34510902676651,52.4393326801107],[-2.33311909287924,52.4353549626377],[-2.3259552987506,52.4383012213903],[-2.32155091838751,52.4362194336038],[-2.31175017012028,52.437531270616],[-2.30618471803341,52.4459459308922],[-2.2873820002346,52.4553169186055],[-2.2949640719407,52.4489476535557],[-2.26950466498344,52.4386159552043],[-2.26273111376143,52.440705078665],[-2.26139279276121,52.4372874226139],[-2.21787710178832,52.4353684176753],[-2.21042767545025,52.4299530549592],[-2.19699587084126,52.4277553875112],[-2.19289618850817,52.4232966626486],[-2.18580908885813,52.4262100909523],[-2.16381089145443,52.4232584214488],[-2.16485125529643,52.4302039228808]]]},"properties":{"FID":81,"SICBL26CD":"E38000236","SICBL26NM":"NHS Herefordshire and Worcestershire ICB - 18C","ICB26CD":"E54000019","ICB26NM":"NHS Herefordshire and Worcestershire Integrated Care Board","BNG_E":364519,"BNG_N":249269,"LONG":-2.519861,"LAT":52.14058,"GlobalID":"27c2e624-ce17-444a-ae17-426fe0ffcf02"}},{"type":"Feature","id":82,"geometry":{"type":"MultiPolygon","coordinates":[[[[0.676507130024316,51.3925512210171],[0.672607382371696,51.38977196703],[0.670533435232856,51.3943702558407],[0.682059664687934,51.3963213313544],[0.676507130024316,51.3925512210171]]],[[[0.614643851364023,51.4004466705878],[0.615324178551404,51.3953841229014],[0.61156097058342,51.3997365410907],[0.603388365956422,51.3938329616353],[0.597014785817756,51.3960797897663],[0.595128335286905,51.4002164415197],[0.608113907189036,51.4015436382047],[0.614643851364023,51.4004466705878]]],[[[0.564435834328907,51.4079545418085],[0.574611573011941,51.4050136157666],[0.579464870558879,51.4068829072556],[0.582572584376833,51.4031341853723],[0.561520430470315,51.4022334214046],[0.564435834328907,51.4079545418085]]],[[[0.691199231999407,51.4116741203557],[0.694536882817616,51.3966268940346],[0.680355249781893,51.3999471100885],[0.672639129239268,51.3984055078142],[0.671378445792679,51.4070684332994],[0.665928519130536,51.4062823343678],[0.672103097763797,51.4101737462213],[0.677909185210685,51.4063887908945],[0.675070837748216,51.4087101923606],[0.68249432838637,51.4089803021655],[0.682969207446559,51.4126452811321],[0.691199231999407,51.4116741203557]]],[[[0.638913923900006,51.4212668831784],[0.638491997773013,51.4164889533816],[0.636958804927212,51.4196632246311],[0.629883738779221,51.4210516455041],[0.633850979082726,51.4238271128173],[0.638913923900006,51.4212668831784]]],[[[0.686969928801202,51.4222752183707],[0.687828097002103,51.4143462380993],[0.680518944825991,51.4192408710354],[0.676310720169763,51.4192767653696],[0.672311526334751,51.4134760833166],[0.668088464927327,51.4204841327452],[0.660113688435495,51.4175876614239],[0.66700183993546,51.4239086007268],[0.686969928801202,51.4222752183707]]],[[[0.638316450414561,51.4275994263073],[0.633151989594985,51.4269565040907],[0.636621967698649,51.429429157828],[0.638316450414561,51.4275994263073]]],[[[0.658144775252846,51.4396251359855],[0.650279889439622,51.4390468534577],[0.654086491433999,51.4423279808341],[0.657287521284768,51.4416160067432],[0.652955609325572,51.4402490719954],[0.658144775252846,51.4396251359855]]],[[[0.658562665695052,51.4479350139327],[0.661211601884388,51.443737692295],[0.655529088820357,51.445439576151],[0.658562665695052,51.4479350139327]]],[[[0.902019423826626,51.41649050846],[0.911493190502033,51.4064274343202],[0.938176834545083,51.3898286030408],[0.951024989787225,51.3734796267971],[0.943659186307583,51.3674849732086],[0.943561580214593,51.3703332330578],[0.937273275175206,51.3705549515886],[0.921363488901706,51.3598412170696],[0.897167768282596,51.3543359750737],[0.881073414545734,51.3577847428966],[0.874548976977892,51.3637976544867],[0.871589864149841,51.3638988104337],[0.858344452992976,51.3643506799109],[0.857587703227935,51.3703332217298],[0.856853160609674,51.3649743955466],[0.849415664276802,51.3706510550602],[0.83935407614591,51.3705985818389],[0.850705210920254,51.3670993389676],[0.850392452322052,51.3639607811816],[0.843784912196368,51.3635637582138],[0.806285518209497,51.3721779156716],[0.805958846059795,51.369796964207],[0.796340708793607,51.3685572960392],[0.796975443080189,51.3706944316648],[0.791983651520665,51.3700597977374],[0.788106767537405,51.373391787254],[0.780629516837981,51.3706608084485],[0.782684917465582,51.3690119281097],[0.773588792479123,51.3677453843928],[0.765014595193675,51.3707918860802],[0.765507837120967,51.3774979003171],[0.77029844199816,51.3792411566307],[0.76426482338305,51.388232055303],[0.751409948692771,51.3911257038024],[0.751374813125351,51.3913540751819],[0.750858710068596,51.3947084713775],[0.731033222347362,51.4013736082002],[0.721502840029973,51.4144703159104],[0.732135030122885,51.4090261647353],[0.740595074530389,51.4112300836497],[0.742854868543226,51.4151961713856],[0.741219182244334,51.4151224804381],[0.736304499389471,51.4211185506332],[0.736594700272609,51.429792509994],[0.736635367848672,51.4298411644817],[0.745484642526073,51.4404254745278],[0.74469977293114,51.4468740939072],[0.753347467372618,51.4450059202019],[0.769415508324849,51.4407788123452],[0.790944544090802,51.439315042035],[0.791602397131471,51.4392702531539],[0.815472781213597,51.4279341785404],[0.836357977767097,51.4253967034772],[0.837342430132024,51.4252770002117],[0.875235301636961,51.4220599151752],[0.883970868849043,51.4213164237011],[0.902019423826626,51.41649050846]]],[[[0.553635220224846,51.4849423698579],[0.554562045035346,51.4813714750969],[0.559953741354911,51.4846957191627],[0.574545954216846,51.4842656879642],[0.581329728756614,51.4803225946171],[0.582489838599842,51.4796481714454],[0.585781233209322,51.4844404064317],[0.59099918162024,51.4833795488009],[0.610500456006954,51.4794122054164],[0.615237628800612,51.4750832082893],[0.642301431602885,51.4790678582897],[0.659983867168387,51.4776769830092],[0.669693547793596,51.4750028034865],[0.671328618731534,51.4690952622616],[0.674753977963859,51.4680504709286],[0.671236258818385,51.4721975570612],[0.686039395389154,51.4750953903679],[0.703174915090527,51.4712712920477],[0.720386019001547,51.4597369951011],[0.722708359545191,51.4537641553571],[0.723245914245339,51.4434967108672],[0.710285623311776,51.4348165232554],[0.675501873781444,51.4335515207182],[0.676654119631884,51.4387884642708],[0.668998433876607,51.4437262042941],[0.672095123587682,51.4479322152363],[0.663514946631934,51.4436251422301],[0.662221518108075,51.4477134742226],[0.656010750846126,51.4492240783769],[0.645112477977836,51.4433843451895],[0.635814795441336,51.4462226450498],[0.633434631384088,51.4412539461587],[0.629564702628731,51.4417006422516],[0.633136336482891,51.4449481585375],[0.62869585516671,51.4423595512216],[0.628902159511501,51.4376826148607],[0.619544666982939,51.4368830103684],[0.619130831836547,51.4353035519736],[0.618532799276835,51.4330208739623],[0.6180278581281,51.4310933385295],[0.61764162784895,51.4309929407527],[0.612448943455794,51.4296429513239],[0.610137919148001,51.4226171087892],[0.605211185230282,51.420496217794],[0.613591817471719,51.4228955181457],[0.618297224993446,51.4286832647333],[0.625179599482746,51.4235809253253],[0.610866385052462,51.4174042897816],[0.587201216227894,51.4162586713378],[0.576660088460681,51.415746814298],[0.563533826149856,51.4095409873882],[0.546972649596005,51.4120765246019],[0.537995771812742,51.4124313097141],[0.532385454358505,51.4126526892089],[0.522912218953276,51.3997966746468],[0.516320201019939,51.4010329223273],[0.522986227182469,51.3980089945012],[0.518957858840061,51.3869750851834],[0.507116743377568,51.3968559394086],[0.506678242923383,51.3966246863998],[0.499629562104465,51.3929295339853],[0.49285478693765,51.3918401971019],[0.491953531526442,51.3916952558642],[0.493357404825218,51.3916869615848],[0.499249764409765,51.3916520132979],[0.500123410258311,51.3916468485123],[0.501366086665237,51.3916394904683],[0.50171107099614,51.3916374456485],[0.501982424999534,51.3917431962554],[0.507921296286837,51.3940571279664],[0.508264421429564,51.3941907930353],[0.508643685189527,51.3943385332675],[0.508797695928836,51.3937873600056],[0.509083353979711,51.3927650128804],[0.511020337651678,51.3858323905939],[0.513837485391827,51.3856464103661],[0.520894677336303,51.3851801195997],[0.52254435937189,51.3850710587366],[0.53210693227338,51.4015678425127],[0.537174124721616,51.4103051528523],[0.548219439352305,51.407597549873],[0.554600887071531,51.3998522701256],[0.555225754533474,51.3990936719351],[0.558686583839698,51.3962614976596],[0.561931696477051,51.397911941138],[0.560969209700235,51.3948140325981],[0.578108512784405,51.3912001208995],[0.581993738559095,51.3903804773635],[0.582379868943708,51.3902990097663],[0.585736634895553,51.3903027554065],[0.592670131145006,51.3903101864996],[0.59463797427138,51.3864487827875],[0.596994994121358,51.3881944490311],[0.602144396925179,51.3906345114808],[0.597169363775774,51.3878604689889],[0.598807699613964,51.3847222321305],[0.616297375930775,51.3779268551228],[0.621935826320594,51.3827646424678],[0.619231580898711,51.3884876227659],[0.634639670068849,51.3890893916805],[0.63479221578825,51.3856161663006],[0.624810784741108,51.3810643044718],[0.62253090346988,51.3760301798216],[0.625078644058274,51.3752773202731],[0.626927098579493,51.3747310490736],[0.640903954263681,51.3875381495957],[0.639939999193337,51.3950868245995],[0.648018280128286,51.3976009888512],[0.659647215083668,51.3918350940283],[0.660316718734981,51.3838998446545],[0.66320599485889,51.3853658789407],[0.662591741294943,51.3827328925681],[0.666856528342941,51.3830595493231],[0.666668134535805,51.3795891067662],[0.666641485246801,51.379017174341],[0.666871178503406,51.3788639831577],[0.6716996732238,51.3773532040133],[0.670065397523827,51.3733009985029],[0.682529407119001,51.3803435401528],[0.686488701397093,51.3915519774466],[0.698161822243421,51.3941429770454],[0.70314566629449,51.3917688125536],[0.69474483818232,51.3849514567992],[0.695285660677322,51.3798223137793],[0.713540880278358,51.3839501499076],[0.719187552877468,51.3881822774487],[0.705602106443239,51.394565025189],[0.706478837631449,51.3980191723802],[0.705145361743755,51.3950108459907],[0.701780352159101,51.3957279935342],[0.704584477940573,51.3985162179135],[0.700348420638372,51.3987784929096],[0.695894033644864,51.4072832742972],[0.698584478441736,51.4096002753942],[0.700315830446945,51.4093065390776],[0.69795485785194,51.4146373470882],[0.697726389981625,51.4151531326399],[0.698937274215735,51.4214003662417],[0.708003495789632,51.4197576013046],[0.727977427880636,51.423589955274],[0.729682171383601,51.4209581961465],[0.714703442480433,51.4197753013072],[0.728720267910784,51.4202421655941],[0.73226780037907,51.4150140136584],[0.723723202381617,51.4173669854587],[0.716859003235301,51.4140887848202],[0.716940133060131,51.4139647839535],[0.720491372294073,51.4085362657009],[0.726779321377664,51.3989210112311],[0.726931078874957,51.3988437041286],[0.735899413635428,51.3942743620521],[0.736370065452002,51.3955097189182],[0.736601799779736,51.3961179463269],[0.742793384439681,51.3943749444414],[0.74601387028435,51.3920994671122],[0.758510700924964,51.3832670699586],[0.762826106628123,51.3843940140568],[0.759672840981839,51.3713833627103],[0.75950672886319,51.3706977516748],[0.764020963389108,51.3641960426809],[0.764794268508334,51.3630820746127],[0.76274156403594,51.3625164812504],[0.757030918941361,51.3609427197916],[0.754221797984762,51.3528701427358],[0.75410387149945,51.3525311887009],[0.743775934087206,51.3469465689899],[0.741322853947275,51.3456154016009],[0.754362156854587,51.3503719657266],[0.756799206869417,51.3547136154768],[0.760169306254271,51.3607159514813],[0.761414546762722,51.3607742502207],[0.779249425136983,51.3615936045379],[0.77934939240083,51.361584225164],[0.814325878592542,51.3582969330704],[0.809184211661689,51.351538036641],[0.813485739713228,51.3495519301114],[0.811167113296509,51.3521362430023],[0.817172007554753,51.3563846988062],[0.837533149209902,51.3538380117381],[0.862759338185725,51.3563100041828],[0.87101841620203,51.354758848553],[0.875815422427481,51.3538575939706],[0.897630039101061,51.3444082918346],[0.896918904473547,51.3431116260286],[0.895316840077651,51.3401901666895],[0.893122915189831,51.3361887571814],[0.892700081540241,51.3354174795812],[0.894522204308626,51.3363857666996],[0.898902658413543,51.3339667501524],[0.908438250349256,51.3352730518207],[0.909937937655363,51.3354784190533],[0.907185050666276,51.335611796741],[0.90204403830648,51.3358607048711],[0.896401321715557,51.3361714049791],[0.896732044021021,51.341463319704],[0.919042979012452,51.3457176622658],[0.950258872092952,51.3457638839862],[0.997763933217489,51.3475622346186],[1.0114774123958,51.351737661133],[1.02365212756897,51.3628572644044],[1.02572774682471,51.3636279001981],[1.02770251674596,51.3629446050822],[1.02622195880542,51.3638113820646],[1.02977794295905,51.3651314716008],[1.03318205477243,51.3655946372013],[1.05336207252999,51.3656250622839],[1.05424391853995,51.3656263149273],[1.06939832238278,51.3693441161268],[1.0817272956794,51.3681966090638],[1.08228197404652,51.3681449504428],[1.09510586786096,51.3686260373198],[1.1021519589929,51.3724648270011],[1.10249486079139,51.3724701855076],[1.13668952176046,51.3729994704493],[1.15965109832819,51.3741713659069],[1.16551644581924,51.3744704776877],[1.16607667059378,51.3744990318572],[1.1849389090718,51.3775376246037],[1.20105537069019,51.3798196818276],[1.2241829236227,51.3793359474873],[1.22484215135573,51.3793080450132],[1.26321730274193,51.3776816199292],[1.28015673354218,51.3781952974128],[1.29016173352054,51.3827817518754],[1.31977608828218,51.3819306812101],[1.32070596261396,51.3819747427676],[1.33115366385493,51.3824692895823],[1.33490367292687,51.3863572923253],[1.34489268691255,51.3851752607186],[1.34520972127283,51.3851377302484],[1.3743196053089,51.3874202609683],[1.37465246315422,51.3874473226701],[1.37888554679016,51.3877913854228],[1.37859317122014,51.3912557937108],[1.38769206271231,51.3926771370384],[1.38868186332305,51.3928317068192],[1.40298471852165,51.3922892927081],[1.40390807824205,51.3923524874678],[1.42492483282119,51.3937887717512],[1.43473915054955,51.3892959773096],[1.43509146461748,51.3891946492793],[1.43520024275902,51.3891633636475],[1.44205295433473,51.3871921782484],[1.44299683436132,51.3859774565472],[1.44271396639035,51.3847980419339],[1.44505415410662,51.3833295602264],[1.44753399513297,51.3801374337102],[1.44958517398544,51.3774967277419],[1.44678475921496,51.3701690618453],[1.44601262177811,51.3681481500796],[1.44581716052751,51.3676365420178],[1.44345428855601,51.3581136538285],[1.43632642938745,51.3426192065403],[1.42993924121338,51.3361661258676],[1.42524637005064,51.3303188368106],[1.42490831057723,51.3298975503216],[1.42468182646303,51.3259930963434],[1.42320345571096,51.3313764659113],[1.4181076040947,51.329175282897],[1.4216776259355,51.327660532512],[1.41458339233029,51.3274845283574],[1.41538763025354,51.3238714560925],[1.41160577966693,51.3239089943823],[1.41143755903544,51.3239106616247],[1.40926222811419,51.3268787042116],[1.37689618483466,51.3296017036786],[1.36584660196252,51.3249817945439],[1.36166989784211,51.3196184092337],[1.36315385558438,51.3135714432928],[1.36025474360448,51.3161463735181],[1.36245925542875,51.3133764258615],[1.35820153581783,51.314448617741],[1.35791814503784,51.3114818178083],[1.35618843638307,51.309326933421],[1.36434207197722,51.3124241265133],[1.36443384763087,51.3124589827701],[1.36655156762372,51.3132632468805],[1.36760031676848,51.3133931453003],[1.36771489090494,51.3131460778075],[1.37827836604297,51.2903554891627],[1.39195560894842,51.26081605586],[1.40297401784039,51.2354704348108],[1.40471030569606,51.2214914986041],[1.40495811034887,51.2154531414702],[1.40495953098473,51.21541850565],[1.40537508048024,51.2041711740248],[1.40566851896014,51.1894097677135],[1.4011389789666,51.16557392299],[1.40078838557101,51.1648860319998],[1.38832822367456,51.1515494472903],[1.38646670707691,51.1505040121545],[1.38626653759927,51.1502419744448],[1.38237503349181,51.1451742331322],[1.37957862132471,51.1421788475566],[1.34360357913591,51.1313756612932],[1.34358811415756,51.1306565455287],[1.34358753696884,51.1306297133371],[1.34358374475152,51.1304533491887],[1.3427376403994,51.1302120235257],[1.34327284217846,51.1226395599465],[1.34315672044726,51.1234465759129],[1.34271928514151,51.126889738749],[1.34266500235859,51.1268969371024],[1.34245676419281,51.126923520278],[1.33848616861152,51.1274277584845],[1.33831817943671,51.1271368525069],[1.33765191935,51.1271731135216],[1.33695057612501,51.1245804094575],[1.3362295298933,51.1249330073807],[1.33376799557387,51.1261983226289],[1.33372543964019,51.1262176040449],[1.33380484298148,51.1261186297253],[1.3337281304822,51.126156138857],[1.33506581687729,51.12470504232],[1.33576550462519,51.1239206307801],[1.33519695445163,51.123862216638],[1.33139849623277,51.1234886501054],[1.32897527553105,51.1232541443664],[1.32675373944461,51.1255453465535],[1.32670399196937,51.1255965237227],[1.32602646248942,51.1254002988353],[1.31730740621685,51.1232094877884],[1.31663433193994,51.1224027882473],[1.31573125196407,51.1221102710478],[1.31360202643253,51.1198501516658],[1.31346573736431,51.1196998523758],[1.31300210963241,51.1191885580448],[1.32006110127932,51.117630078162],[1.3229759541115,51.1141388759378],[1.31853674260935,51.1164183923024],[1.31813660859293,51.1162845035507],[1.31124965510622,51.1193444055839],[1.31011119336943,51.1167959120417],[1.3151039428338,51.1152696712641],[1.31365510371341,51.114784794437],[1.31447217971198,51.1145883964695],[1.31413683804699,51.114437401589],[1.3248199348157,51.1120061486657],[1.31270435892213,51.1144105300653],[1.30167980548908,51.1133192501706],[1.29984274753177,51.1126912926838],[1.2786057200001,51.1054284871687],[1.26396046869411,51.1022658742107],[1.26150597353128,51.1026210099127],[1.26139679183106,51.1026368053963],[1.22940501239538,51.0990296431301],[1.22647239839704,51.0988211598496],[1.22594761021697,51.0986392603371],[1.22107480326533,51.0980888736607],[1.20581199960096,51.0927795708385],[1.19929294414451,51.0832216462161],[1.18571957692849,51.0795714784135],[1.18592724423007,51.0794901521636],[1.18550583066265,51.0794221395592],[1.1942885530002,51.0761885248921],[1.19476094579944,51.0759686936582],[1.19422128090761,51.075955120971],[1.17849005149343,51.0759529299232],[1.1784238874036,51.0759529156791],[1.17759203636918,51.0759527345171],[1.16301275519442,51.0728437172404],[1.16269685925346,51.0728281989336],[1.16262940962756,51.0728248858048],[1.15189065457501,51.0722968519901],[1.14503462254285,51.0725319848815],[1.13517496906435,51.0714729925976],[1.12477946305334,51.0709594601041],[1.1246910662867,51.0709550894447],[1.11097781300053,51.0688703915544],[1.09576434902244,51.0672313875481],[1.08791953857765,51.0653609998927],[1.07580120757546,51.0635145677337],[1.07559834449458,51.0634836072134],[1.06899772669536,51.0608468275608],[1.06152697763941,51.0590634358905],[1.04419441157215,51.0509324481644],[1.03487062647203,51.0472030440377],[1.0346318358262,51.0471075124285],[0.997348035727354,51.0250792552563],[0.978315533189132,51.0040581171357],[0.978174746956862,51.00390253637],[0.977006369378348,51.0026113323006],[0.964140643478175,50.9680805152191],[0.964167314459789,50.9678777681478],[0.966286252995623,50.9517658744895],[0.970738697774562,50.941621658737],[0.981030769390679,50.918155868754],[0.978406567929974,50.9128729195088],[0.939976039628705,50.9123431727028],[0.921610132449412,50.9144726449478],[0.854695923380471,50.9237306013752],[0.867891568970418,50.9332620058897],[0.859628631653481,50.9396798046464],[0.855967811960359,50.9531286041548],[0.84611287698374,50.95185382085],[0.841403549674911,50.9576091995088],[0.82986882047594,50.9456651226067],[0.819068116062669,50.9454549957658],[0.812957404264211,50.9419939534731],[0.813463110339749,50.9490108144131],[0.784327658458547,50.9772296847552],[0.777134734584986,50.9754284625366],[0.781702370042183,50.9828859287921],[0.777026584924308,50.9848553542473],[0.781053681460615,50.9864990977436],[0.778156839319064,50.9910833186944],[0.737877708269638,51.0008282107588],[0.711254871412339,50.9984717548391],[0.706770990914701,50.9936019661493],[0.699220185124936,50.9984903004628],[0.676955691724366,51.0032988180999],[0.661305672856422,51.0177919858005],[0.655159415978355,51.0147273045332],[0.646686120922549,51.0168372989667],[0.637162698379248,51.011876129101],[0.627378797210756,51.0178093832627],[0.570288243754306,51.0035600069064],[0.563323404090363,51.0075264898123],[0.541906835545265,51.0110064484459],[0.537599985721585,51.0216735925484],[0.50961955617844,51.0236729189393],[0.493341095454615,51.0310698763873],[0.472315718218743,51.0304415042064],[0.466404986849691,51.0343115900781],[0.466090032797232,51.0427361455815],[0.471401350544272,51.0490775733241],[0.463270995655292,51.0547787785098],[0.440817079130448,51.0579170214968],[0.425561309052251,51.0640654802393],[0.418283267450079,51.0626224820724],[0.41778158158249,51.0678844070366],[0.411299136844111,51.0658943029568],[0.400550541461654,51.0717446571812],[0.405438946953049,51.0754372946201],[0.404080272285687,51.0812446938077],[0.397608532678267,51.0836439532312],[0.390845211551872,51.0813330515221],[0.39164713053417,51.085775933336],[0.381133497744289,51.0881534340836],[0.366194570789947,51.0883719708286],[0.356770492185136,51.0830608704426],[0.350811886993394,51.0840747134484],[0.353978001402056,51.0936193624243],[0.350785030667681,51.0990086672782],[0.358960234338909,51.1044785493792],[0.334703463673022,51.1055646332671],[0.324571337049094,51.1121310698887],[0.330078972654777,51.1178028138821],[0.325177268900691,51.1229170828717],[0.298718783937929,51.1181594900791],[0.273950408985374,51.120078865623],[0.278942440987287,51.1146767563302],[0.275671880196461,51.1123560983895],[0.266264403503943,51.115098931108],[0.244543022745638,51.1148785001463],[0.226284352572815,51.1244679065377],[0.219545477461785,51.1205802353744],[0.210046092688571,51.1209918507353],[0.199560793944,51.1169136600218],[0.171628585521861,51.1154105954202],[0.160483408051928,51.1168479445989],[0.151200978434492,51.1238303378921],[0.151186209397863,51.1343561268835],[0.162310212637785,51.1396780971987],[0.139511138174982,51.1467374723225],[0.121931575806919,51.1472001749619],[0.0781882017394167,51.139945872141],[0.0500160931043779,51.1426499938124],[0.0547586079878152,51.1503110422557],[0.0512233148979558,51.1516841646599],[0.0461758444522384,51.1718311574168],[0.0526001073780843,51.1806248430931],[0.0451817856177221,51.1886509551248],[0.0477949095076412,51.1917728316949],[0.0384172100823954,51.1987693727164],[0.0335918716422839,51.2143367845603],[0.0411485791577794,51.2166241129867],[0.0438092659470434,51.2308877369685],[0.0530767962796117,51.2367572963052],[0.0582426390754045,51.2477783777259],[0.0454404287792333,51.2764452836307],[0.048171240169277,51.2856526574961],[0.0423977754721116,51.2926776335773],[0.0508328491798416,51.2939763182131],[0.0585092764581212,51.2893538500191],[0.0858168408344255,51.2931484917086],[0.0911857374825611,51.2968283222047],[0.0828818352433762,51.3056550532069],[0.0850298738550989,51.3160228847723],[0.10489487245393,51.3274426453642],[0.117903334550752,51.3296629945397],[0.121683434434795,51.3336360584099],[0.118456303813869,51.3441477904148],[0.136957823988705,51.3441746325633],[0.147294740504941,51.3669475837103],[0.152057597026499,51.3696937118025],[0.147533924029833,51.3921561905137],[0.162384816338543,51.3924901656293],[0.148769278507734,51.408266778658],[0.153770489001981,51.4112655311586],[0.149158880339785,51.4124354334078],[0.154632793922159,51.4184795387185],[0.151158524896716,51.4204303871357],[0.153763522001503,51.4275227431699],[0.155874584541941,51.4308768497222],[0.164378040248608,51.428620247955],[0.172854202933793,51.4432449089469],[0.184261424751771,51.4446517904356],[0.193020124569246,51.4517008951038],[0.203353479087563,51.4543280766373],[0.2032719897732,51.4587476090157],[0.210612637694514,51.4624813543717],[0.211534708729036,51.475045659854],[0.219208383039157,51.4796063630866],[0.239670421075236,51.4685840692059],[0.254992205884017,51.4627880903359],[0.255652843346682,51.4625380999197],[0.276519122502966,51.4535684997638],[0.278490549198724,51.4538251242895],[0.294264791702122,51.4558772410417],[0.30179608298225,51.4610266843233],[0.307304466032726,51.4647918632747],[0.311043895074943,51.4637415589658],[0.309946490854417,51.4669594206122],[0.315278529325664,51.4649943797151],[0.315318057908445,51.4649798118405],[0.328482980589554,51.4508441990386],[0.325163825661595,51.4503353641567],[0.348033769156636,51.4468119229317],[0.348702820200532,51.4467087676],[0.353729766497946,51.4459335479845],[0.355894693107856,51.4455996136307],[0.356374694036826,51.4455868164576],[0.369693379841237,51.4452308446644],[0.393177829248725,51.4440001883913],[0.405479531479915,51.4433536018945],[0.406564619600801,51.4432964960946],[0.427029372087716,51.4465403239904],[0.428428830496027,51.4467620020971],[0.443243411080802,51.449498621339],[0.45850983378548,51.4552422512034],[0.459301472726115,51.4555405465562],[0.457863575310779,51.4578206663778],[0.455930347959668,51.4608858691838],[0.454310834253017,51.4634533375208],[0.458349962306228,51.4660091911741],[0.46761843428857,51.464201910678],[0.457874861059614,51.4669472878616],[0.468743597230634,51.4827715522523],[0.481491396074262,51.4871629918744],[0.529312810286617,51.485195906764],[0.530583072748773,51.4851433884215],[0.547005324745015,51.4870463276465],[0.553635220224846,51.4849423698579]]]]},"properties":{"FID":82,"SICBL26CD":"E38000237","SICBL26NM":"NHS Kent and Medway ICB - 91Q","ICB26CD":"E54000032","ICB26NM":"NHS Kent and Medway Integrated Care Board","BNG_E":590082,"BNG_N":148054,"LONG":0.719399,"LAT":51.20007,"GlobalID":"ed02c25c-2ec6-4c3a-b544-37a1227e925a"}},{"type":"Feature","id":83,"geometry":{"type":"Polygon","coordinates":[[[-0.300930325449262,53.6163879986108],[-0.298237150924658,53.6125616448375],[-0.292115057436606,53.6132674104169],[-0.290418314948171,53.6106319808123],[-0.286961413924872,53.6118317101762],[-0.283002815041786,53.6044982482111],[-0.269704867214933,53.5985095230838],[-0.259349143254916,53.5969647819358],[-0.254493569791271,53.5924395891724],[-0.248494047971351,53.5936334418431],[-0.251395628769967,53.5846531535994],[-0.239084768120196,53.5881795590513],[-0.234659335369723,53.5862435304944],[-0.222650549905049,53.5680347743694],[-0.195185087631342,53.5716190467236],[-0.189609171037535,53.5662517804148],[-0.187493474285753,53.5635743468915],[-0.219819248115007,53.5326155804692],[-0.210589655813459,53.5317066872881],[-0.213624074858215,53.5263588417934],[-0.204086558840811,53.5117673786219],[-0.210604930029191,53.486288388147],[-0.188565408374543,53.4845380989616],[-0.181801854863512,53.468711466553],[-0.153709166521889,53.4657339873035],[-0.158545644357638,53.4616184880856],[-0.149285426537789,53.446863298969],[-0.144445671961529,53.4409501594236],[-0.134248064838093,53.4407382397876],[-0.13180745819181,53.4359374671364],[-0.122634899110579,53.4372553444901],[-0.120339336102072,53.4335996788032],[-0.0822089690253196,53.451150928425],[-0.107864224019586,53.46989402975],[-0.0898036868388014,53.4776824585702],[-0.0954885183523047,53.4859889571839],[-0.0752618282669631,53.4893357227139],[-0.0649384458495684,53.518806132253],[-0.0466132777200157,53.5200986514013],[-0.039689768075196,53.5131027670181],[-0.0286390983618118,53.5173376824406],[-0.0195484588938997,53.5179752968172],[-0.0147990902624589,53.515368432052],[0.0105156521153024,53.5214149702628],[0.0169324920882467,53.5257458292944],[0.0172744329352632,53.525359961377],[0.0200616720282276,53.5229923782605],[0.0233526944867454,53.524035797273],[0.036193062671704,53.5212201866708],[0.0367592247163243,53.5169901338121],[0.0441277068198527,53.5138359093596],[0.0528452149888564,53.5138215197781],[0.0399895546880489,53.5170866380317],[0.0384550733474874,53.5224365922721],[0.030516152713641,53.5266104942593],[0.0272530849108754,53.5297029962196],[0.0539800661161993,53.5197003397565],[0.071643333377881,53.5181476831695],[0.0706602042177858,53.5151839805994],[0.0796875048973295,53.5135265008546],[0.0779768867837641,53.5178596283423],[0.0886799528490113,53.5147211289428],[0.0901568728264405,53.5103436836987],[0.0871802359105438,53.5127978913353],[0.0825063227384596,53.5111557500711],[0.0831476833030956,53.5037050916669],[0.0897387333908419,53.4955630988903],[0.0972978611434392,53.4941460106455],[0.0986918184667762,53.4955482488341],[0.101210150561288,53.4946245952604],[0.101837480705074,53.492574320503],[0.10623834753687,53.4887240147011],[0.10263367450131,53.4941881440814],[0.104099108131296,53.4953725335531],[0.108928342086255,53.4949210631923],[0.112832451944819,53.4945559301487],[0.109166153616349,53.4997180901671],[0.105654827599297,53.5046607903175],[0.108519141364695,53.5051719116258],[0.109424946658294,53.5049371279668],[0.116364556155551,53.5031380748667],[0.129137816228388,53.4993250802093],[0.129550563643596,53.4969255853158],[0.123913295194158,53.4958929977459],[0.127768762335967,53.4935925449527],[0.131873388198095,53.4901772796495],[0.134575660153346,53.4849188895039],[0.142406787680217,53.4845913853644],[0.138854153979214,53.4949784534891],[0.143298403643677,53.494566553591],[0.166462090121775,53.4775334299248],[0.166918523196667,53.4770851517426],[0.173476210774779,53.4706433941086],[0.165472469844013,53.4738310020669],[0.174016613755145,53.4598141172115],[0.175463712989042,53.4556240682558],[0.17941719064281,53.4513180070027],[0.180510853975323,53.442722576027],[0.189253216438297,53.4405147372132],[0.19380748965139,53.4322937204044],[0.199711593439013,53.4292390601974],[0.204196854629379,53.4248822625618],[0.204653146792367,53.4206438624548],[0.206242103117079,53.41864889416],[0.210963348225054,53.4174819410258],[0.214413281533619,53.4158358889213],[0.214275301209461,53.4111511452992],[0.222613929370013,53.4079328330667],[0.219182035205409,53.4111033688182],[0.228993517519782,53.405158700104],[0.223835613156703,53.4064544791901],[0.230122099176486,53.4010459469569],[0.231002232415022,53.4027043688519],[0.234093782435278,53.3973574292779],[0.227698766589481,53.3985295607698],[0.235544669932628,53.391218938222],[0.243668256790191,53.3722173817508],[0.280622408474753,53.3202669917423],[0.281294823942326,53.319320413005],[0.299739622757998,53.2947902754656],[0.300028913932396,53.2944085713773],[0.321897176885143,53.2668279681352],[0.321975233332263,53.2667294536262],[0.322179964590588,53.2664710588804],[0.337184186535268,53.2403514764867],[0.347004868153157,53.2095952613685],[0.347014910498351,53.2095637902981],[0.347399414366985,53.2083587318815],[0.355627376907466,53.1920584275719],[0.352744120132877,53.1730632898341],[0.352564087677102,53.1718766104007],[0.349562888736918,53.1447811091791],[0.349538305649106,53.1445590445388],[0.348041336269881,53.121013809194],[0.348038922873044,53.1209758140107],[0.348025421237048,53.120763230071],[0.348133250407928,53.1140276809903],[0.348210789726189,53.1091843370873],[0.338917695390133,53.1017892752303],[0.337434160673566,53.0944772539707],[0.337346940253234,53.0943432154751],[0.333032535462736,53.0877116970555],[0.332372870503056,53.0866975495652],[0.330159815418528,53.0904614780286],[0.323682968874766,53.0911914475359],[0.326291631890571,53.092511637169],[0.318570590231509,53.09213541276],[0.319268976243647,53.091402534693],[0.311295104862479,53.0948602033875],[0.313873095746664,53.0916847525133],[0.31567149310597,53.0887113681932],[0.294455213908171,53.0804082566449],[0.266347472165446,53.0613266130556],[0.265969129905069,53.0611124132551],[0.265921065017401,53.0610852002029],[0.239196633060485,53.0459464165076],[0.199579794020054,53.0326491035864],[0.199384332731624,53.0325445540341],[0.16314855177697,53.0131480017974],[0.163109163812097,53.0131269026729],[0.151425050200805,53.008107120262],[0.106720637223563,52.9664133224997],[0.0934371711236726,52.9594442521862],[0.0821340490323814,52.9458160386287],[0.0789932459074924,52.9420274162378],[0.0790057045581932,52.9392145169901],[0.0790288842584203,52.9339833845618],[0.0740667354517996,52.9324934965987],[0.0564642829438318,52.9301250522413],[0.0760407777950237,52.9316502546778],[0.076265591086182,52.9315547491972],[0.0765050804533773,52.9314509361957],[0.0516750687059226,52.9171952455835],[0.0426433700650574,52.9278225969433],[0.0445279660500216,52.9238318046773],[0.0450621275004918,52.9227005266903],[0.0494303723010061,52.9164939939121],[0.0494733119793804,52.9164869384423],[0.0499189217247257,52.9164137185988],[0.05298726758299,52.9159094983614],[0.0382539937510604,52.9062378960704],[0.0358348512866579,52.9133526296235],[0.0360491216177295,52.9047899816944],[0.0346030562643508,52.9038402914905],[0.0208417678534388,52.9040647473697],[0.0339700990431153,52.9034245833862],[0.0330334714435505,52.9028094123073],[0.00928512202967654,52.8942683512646],[0.0268357600731907,52.8987408292207],[0.0279069117612667,52.8990163763931],[0.0270049654849163,52.8984532836553],[0.0279718126620838,52.8990329172094],[0.028029364451071,52.8990475848213],[0.0325224002454013,52.900192580186],[0.0685508565176829,52.9187349186753],[0.0654593143383007,52.9120965960104],[0.069157797580135,52.9082155329059],[0.0563762601847459,52.9033926260967],[0.0733777427185805,52.9060848410489],[0.0719403837998532,52.9031985424981],[0.0799732972870037,52.9007461856636],[0.0825582728427406,52.8999568489488],[0.0798922905408875,52.8990555539236],[0.0769905204523366,52.898074434521],[0.0798727217550926,52.8986471105453],[0.0859118310846719,52.8998467687776],[0.0883820805446973,52.895125272012],[0.116162412281421,52.8936778144307],[0.145014386349435,52.8850924726062],[0.146809608141591,52.8819868005967],[0.145693278395232,52.8812353129206],[0.135877444122425,52.8746244644268],[0.139149628161661,52.8763890523919],[0.149768367248977,52.8821138073715],[0.150286836905936,52.8823932986521],[0.150349936678985,52.8822391669292],[0.151318472156955,52.8798732383871],[0.159371809046963,52.8803133635125],[0.176331510149807,52.8741162233266],[0.185246737591413,52.8557018650209],[0.192806516584825,52.8523273124693],[0.201273942588601,52.8383436115692],[0.214600838744555,52.8288227588463],[0.215079923686475,52.8284803920618],[0.211124513891594,52.8221903810769],[0.210926731243974,52.8218758076073],[0.209444563137556,52.8195182561994],[0.214905639995518,52.8226291973444],[0.216813149561601,52.8208833998008],[0.234338101479471,52.8233314951349],[0.245249322896739,52.8221806017719],[0.260734529109711,52.8152832172869],[0.268810813090537,52.815837317912],[0.262704527296333,52.8036076305517],[0.25317824975492,52.7973551876985],[0.260904100378552,52.7960562663105],[0.251998114709261,52.7925633193255],[0.245084707530042,52.7845238210065],[0.272208293724604,52.7728064249597],[0.233163126293098,52.760265348824],[0.1863236169879,52.7353487548708],[0.171625855520674,52.7380317099592],[0.17018129728673,52.7398942491249],[0.132974708353751,52.7393041517502],[0.113685077955847,52.7299901181821],[0.0987890348010553,52.7303404482689],[0.0890116899273548,52.7236300195297],[0.0633620355433505,52.7272718935228],[0.0441497433483858,52.7143821454059],[0.048848260201698,52.6817707068887],[0.0206734031795315,52.6647279081858],[-0.0312704456879027,52.6615329953777],[-0.032504273743201,52.6655443530205],[-0.0637140086467766,52.6752330825006],[-0.0654440932989069,52.6719963808902],[-0.0746111920765304,52.6720740769284],[-0.0877525030382507,52.666785993769],[-0.102197366679552,52.6722068688856],[-0.139501386349199,52.6548618263396],[-0.141062126465474,52.6515074223426],[-0.180020171311607,52.6605610201969],[-0.192867710609506,52.6524385786959],[-0.206038111408424,52.6680730825777],[-0.224498250769723,52.6654636351408],[-0.260628212726989,52.6514133632511],[-0.289240446902074,52.670276252996],[-0.33498522018007,52.6748706735762],[-0.336313509170318,52.6685624104874],[-0.350222258897631,52.6616148075151],[-0.393103032457937,52.6541012946919],[-0.405681401555854,52.6480462302321],[-0.431987033926148,52.6482676672428],[-0.452694473572505,52.6542777001824],[-0.453036127864321,52.6492453849872],[-0.475831395099793,52.6487147525376],[-0.475244872949533,52.6450578298381],[-0.484320231790382,52.6461289578065],[-0.494773484778003,52.6403140488065],[-0.495026518200818,52.640236103932],[-0.523585861389332,52.6652337562523],[-0.519017274963189,52.6665262111947],[-0.506674846297501,52.659525958468],[-0.493866008489345,52.6607168460192],[-0.494711579451353,52.664632330304],[-0.456191197216643,52.6703934495203],[-0.434054649848898,52.6837051613495],[-0.430443344448092,52.7054219112365],[-0.444722202545363,52.7061730035666],[-0.451092222119288,52.7095802367627],[-0.494530774299842,52.7096533958567],[-0.50986167264993,52.7153547472087],[-0.512641078349337,52.7196803306087],[-0.542433687401473,52.7232813502035],[-0.539973965446908,52.7384014749356],[-0.560034240268345,52.7454723496286],[-0.566110729576838,52.7449877076509],[-0.57263651096169,52.7531090646715],[-0.589565990480861,52.7537745218634],[-0.605443940770065,52.7504928844287],[-0.61028852409369,52.7598214557948],[-0.662596532488964,52.7554955983704],[-0.675659248063124,52.7775399904554],[-0.674109337821794,52.787767916685],[-0.68310663406952,52.7946830088341],[-0.682248079878123,52.812164612943],[-0.698388248466123,52.8259990707546],[-0.710189791733462,52.8458379028314],[-0.733485392000414,52.8666999856152],[-0.742723022421436,52.8831570216128],[-0.766591956508612,52.8867984738814],[-0.758468512766142,52.9004899264525],[-0.776859457348674,52.9048089447785],[-0.767483180802581,52.9224643879909],[-0.76291930585438,52.9237968003899],[-0.765922974447862,52.9286315515265],[-0.754950305912771,52.9495561460518],[-0.778437532605699,52.9593137810567],[-0.778278872708424,52.9769232002225],[-0.777554231276349,52.9838066217698],[-0.800189267198687,53.002193645424],[-0.804086828535266,53.0125049150788],[-0.795824864866407,53.0105981019071],[-0.788413850725304,53.0258534181291],[-0.776673126228285,53.0247109974216],[-0.760826751180541,53.0294101156832],[-0.749687690578693,53.0551226586027],[-0.73097758628718,53.0543978231625],[-0.722856917194854,53.0598368499129],[-0.713656250187974,53.0603286818173],[-0.71346648197763,53.0660465160558],[-0.701539456366044,53.0636631817595],[-0.695132108918875,53.0662903133898],[-0.69880581003094,53.0677464026037],[-0.698482242794183,53.0754675283255],[-0.710358317526462,53.0793777126728],[-0.706149594332885,53.0833786279249],[-0.729617811558772,53.0979018914988],[-0.721250673789544,53.1042680346977],[-0.71675616630227,53.1161845993251],[-0.716882697173617,53.1194435503072],[-0.73109184110521,53.1240029107742],[-0.732407222456234,53.1278013318502],[-0.715375401564473,53.1368830353748],[-0.723232316176564,53.1551034420725],[-0.716028127747341,53.1704120452799],[-0.718160588855576,53.177287850069],[-0.764137696836661,53.1815439297996],[-0.762177204379689,53.1881190631083],[-0.75370481470164,53.1881523904363],[-0.73042502093798,53.210717185689],[-0.714753776003409,53.2076081087106],[-0.697499272127338,53.2202504571739],[-0.675872079012438,53.2176446083268],[-0.666204554881177,53.2341103953414],[-0.666577359663003,53.2397020761775],[-0.688027445489765,53.2583912802708],[-0.712975615149613,53.2581373476975],[-0.734151145437076,53.2540039335663],[-0.735084448442696,53.2438738061392],[-0.777074410876472,53.2469081646523],[-0.778486987789737,53.2519923087632],[-0.770175931945936,53.253097404963],[-0.773098735536268,53.2607361172411],[-0.764279838905781,53.2727390705316],[-0.778125300512295,53.283854350422],[-0.766270991790401,53.2925247123315],[-0.763502246173636,53.2994371979212],[-0.759211494512456,53.2984240408755],[-0.758020564302714,53.2928730988794],[-0.750967094673197,53.2936023145234],[-0.74713782463459,53.3043333185457],[-0.754003364648507,53.3134779852114],[-0.74995611768101,53.3242190714212],[-0.760118154376559,53.3246858850948],[-0.76647379007378,53.3301074130428],[-0.756719664313873,53.3396755372468],[-0.764791369606952,53.3460563396218],[-0.75861642532858,53.3538370622978],[-0.774459184477654,53.3644324926381],[-0.780684623848112,53.3612536645784],[-0.791132385037923,53.3635515781455],[-0.786036345211033,53.3745528948934],[-0.775235779742372,53.3777587813449],[-0.790442519087639,53.3858537096136],[-0.777178132659798,53.3897794914032],[-0.777139171793022,53.396774325919],[-0.788133587848443,53.4043599766019],[-0.788625370934507,53.4152611216163],[-0.803632434866958,53.4171424776273],[-0.81809219635187,53.4269788380607],[-0.820515917345847,53.4407475626807],[-0.809540245583496,53.4436126940304],[-0.797483545959022,53.4550643167458],[-0.784364750026447,53.4633798087032],[-0.78438890923529,53.4766691945822],[-0.771568387320011,53.4792016906679],[-0.77562389218036,53.4890250202165],[-0.76810981612354,53.4989259026447],[-0.752113515004439,53.500530307512],[-0.739591688256343,53.519936012042],[-0.701630119881934,53.5141696364974],[-0.687380836745643,53.5164321339805],[-0.6757584016179,53.512509829449],[-0.624481055436275,53.5128211607231],[-0.62821345406033,53.5067936772429],[-0.625687804232535,53.4955915253569],[-0.630134239137712,53.4859944215898],[-0.633950443787792,53.4854337138419],[-0.634806711144714,53.4695517338676],[-0.626705602433391,53.4618659677245],[-0.629752726719693,53.4582190218165],[-0.599479840769331,53.4564021287411],[-0.556966560831452,53.4590093285882],[-0.471749707110458,53.4748728374396],[-0.486576995642773,53.4804793550869],[-0.487771637065107,53.4877793444005],[-0.480686584765141,53.4962451754635],[-0.488388118009028,53.5048272051369],[-0.475871932745384,53.5089343497434],[-0.444028028197144,53.5093716853015],[-0.405057223738541,53.5175952369409],[-0.408144930317813,53.532108727265],[-0.413495110100342,53.5357038659059],[-0.421870776255254,53.5344337112875],[-0.430699990578816,53.5463241089677],[-0.501229084101009,53.537461231335],[-0.49090605215506,53.5458593131587],[-0.476482762452719,53.5458778588344],[-0.467018074459382,53.5489609735331],[-0.466410415367178,53.5554996251157],[-0.456852513962907,53.5593008061927],[-0.450706667317645,53.5579985206874],[-0.439407601711962,53.570293169734],[-0.429001026897759,53.5745246195816],[-0.417649051963393,53.5633152920764],[-0.356284538728564,53.5560544529765],[-0.348030184859815,53.556082676334],[-0.348658910314698,53.5595128871336],[-0.335828222631353,53.5586853877038],[-0.310867664508354,53.5901540944513],[-0.303517541684407,53.5908309176328],[-0.300743018588269,53.5952834782148],[-0.308555221907783,53.6143286604211],[-0.300930325449262,53.6163879986108]]]},"properties":{"FID":83,"SICBL26CD":"E38000238","SICBL26NM":"NHS Lincolnshire ICB - 71E","ICB26CD":"E54000013","ICB26NM":"NHS Lincolnshire Integrated Care Board","BNG_E":517984,"BNG_N":358538,"LONG":-0.238841,"LAT":53.11101,"GlobalID":"269ef724-a735-4065-87b2-5826182af4ed"}},{"type":"Feature","id":84,"geometry":{"type":"MultiPolygon","coordinates":[[[[0.868943498908628,52.9576862589608],[0.857302486862634,52.9576538670807],[0.865817759041917,52.9604774303578],[0.871233733084311,52.9602118035554],[0.871224389069197,52.9601822786341],[0.868943498908628,52.9576862589608]]],[[[0.97845211089062,52.9797794236575],[1.04708612935197,52.9667802600243],[1.0659182746625,52.9627986520261],[1.11506521568663,52.952842720301],[1.12647243350233,52.9516857962907],[1.13418186186954,52.95021656189],[1.14896757998698,52.949400946637],[1.1650192399227,52.9477678299469],[1.18650268360999,52.946378307787],[1.22974943959171,52.9435565767917],[1.23875234421203,52.942727834035],[1.24820924077019,52.9414303532697],[1.27241813660638,52.9375377811333],[1.28333893511386,52.9357799686561],[1.30654310827825,52.9309884313189],[1.32155351888704,52.9259014570853],[1.33521187925769,52.922207830073],[1.35602111629965,52.9141359265773],[1.36436173422666,52.9097594999758],[1.36558245373643,52.9091188489789],[1.39864802772526,52.8971242585148],[1.40649603592622,52.8938759407714],[1.4137198522785,52.8907786006036],[1.41376406737579,52.8907596387417],[1.41389396511274,52.8907039338381],[1.44447550417687,52.8738199467813],[1.44619824451009,52.8728682099601],[1.49731302658429,52.8445996697281],[1.5199270476505,52.8331650178448],[1.52021945423193,52.8330170968421],[1.53003691205889,52.8280497295226],[1.53498537835295,52.8252790225191],[1.53885217871742,52.8226333063368],[1.54231538019717,52.821173845822],[1.54446202824951,52.8199713870345],[1.55397126571654,52.8159315535042],[1.55991410830252,52.8129208687964],[1.56339654383444,52.8111563191352],[1.58671256096868,52.8016594816986],[1.5873743059304,52.8012187425711],[1.59188168258675,52.7966185935443],[1.59206866793547,52.7964277352138],[1.6034790756898,52.7902778191941],[1.60344304331259,52.7902031974533],[1.66606881098848,52.7486809402141],[1.69022669645737,52.7297987683523],[1.69756952021577,52.7235391901525],[1.69933001111671,52.7198979962794],[1.69938285097732,52.7197887311656],[1.70640807041846,52.7010131827473],[1.71446466167072,52.6885797609742],[1.71480939882879,52.6878658731314],[1.72898608960749,52.6637135164242],[1.7290470365194,52.6636096220142],[1.73189388445376,52.6547302264851],[1.74166988139839,52.6344284170951],[1.74186513082057,52.6339846134551],[1.74308394536663,52.6205644476291],[1.74214110832169,52.6180595412268],[1.74209355236384,52.6177358169297],[1.74071938713806,52.6083790350222],[1.74068670429853,52.6080702181722],[1.73797796951314,52.5824583364519],[1.74336757136315,52.5799148180341],[1.74337981959113,52.5791859487083],[1.73882524594671,52.5799759304435],[1.73912909110943,52.5747897178399],[1.74343490625345,52.5759079354074],[1.74344711417188,52.5751817479229],[1.73982283053948,52.5730371952193],[1.73367921458052,52.5741586186121],[1.72570138257248,52.6040600996021],[1.72423785850078,52.6059513984479],[1.72421585308647,52.6059798340502],[1.72000127111928,52.6107427858024],[1.7207766172552,52.612219220462],[1.71531003786899,52.6130452680336],[1.7160642925463,52.6168184651191],[1.71070075960162,52.6190286428344],[1.69492804192765,52.6179858359599],[1.68175874321099,52.6083058323726],[1.65792264925865,52.6038831389443],[1.64546725089514,52.5893814781775],[1.64558744577103,52.5888668820804],[1.64560344816844,52.5888027730762],[1.6456655207738,52.5885540998817],[1.64807687180135,52.5788922226383],[1.64836063271085,52.5777550334646],[1.64860364249786,52.5767811124102],[1.65055699941858,52.5762135644852],[1.65023849648817,52.5931657462974],[1.65023705151908,52.5932427286772],[1.65022259879135,52.5940124616846],[1.65104075514804,52.5941766212047],[1.6510986129194,52.594188229581],[1.68362190178899,52.60070817789],[1.6848916436938,52.6012810784246],[1.69731084570974,52.6068830280101],[1.69756723119775,52.6069986467614],[1.71344184969813,52.6115405819241],[1.7167187677013,52.6103842486398],[1.71735149056511,52.6101609670526],[1.71883913400027,52.6096359720094],[1.72014226404126,52.6082978436576],[1.72041267272518,52.608020162385],[1.72413256108625,52.6041998166115],[1.72497060629979,52.6033390393768],[1.72579563598013,52.5969587526766],[1.72581621284785,52.5968645918237],[1.72658153072163,52.5910034272604],[1.72663723531095,52.5905767499545],[1.72883581503379,52.5849921924323],[1.72885184021372,52.5849370888266],[1.73248275481938,52.5724495992839],[1.73865486185142,52.571976742544],[1.73296507837107,52.5695162055782],[1.7325702807896,52.5693454562452],[1.73285544461609,52.556843170919],[1.73336805373821,52.55517630958],[1.73358780365292,52.5530234431982],[1.7403695438228,52.5321061319313],[1.74177744601421,52.5293382819478],[1.75290334007984,52.5059516243036],[1.76047301612095,52.4900263258426],[1.76142305222108,52.4874535561446],[1.76357118981522,52.4816350659752],[1.7601654189459,52.4737684832844],[1.75578438206808,52.4727114944313],[1.76052084339441,52.4758620172383],[1.75764488705135,52.4769276922416],[1.75426346740373,52.4727715293094],[1.7395900994576,52.4738368617211],[1.72254719668509,52.4774372620001],[1.72165773511989,52.4776250810526],[1.72950456709829,52.4743314230992],[1.73011941631657,52.4740732996451],[1.73911828476667,52.4709158489046],[1.75396741209448,52.4714701508349],[1.75416502244962,52.4714775143858],[1.7561982622895,52.4715532612805],[1.75528749614601,52.4713165138961],[1.75521981725057,52.4712989209707],[1.74982217632228,52.4698956355482],[1.74184479121505,52.4591890515935],[1.73531282152733,52.4480571908903],[1.73457272949391,52.4479683430082],[1.73439466530078,52.4468144462886],[1.73274227484442,52.4448612292416],[1.73292121879526,52.4427019011301],[1.73143794929386,52.4318576155891],[1.7314091313481,52.4315956298518],[1.7313469175664,52.4310300453066],[1.72982072318496,52.4171497924108],[1.72704394355016,52.3991166144484],[1.7010909309774,52.3619677694958],[1.69206126179197,52.3493965704084],[1.68601697612786,52.3341668817008],[1.67552678155121,52.3134187518535],[1.67290171990865,52.3139214695228],[1.67059066459149,52.3130103220962],[1.66748259143402,52.3117827171292],[1.65875317139496,52.3239800599342],[1.6311860125801,52.331783867424],[1.6294320473388,52.3354306478748],[1.62135611874371,52.3356985668649],[1.62124016698594,52.3332923780774],[1.61097523736146,52.331513234109],[1.59083671904948,52.3356727474021],[1.59008681075427,52.338776850648],[1.57072392170398,52.3381812181343],[1.56067255996883,52.3298558193945],[1.54429687080215,52.3382073633585],[1.53524080303453,52.3366027212897],[1.5251357913813,52.3386511127317],[1.50283866897044,52.3333450090165],[1.49849897564464,52.3286481382509],[1.48860273374138,52.3285146442825],[1.48366569583717,52.3358911176288],[1.49004631815698,52.3395126597314],[1.48727205996119,52.3485595851637],[1.48123580673184,52.3464837618768],[1.46813278051831,52.3536691347439],[1.44676438397623,52.3593903874229],[1.45022660652215,52.3612371197103],[1.4368013674723,52.3662485834683],[1.42221187845228,52.3688438099208],[1.40950890390203,52.3632651258252],[1.37572976642311,52.3896408379606],[1.37485718383216,52.3946772598926],[1.35740951918006,52.4040818497404],[1.3357981678076,52.4019659883074],[1.33060544963246,52.393553519589],[1.31630342454509,52.3873913597157],[1.30151667731525,52.3917135447515],[1.28623509823583,52.3906896893689],[1.25999663131387,52.3710993586479],[1.24686318991303,52.3654576907917],[1.23297577429742,52.3649367751454],[1.23034012135761,52.3602510667999],[1.2133445963223,52.3553569809024],[1.19524588564003,52.3614692663237],[1.18222028222095,52.3587920218225],[1.15545986541977,52.3615505277271],[1.13926908435704,52.3671516642207],[1.12371401658482,52.3671393953099],[1.11505697547358,52.3713558748448],[1.07918331057067,52.3723836323028],[1.06810452096111,52.3785314654178],[1.02634035949265,52.3785656626303],[1.00681382733103,52.3757430299318],[0.997812527762244,52.3715397909099],[0.965974512662935,52.3702502716228],[0.94695999544018,52.3759827690014],[0.930231758065135,52.3888381539721],[0.922887316256126,52.3900388302285],[0.904927753203991,52.3857831692425],[0.891125534158717,52.3907989841649],[0.866872837888159,52.3903456472927],[0.856873082226912,52.3951861007448],[0.855438765913692,52.3994413077583],[0.840929517022454,52.4007965656093],[0.808172093213654,52.3895243355676],[0.796130538790365,52.3912417553774],[0.785927662559748,52.3864890158799],[0.773434738518112,52.3863271777766],[0.765965895771315,52.3903573812278],[0.749844366126512,52.3829265059629],[0.740965942572631,52.3881896405809],[0.737589029069968,52.3951384347698],[0.712437670068244,52.3946230223495],[0.684543747132592,52.399135956539],[0.668463443006466,52.4091757254292],[0.718903884354599,52.449578944306],[0.683973773111766,52.4531650392918],[0.666808436660313,52.462486509743],[0.64222081114257,52.4510470196024],[0.628846763045473,52.4500817455612],[0.629797926064565,52.4540651871389],[0.620417919433402,52.4544378759972],[0.621867018847917,52.45126470106],[0.615600810689823,52.4489080958373],[0.609478866037682,52.4527159653846],[0.597464885890387,52.4542071217625],[0.572574375540946,52.4519464654582],[0.55482081425713,52.4560277836403],[0.542240062189454,52.4502470405726],[0.529492353057572,52.4534251997068],[0.5236627946014,52.448179656827],[0.507454638827405,52.4505960955788],[0.478160957681712,52.4455750281464],[0.445538463349104,52.4473716055975],[0.42934424988806,52.436426487097],[0.423470266375175,52.4510456584229],[0.428529202359657,52.4546525593595],[0.402089549147254,52.465348344915],[0.391915838252747,52.4755284474555],[0.380706723807817,52.4795394110552],[0.367143369346787,52.4959432816569],[0.367062288009051,52.5011737498751],[0.362092759832715,52.4989323389086],[0.345033132361368,52.501685762295],[0.330937603755023,52.5091359046033],[0.318305871206082,52.5076575998745],[0.31729312748753,52.5130076792369],[0.309360295812481,52.5136221934521],[0.256476233183429,52.507714184527],[0.246041234626474,52.4998910913408],[0.238785404066982,52.5091869022574],[0.236319302531591,52.5072905402105],[0.206123464380262,52.5196352271328],[0.219706621794968,52.523146571039],[0.223172569658751,52.5213841990223],[0.222386799615202,52.5239101146754],[0.230591345034038,52.5279098704316],[0.22560491148345,52.5325699415375],[0.220292594609943,52.5289213289244],[0.214940867162655,52.5320517203758],[0.20813595378823,52.5300868882571],[0.205847506485707,52.5338507174243],[0.213144959634696,52.5381715783602],[0.203872115181142,52.5454049885328],[0.211236279756499,52.5452367225801],[0.214625780449232,52.5491066255842],[0.205139304427747,52.5479012832969],[0.204707946919011,52.5546563810392],[0.21409779394817,52.5561993612129],[0.217238410953281,52.5605939804256],[0.205632121185641,52.5655692511178],[0.218411918266713,52.5725990447447],[0.215780294069115,52.5794459429684],[0.20261083075424,52.5800954090832],[0.199544751719721,52.5827582373232],[0.199147803041857,52.5917919240197],[0.193852115948739,52.5921033680057],[0.19160011424572,52.6015166670126],[0.201518645692365,52.6031356593718],[0.2056153211244,52.6118036644262],[0.217386306294374,52.6145255063463],[0.210865013207732,52.6179284931824],[0.219299760675789,52.6218129293904],[0.192028038335185,52.6342656614131],[0.169925673178263,52.6504355668728],[0.169595255743209,52.6527560967389],[0.178340028367515,52.6526361458478],[0.17610455692763,52.6557000615074],[0.183842025250622,52.6556622697488],[0.184429630496948,52.6721408366913],[0.180836448867337,52.6732593003185],[0.184716627094303,52.6778946266961],[0.157144431959287,52.6796922113734],[0.153571400427862,52.6822231274993],[0.156352957814939,52.707834950834],[0.171625855520674,52.7380317099592],[0.1863236169879,52.7353487548708],[0.233163126293098,52.760265348824],[0.272208293724604,52.7728064249597],[0.245084707530042,52.7845238210065],[0.251998114709261,52.7925633193255],[0.260904100378552,52.7960562663105],[0.25317824975492,52.7973551876985],[0.262704527296333,52.8036076305517],[0.268810813090537,52.815837317912],[0.287556567837441,52.8192345423513],[0.334525449802122,52.8172498579172],[0.351922628534727,52.8094450839694],[0.368629001023451,52.7884149048873],[0.368855958641539,52.7880706586225],[0.368874911304853,52.7880419125505],[0.371035970927614,52.7847637451333],[0.374821183441225,52.7790207414827],[0.374904941071507,52.7788999286784],[0.375552548553256,52.7779657949142],[0.391412554301496,52.7538271047519],[0.39156455843,52.7535007827513],[0.39552199125864,52.7475681276401],[0.393165474666195,52.7534696292467],[0.391134302158438,52.7585431114625],[0.389492939946731,52.760978547663],[0.393673355451802,52.7604108818682],[0.388907523176749,52.7618454022733],[0.374607530085557,52.7843039469982],[0.380263197023344,52.7823122303523],[0.375010493440856,52.7853856482014],[0.376190514761951,52.7859041884261],[0.379916879137359,52.7875415171946],[0.380980749268048,52.7854053000653],[0.38143865036421,52.78876615993],[0.375754381818263,52.786133509623],[0.37482154303459,52.7857014117687],[0.373200019153258,52.7874765293023],[0.371903180040537,52.7888960836304],[0.371315091054273,52.7898963183299],[0.370320181294493,52.7915883862476],[0.357764687822173,52.8125481560388],[0.372982627728997,52.8205263767894],[0.415445508726087,52.8427620223547],[0.415774702135065,52.8429575663903],[0.432668536555114,52.852989038423],[0.442969858009945,52.8532611514413],[0.444772990373951,52.8533086896015],[0.445457944461445,52.8739018076321],[0.465455720973339,52.8981050833033],[0.477391634162072,52.9260752612943],[0.477408143990433,52.926113923946],[0.477692977392768,52.9267811707082],[0.480461964228256,52.93151115893],[0.490019892682054,52.9478293361729],[0.498501678792708,52.9527013630318],[0.514934452957447,52.9621356037223],[0.516026482434468,52.9635830345933],[0.518032770390911,52.9662419839556],[0.519847485786884,52.9686467274622],[0.534937821290634,52.9746560469056],[0.562280514898932,52.9765676327245],[0.562303648190193,52.9763791907668],[0.562335421232782,52.9761726139776],[0.570169034316162,52.9751483048463],[0.56971250826494,52.9721477508315],[0.565751361650031,52.9727179576573],[0.56928896969088,52.9711085045284],[0.56305591445138,52.9727518476247],[0.56324097211376,52.9720788760618],[0.563120591104451,52.969993637543],[0.568285003069228,52.9707812787761],[0.563562150887361,52.9695012059396],[0.575593104215258,52.9640033235058],[0.583515137576574,52.9663409584018],[0.574852811693297,52.9656297630273],[0.570740627391231,52.9694432240267],[0.581380724963978,52.9706126659838],[0.584966447972997,52.9674010500005],[0.581663216518352,52.9712035700227],[0.58641900860759,52.9731727874975],[0.586674436464148,52.9695808885738],[0.588584307058828,52.9708956578058],[0.594385861354676,52.968134549687],[0.594580776804567,52.9680322647805],[0.595087254181944,52.9680086622178],[0.59722261463367,52.9733439478196],[0.593823885065929,52.970490969937],[0.590095135290325,52.9731214998179],[0.593524103532861,52.9730970780331],[0.585875461143665,52.9746727674065],[0.58932204607709,52.9767593808397],[0.617857088257859,52.9736335783766],[0.619165916588525,52.9692407254731],[0.62602885991998,52.970979584301],[0.620440323488113,52.9703377905449],[0.619880655773301,52.9737688144933],[0.670163710884045,52.9778421900108],[0.675068081087854,52.9737681808982],[0.669786638995491,52.9703208210149],[0.656156627945936,52.9733113335343],[0.657411650090898,52.9709930040794],[0.639806578768937,52.9700914324042],[0.645474228650082,52.9679549588958],[0.635681640011895,52.968312494095],[0.643541862615803,52.9661627172152],[0.649775443406005,52.9697078152128],[0.649273330719675,52.966854197926],[0.666072150940941,52.9664262191974],[0.671589298047758,52.9697470775392],[0.678908530464287,52.9678452895507],[0.68148988214014,52.9671744189505],[0.688409594787431,52.9708707161705],[0.680802703272367,52.969380365757],[0.679045523007963,52.9700654272927],[0.67528455805015,52.9715315325267],[0.679148922644216,52.971740954352],[0.684625385389066,52.9720375228516],[0.695141955256206,52.9781756020604],[0.700430472451059,52.9775285810591],[0.699759924461986,52.9747050279047],[0.70312980448068,52.9766444698216],[0.702344642158813,52.9733469339552],[0.711610588060851,52.9736684679453],[0.716652645744882,52.9720413301762],[0.710463082724717,52.9754216866334],[0.706102490398869,52.9741039547051],[0.705868866354671,52.9773275971204],[0.705844065206999,52.9776697960547],[0.709684277951637,52.978045423762],[0.71171885926482,52.9770112005052],[0.711755532607739,52.9769925582895],[0.712332278692146,52.9766993685124],[0.714430397037189,52.9768428630657],[0.714603651298249,52.9768547105144],[0.725915778619535,52.9776277187106],[0.734150355358427,52.9757925346595],[0.734480885585174,52.9757188565838],[0.734537589485754,52.9757062162196],[0.734714718561337,52.9756667324908],[0.736183030268696,52.9753394159048],[0.752133230742927,52.9728812830591],[0.743706541194252,52.9653770342518],[0.736826462264787,52.967320665733],[0.734674035194,52.9668219573061],[0.733275164302869,52.964173188534],[0.735469151122042,52.964299627535],[0.746702607641084,52.9649463657303],[0.757875478537526,52.9693463931219],[0.759834727888186,52.9725120325256],[0.754532243671532,52.9705749445898],[0.754290556681462,52.9746917953677],[0.761332907706025,52.9758250309832],[0.751646967351185,52.9771395775777],[0.7722298008452,52.9788472373337],[0.781331426494108,52.9766968228683],[0.809120769634315,52.9735899287129],[0.812374220138765,52.9702873884819],[0.812451498931414,52.9735659742957],[0.821893681922213,52.9765904055302],[0.821573249805141,52.9765815567802],[0.812939782308326,52.9741344156235],[0.811383600951714,52.9762997314423],[0.824117537541462,52.9773025571272],[0.844194844263152,52.9772040848771],[0.843505410447972,52.974690123446],[0.852206196776362,52.9731669284435],[0.850992503694531,52.9577794225692],[0.868798187562034,52.9570207375],[0.869914381123761,52.9548967359403],[0.870219776714195,52.9552006294922],[0.874342172145901,52.9593022263736],[0.871939774750842,52.9590823374759],[0.872401906976245,52.9603705430147],[0.871304076756422,52.9605731859436],[0.86438502644374,52.9618500622495],[0.867868966034246,52.967484328733],[0.87267356045392,52.9673566734992],[0.874439445532076,52.9673097061385],[0.87274718172853,52.9677212707581],[0.865342083210077,52.9695218430251],[0.863460562944142,52.9657993517941],[0.863410677831195,52.9620021442196],[0.852996913832645,52.9578715458484],[0.857066888376953,52.9602466727536],[0.853882041029846,52.9635344110828],[0.863027884387675,52.9677719137849],[0.85551407470956,52.9687962531596],[0.866611474241805,52.9790259328681],[0.871864597850963,52.9790915359445],[0.874838269945367,52.9780743704978],[0.879414721707514,52.9765087251957],[0.882597814685082,52.9697851840331],[0.892440949360461,52.968830167175],[0.883321553915977,52.96514902751],[0.881963891272987,52.9654793518244],[0.883511725404533,52.96496370862],[0.897402545257807,52.9695213021978],[0.903827536894482,52.961996842623],[0.893262456404603,52.96103220159],[0.897571861043299,52.959447322209],[0.907881348050052,52.9623752380874],[0.907605731212267,52.9584890548599],[0.911785760251005,52.963342493101],[0.917568328549457,52.9624602604555],[0.918158965897604,52.9623348026746],[0.917515817340639,52.9626241000186],[0.915668532565786,52.963454994621],[0.919698873702989,52.9656464363082],[0.935784954140313,52.962795923424],[0.936651561504586,52.9604120193245],[0.944872431694233,52.9638650572684],[0.946006268900154,52.9588990851528],[0.948758255222712,52.9592257317573],[0.946197690692936,52.9590642999542],[0.945854803739359,52.9637246943757],[0.952177900737445,52.9635174030675],[0.963363056748243,52.9601454074637],[0.960616010980292,52.9599725644941],[0.962080260262821,52.959352780448],[0.957735670697403,52.957511422077],[0.960963289609431,52.9573033554858],[0.96933380957936,52.9637372887442],[0.976517694536783,52.9637673660105],[0.983985947821146,52.9637981709922],[0.979081078188532,52.9603925646785],[0.982742218234346,52.9613096648577],[0.982699950505385,52.9576668994512],[0.996693016017958,52.9566687156041],[0.992059333567457,52.9577111521668],[0.996353921776007,52.9588709037716],[0.998199363491059,52.9565611611196],[1.00706847715119,52.9559275179884],[1.00690421130315,52.95607103495],[0.997842641076408,52.9581750768797],[0.998241541672388,52.9606685489084],[0.99035477256176,52.9604797948266],[0.987774918339731,52.9639493394924],[0.998794168665563,52.9643205955868],[1.01449023677166,52.9635262806521],[1.01593619594691,52.9591882689472],[1.01641981567969,52.9628550075058],[1.0180837790913,52.9607443736223],[1.0185949892395,52.9641055044103],[1.02585968752769,52.966038550441],[1.02567067977544,52.9655768687353],[1.0255002906122,52.964539590204],[1.04343714075524,52.965896284868],[1.04485882704485,52.9622299397552],[1.04639153975671,52.9657593535044],[1.02724937585673,52.9688520608004],[0.99480461565325,52.9765585981714],[0.981791628186365,52.9706921464869],[0.988463246417425,52.9772707706704],[0.97737931830149,52.9740482124314],[0.978896384912519,52.9715012606451],[0.977111936038369,52.9724078453021],[0.971545154753082,52.9752356223256],[0.970262767334116,52.9705717899477],[0.968182007866556,52.9730301861003],[0.97371037272346,52.9787578060317],[0.958306099496171,52.9691813339899],[0.958184597842087,52.9715017851866],[0.965794729237852,52.9776499220911],[0.977548697472944,52.979889814502],[0.977625812496681,52.9798803922111],[0.97845211089062,52.9797794236575]]],[[[0.680168560289971,52.9882200530338],[0.737960500832725,52.9822017926261],[0.751091161849282,52.9784032904644],[0.74019384501057,52.9771389543329],[0.729424512357512,52.9801644732504],[0.738816819380389,52.9763290114438],[0.725757455582823,52.9780959176558],[0.714086705608069,52.9776800446756],[0.712794514363424,52.9796577457487],[0.699531010878303,52.979686426968],[0.698375896375984,52.9841016755214],[0.697344716095485,52.9806541671638],[0.694520153316164,52.9839373744607],[0.696114363146457,52.9808978944216],[0.685870303625661,52.9809707282941],[0.681327845171517,52.9774585813977],[0.679746122647859,52.9813868029682],[0.679176392354224,52.9828015583896],[0.67987702815443,52.9835046890167],[0.684012369425376,52.9876542009588],[0.68010293235455,52.9871586769108],[0.67166141312296,52.9860882468976],[0.67226807426303,52.9840874149525],[0.665168648953499,52.9859787186578],[0.662991729230135,52.982537730819],[0.66331758517332,52.9870129330648],[0.678430536677381,52.988400591613],[0.680168560289971,52.9882200530338]]]]},"properties":{"FID":84,"SICBL26CD":"E38000239","SICBL26NM":"NHS Norfolk and Suffolk ICB - 26A","ICB26CD":"E54000068","ICB26NM":"NHS Norfolk and Suffolk Integrated Care Board","BNG_E":600616,"BNG_N":310723,"LONG":0.964749,"LAT":52.65713,"GlobalID":"2c6b14bd-5803-4757-8e60-5a33e323d751"}},{"type":"Feature","id":85,"geometry":{"type":"Polygon","coordinates":[[[-0.0119185003082996,51.6808778620513],[-0.00892264073598023,51.6604008068145],[-0.0122591853228105,51.6462299224983],[-0.0153684402219279,51.6354602924574],[-0.0352137201344063,51.6133301046744],[-0.0341762827985562,51.6091135546579],[-0.0504920683743459,51.5966468416844],[-0.052196499949829,51.5876009854266],[-0.0611599099840545,51.577785968394],[-0.0978239975936061,51.5736105534248],[-0.0960896261952374,51.5707008227535],[-0.104482419774277,51.5647127344609],[-0.0916775248666355,51.5602241261474],[-0.0903774461024821,51.5541515283318],[-0.0794822143752616,51.5516947842111],[-0.0763309348441908,51.5464242891446],[-0.0838123435767431,51.5466043735707],[-0.0865915367288751,51.537257408579],[-0.0970072290603328,51.5329832090252],[-0.0953809435939597,51.5291954536034],[-0.084994586842453,51.5262048514178],[-0.0861610359752814,51.5187377872356],[-0.0967527823667473,51.5232537329676],[-0.0976199249471736,51.5206903211178],[-0.113795013886424,51.5182212692144],[-0.11152745605421,51.5152244849682],[-0.129260723162698,51.5134812944066],[-0.130811605382876,51.5171018514769],[-0.147171100687343,51.5250431652049],[-0.152707650688267,51.5375214628732],[-0.164936253619244,51.5357815939392],[-0.178739806230953,51.5397858978371],[-0.188748293216655,51.5345251750755],[-0.233416936932841,51.5719822292236],[-0.244263891338688,51.5725667654078],[-0.249551427508247,51.568979908139],[-0.25460684324633,51.5796746982681],[-0.248260267425521,51.5843663957648],[-0.30392945161163,51.6314675660949],[-0.304458329769862,51.6363506843813],[-0.273713725268865,51.6386739701917],[-0.272824263804312,51.6420645394602],[-0.263205042267434,51.6448127599539],[-0.257332869523979,51.6418319103803],[-0.250582544765789,51.6560573111236],[-0.228919129551485,51.6599750216111],[-0.226462545388931,51.6571618662669],[-0.212167437931676,51.6613369434601],[-0.207864402459246,51.6628608282328],[-0.211134254773123,51.6669547270979],[-0.202229748475689,51.6678051730205],[-0.203351886421098,51.6701260477789],[-0.19485323176434,51.6683053842097],[-0.196648584566578,51.6654979961193],[-0.191007567933747,51.6639484205917],[-0.18779005198748,51.6678786886502],[-0.172473147247548,51.673091317195],[-0.163607825473852,51.6824031154625],[-0.163493489063572,51.6881151127181],[-0.149370295870573,51.6855180809973],[-0.104848781179775,51.6918505649259],[-0.0839109719094556,51.6899648023697],[-0.0620178302781488,51.6830078331081],[-0.0491812807166705,51.6842717967797],[-0.0119185003082996,51.6808778620513]]]},"properties":{"FID":85,"SICBL26CD":"E38000240","SICBL26NM":"NHS West and North London ICB - 93C","ICB26CD":"E54000071","ICB26NM":"NHS West and North London Integrated Care Board","BNG_E":527588,"BNG_N":191919,"LONG":-0.15874,"LAT":51.61166,"GlobalID":"ceda70b8-1694-461c-8fba-02fd4a12f355"}},{"type":"Feature","id":86,"geometry":{"type":"Polygon","coordinates":[[[-0.212594582054687,54.1576057768359],[-0.221691699585515,54.1379730848976],[-0.229066269174597,54.1357272317901],[-0.229747214869704,54.1324398350784],[-0.23722472338345,54.1372494311022],[-0.265420915026874,54.1405585171439],[-0.269069141045002,54.1383334984074],[-0.290564901547635,54.1397558076427],[-0.304337133452137,54.1362705475516],[-0.313766135029412,54.1464026571374],[-0.322652980789717,54.1452765656882],[-0.323841865781986,54.1502969228148],[-0.346397562325092,54.1468731808335],[-0.360037661500794,54.1531202948164],[-0.37492727666248,54.1541124872402],[-0.374525937982985,54.162564141304],[-0.390783238346476,54.1765310914131],[-0.418427885696291,54.1740255995319],[-0.418109730020976,54.171220225225],[-0.424556668164742,54.1695751907062],[-0.422927436172336,54.1663148474057],[-0.433168835640414,54.1640725805571],[-0.427094252395225,54.1374429185661],[-0.458539640415565,54.125973536108],[-0.454351169982552,54.116762587459],[-0.46832514275584,54.1112507746466],[-0.465943215372793,54.1076328058657],[-0.489850765882331,54.1008848348528],[-0.524617431879239,54.085474295846],[-0.52792771672869,54.08933904272],[-0.534030662714113,54.087179922397],[-0.541816844353544,54.0915283499071],[-0.563137244962249,54.0939995578781],[-0.566483210259797,54.090302921212],[-0.591005521688143,54.0870620055321],[-0.615524254807271,54.0704931195101],[-0.660315791576375,54.0630995125621],[-0.64465386546479,54.0551131146646],[-0.658017425707412,54.0436448176701],[-0.659484738505762,54.0371702769313],[-0.676815814422905,54.0376916888962],[-0.687039167094701,54.0307676229211],[-0.688373553801524,54.0237308577087],[-0.678349723749045,54.0180214169657],[-0.682990805543517,54.0090981975351],[-0.70490269245841,54.0060721379229],[-0.710746104173959,54.011171204613],[-0.73048944294305,54.0127007424878],[-0.734257911952536,54.0302585905325],[-0.799190963524443,54.0190547968131],[-0.800295019958372,54.0241183150162],[-0.820367183393799,54.0208734286413],[-0.843156523716899,54.0216932235767],[-0.859730057491683,54.0163791136999],[-0.87871836542585,54.0168625355793],[-0.88766707886462,54.0200528272062],[-0.887874591912473,54.0328890697589],[-0.876154763529883,54.0422394712823],[-0.892233383649226,54.0480928538369],[-0.882926823862503,54.0530474252558],[-0.885628827542583,54.0577385561933],[-0.865589055344094,54.0670244304774],[-0.862904710522067,54.0761253179632],[-0.881094603309456,54.0835007852303],[-0.877115531009003,54.0886439128594],[-0.892121167767399,54.0898143292483],[-0.902077718361577,54.094774477817],[-0.915479516607325,54.0934647283773],[-0.925557865877779,54.0849024547167],[-0.939057362849734,54.0866104893776],[-0.944823278393982,54.0923033986755],[-0.948082987135492,54.1073014853442],[-0.971627693308177,54.1076526150985],[-0.982463212220133,54.1129609956032],[-0.983942766715824,54.1172651866753],[-1.00853867685082,54.1237721602739],[-1.01308234650059,54.1345978812323],[-1.00055191282903,54.1366408854968],[-1.00281828494238,54.1419950247924],[-0.992956702348635,54.1484036609375],[-0.992928713100038,54.1540937756612],[-1.00224488658272,54.1623953626733],[-1.00988003190448,54.1601122341692],[-1.01080140653037,54.1626380605251],[-1.02203756248513,54.1633656350145],[-1.02413529929832,54.1680396873459],[-1.0234835193634,54.1731573904926],[-1.00280970411994,54.1777488647516],[-0.994036087056963,54.1899613435806],[-0.985442251348331,54.1859288328663],[-0.960376071995928,54.1873434720292],[-0.945607346451699,54.1920837053453],[-0.954200422734467,54.1850888900016],[-0.938274377016666,54.1791966452815],[-0.925438067101776,54.183388094994],[-0.911742928165748,54.1825538192195],[-0.897595935457139,54.1920372482584],[-0.88087960179058,54.1886347033161],[-0.872128968308147,54.1925145672815],[-0.864097898962734,54.1870717351416],[-0.861854808715422,54.1954866424588],[-0.831388647477803,54.191296055261],[-0.829489332628824,54.1933244301325],[-0.837703080379816,54.1946951038254],[-0.83547852157929,54.2009599576428],[-0.826644288810534,54.1991216939135],[-0.832458840634143,54.2028811312948],[-0.829233387268634,54.2064986792733],[-0.833619893679563,54.207273040531],[-0.826333404655533,54.2093324753905],[-0.827350116769951,54.211775706017],[-0.834816061288398,54.2118847162447],[-0.834683056950379,54.2181470329445],[-0.81617025148285,54.2204750936639],[-0.809016038892344,54.2189376649497],[-0.806662251434826,54.2120693775018],[-0.795881005204499,54.2086906467085],[-0.794160272916871,54.2024204605422],[-0.785140149568278,54.2005918157017],[-0.77689365285252,54.1930240201162],[-0.786044693162702,54.1800228007215],[-0.777787621566122,54.1750113912355],[-0.770189424841108,54.177988282546],[-0.751087075620882,54.1684998696089],[-0.739789251353069,54.1706411259578],[-0.749370851206239,54.1762389883717],[-0.745404189213764,54.1828297780498],[-0.682752890905643,54.1999521998132],[-0.692979338303639,54.2400611152242],[-0.717497937540127,54.244155407128],[-0.722769367020394,54.235164818339],[-0.739344268070513,54.2369347768127],[-0.736545459599579,54.2498103719934],[-0.729401855403554,54.2534177332319],[-0.739162584995189,54.2619648022095],[-0.727029868951805,54.2652774580586],[-0.722091561647025,54.2796895708541],[-0.730418947141422,54.2853492006486],[-0.744690265575441,54.3085361993001],[-0.752341380491325,54.3128344487471],[-0.746685895579098,54.3243930701317],[-0.736890811830587,54.3256891499938],[-0.728532150131179,54.3312765796443],[-0.723997345584513,54.341649466306],[-0.704142494195382,54.3448707605785],[-0.703413230023276,54.3513647359147],[-0.711192400362535,54.3571774189689],[-0.740015256940966,54.3564190612083],[-0.753121353415042,54.3685916828345],[-0.756618897588448,54.3633836481297],[-0.766074727961262,54.362123506593],[-0.773778940675455,54.3569503602324],[-0.797035970940566,54.3549483703233],[-0.808422893111232,54.3598135460558],[-0.823634356665542,54.3825175906991],[-0.834416917561831,54.3809054755157],[-0.847090361147311,54.3832048590934],[-0.917564029051825,54.4006453393004],[-0.926890434186741,54.400620652089],[-0.950442895045124,54.4088577690714],[-0.975899976900305,54.3969124683957],[-0.987839601100123,54.3959542877072],[-1.02687290767865,54.4153443927869],[-1.05938054636086,54.4125782562812],[-1.07094132686955,54.4056805195188],[-1.08181089981254,54.4050252281381],[-1.07042775941028,54.3957696210623],[-1.07882432973768,54.3882130473846],[-1.06723400908116,54.3754710077889],[-1.06621137548327,54.3626677882017],[-1.07816273950395,54.3602471496434],[-1.09903365768154,54.3291916865948],[-1.11666598385306,54.3286574559258],[-1.12223209636263,54.3311827722098],[-1.11858419279893,54.3387286725503],[-1.1217944829555,54.3452381186961],[-1.13293771049321,54.343591636967],[-1.1455611264732,54.3489211713326],[-1.15754781213596,54.349268631395],[-1.16307123139554,54.3725085927612],[-1.17219318646638,54.3818708148925],[-1.18090223486631,54.3767338339071],[-1.20874198728428,54.3737828889833],[-1.2250395347815,54.3780379630315],[-1.23848133609683,54.3759498129098],[-1.25457327648524,54.3538699476926],[-1.26478946079652,54.3540915940324],[-1.2656390001239,54.3437112936752],[-1.24659314354035,54.3315381526248],[-1.24994102724522,54.3117750585342],[-1.21974751784698,54.2865736730597],[-1.20545611106831,54.2513185652109],[-1.21401361922772,54.2492392673347],[-1.2150642514421,54.2415173522669],[-1.20838505254811,54.2363761847319],[-1.19701802270217,54.241095097167],[-1.1966738996844,54.2263444618443],[-1.19204708126846,54.2211036662436],[-1.20020076152426,54.2163308880495],[-1.1996613051159,54.212324718627],[-1.18859404470269,54.2084800953153],[-1.18918999879411,54.2001159288355],[-1.1687144003944,54.2024746767965],[-1.13563652762151,54.1896530895636],[-1.12596463632603,54.1823958866479],[-1.13585504508809,54.1722148920438],[-1.12790132291276,54.1629638669225],[-1.13932955110984,54.1566164597631],[-1.13128990513122,54.150668839308],[-1.13719741638036,54.143595213317],[-1.15412229155831,54.1483359671303],[-1.18937521895093,54.1403882244878],[-1.2020329799438,54.1415208772439],[-1.21984891517078,54.1358495966326],[-1.21927533360869,54.1461582321354],[-1.23078450971882,54.1570021268365],[-1.22923179577269,54.1671375258842],[-1.23873581628547,54.1748126978062],[-1.2461222051708,54.175685082553],[-1.24579138035252,54.1880505962928],[-1.25129021520677,54.1899022695073],[-1.26048341181802,54.1878539603003],[-1.27130758195779,54.1721496568973],[-1.25851946536265,54.1658098297913],[-1.25753952723399,54.1524094643911],[-1.26287311730492,54.1492096619197],[-1.27209591909881,54.1507362292784],[-1.27688477718314,54.1457178211922],[-1.30796446735475,54.1549113602083],[-1.3229202405066,54.1544011800039],[-1.32370598238635,54.1575063693979],[-1.32604544351586,54.1559330664162],[-1.33362601453685,54.1593095539066],[-1.34327496253175,54.156837890318],[-1.3375971060807,54.1517145967392],[-1.33954147635807,54.1482606001375],[-1.33442013079547,54.1495302772684],[-1.33201649495006,54.1459866013132],[-1.34041953028621,54.1346272316192],[-1.33790977269576,54.1247016620816],[-1.33280167797052,54.1221350751],[-1.33492292036237,54.1122476062735],[-1.34070570869478,54.1075558927226],[-1.33589633437653,54.1061872379194],[-1.3334398603954,54.1090729928692],[-1.32773780521534,54.1019571461413],[-1.33117184289359,54.099080487438],[-1.346761003802,54.1000623836944],[-1.33841044684571,54.0822082019744],[-1.31043686289267,54.0807395299944],[-1.29785060043158,54.0660447944525],[-1.28732638368841,54.0615380201775],[-1.28858983494031,54.0517410686599],[-1.2809853823123,54.0457348216662],[-1.27726938261394,54.0350896288012],[-1.22439445674897,54.0346476769803],[-1.21762329290422,54.0241429358375],[-1.21843458427735,54.0144349111741],[-1.20677984537431,54.0162056631591],[-1.17501070995875,54.0015191291882],[-1.17997617923456,53.9988260964749],[-1.18856981510057,54.0024828639329],[-1.19193641960582,54.0005081723286],[-1.18328228613653,53.9962159774285],[-1.18210350967787,53.9853458193743],[-1.19221995968635,53.9841918114346],[-1.20018138914919,53.989032167357],[-1.21651969703813,53.9855905769845],[-1.22370557322113,53.9748292808453],[-1.19563892884242,53.9223807639423],[-1.20514279201085,53.9256218240374],[-1.22178799999404,53.9250437300207],[-1.23527794945727,53.9350079709289],[-1.24494857398999,53.9316105981423],[-1.25190213231103,53.9356015393276],[-1.26967290342025,53.9349653770038],[-1.2607977933472,53.9198722361065],[-1.27027013922714,53.9169755202729],[-1.26678924338704,53.8994925103592],[-1.27353767463987,53.8935952714012],[-1.27855211721907,53.8914307565182],[-1.28370908861794,53.8974020392804],[-1.2916019632688,53.8996890329336],[-1.28203056647613,53.9016404960888],[-1.28849273698194,53.9043292194949],[-1.29672371603612,53.902521074064],[-1.29740562518495,53.904876780631],[-1.31372505692207,53.9047017935426],[-1.30058764064908,53.9074855498006],[-1.29720343195603,53.921682123841],[-1.30731060385031,53.9214944271087],[-1.29418015250589,53.9270641758771],[-1.3004203952232,53.9294166757551],[-1.30899208640633,53.9240979439034],[-1.30696202828676,53.9344239839764],[-1.33953893865568,53.9408099356905],[-1.34471183496868,53.9395013417354],[-1.34040538279499,53.9458885909788],[-1.36195310900016,53.9414836208969],[-1.39719937016128,53.9425284180324],[-1.40065783033241,53.9375004510119],[-1.4091968587065,53.9354656446582],[-1.410629101433,53.9301555303234],[-1.4067095798818,53.9278497293564],[-1.42811441864011,53.9294397017169],[-1.43260133736475,53.9272367384187],[-1.43299739420603,53.910805233133],[-1.44024256103174,53.9139424749698],[-1.45030270479828,53.9073145462567],[-1.46271458893142,53.9060151104486],[-1.4682958714769,53.9110149365165],[-1.48602669038782,53.9109121912186],[-1.49878134595769,53.9153068010356],[-1.5285964734887,53.9086990098419],[-1.54879355606803,53.910913816076],[-1.55184484342704,53.9029400981101],[-1.56288316590652,53.9039300191862],[-1.56773931475054,53.9107993542115],[-1.58362521761787,53.909293995033],[-1.5874876867148,53.9012471818786],[-1.59924818749263,53.9039821269844],[-1.59999329041653,53.909776407219],[-1.62053782813006,53.9033947407664],[-1.64225984111906,53.9073637816776],[-1.6516731746966,53.9056635269903],[-1.65508306050203,53.9124842012102],[-1.68462704396453,53.9105880744715],[-1.68917091681029,53.9126454869242],[-1.68702025730767,53.9163883928486],[-1.70708388684897,53.9191310817981],[-1.7061125385671,53.9170712000056],[-1.7164324404692,53.917634756575],[-1.7179586462823,53.9085422047125],[-1.72231412705597,53.9119581853016],[-1.72721680909151,53.9101967038414],[-1.74216350900511,53.91457994368],[-1.74562580828501,53.9230038523733],[-1.75550720865765,53.9210410893333],[-1.76527274361569,53.9247325336887],[-1.76960583397747,53.9212884620069],[-1.7759784155925,53.9214880609812],[-1.78237662229967,53.9294165427752],[-1.79800946369252,53.9297141464239],[-1.79749566937167,53.9364846873373],[-1.80286367258491,53.9359575021478],[-1.80508922107108,53.9390226926121],[-1.83020025954679,53.9380182608397],[-1.83012731259002,53.9403831894404],[-1.84768943192303,53.9407726902437],[-1.84865675902213,53.9360266352868],[-1.83619991368898,53.931420405971],[-1.85281743916815,53.9309941499193],[-1.86230024459561,53.9336963371532],[-1.86221363114714,53.940674655102],[-1.87477920939023,53.9456959290099],[-1.87888234040832,53.9542744174735],[-1.86520800797766,53.9559622408672],[-1.86316314361348,53.9619519316861],[-1.81673275070714,53.9781392037684],[-1.82675903081181,53.9856632739076],[-1.81875472609937,53.9925973133687],[-1.83097559395869,54.0034591403618],[-1.83491487402593,54.0135296947433],[-1.84804499330467,54.0136706212665],[-1.85347087329327,54.0287730016542],[-1.87243953883555,54.0356723631331],[-1.86867120723408,54.0420497940013],[-1.87352645902477,54.0460431448613],[-1.85372557534532,54.0531215908403],[-1.84059429968177,54.0705806511661],[-1.86172531805103,54.0805399495119],[-1.86711324866151,54.0976894509702],[-1.89100184535432,54.1044172088893],[-1.89510957448974,54.1137950894834],[-1.90561762223678,54.122473379073],[-1.92215663689251,54.120316422722],[-1.94797281730414,54.1252623115428],[-1.95714355284996,54.1325635882737],[-1.95422946565321,54.1431066072756],[-1.96358704465944,54.1521301946844],[-1.97249221545293,54.1580848939428],[-1.99217645236529,54.1551163158222],[-2.00450804592518,54.172884412782],[-2.01471661800655,54.1727952314478],[-2.02283520374967,54.1767738441917],[-2.03139192565295,54.1748020595351],[-2.03417718611097,54.1804372128803],[-2.04578474163628,54.1818803876296],[-2.05426118968929,54.1948994279668],[-2.05945036520511,54.1967196887309],[-2.06087299580485,54.2103255333606],[-2.08709700737096,54.2209781914665],[-2.1000321912151,54.2319649627844],[-2.11345550557019,54.232562304164],[-2.12853670301893,54.2257006577637],[-2.1404713007246,54.2252941312169],[-2.14383556654653,54.2350356887942],[-2.15069434395818,54.2325676328793],[-2.15160198634838,54.2355903860566],[-2.17179144102867,54.2284521446695],[-2.19779778043952,54.2473785165663],[-2.22921756492068,54.2521787037334],[-2.24207634380097,54.2481400015567],[-2.25242222691465,54.2492941250144],[-2.28331927281207,54.2385603769486],[-2.28640616125701,54.2404966195706],[-2.29256803147543,54.2525213327299],[-2.30510677363297,54.2493434681435],[-2.32081369836983,54.2599204729166],[-2.3154951666836,54.2702041946435],[-2.3258909011985,54.2796959380434],[-2.31719192956779,54.28716559534],[-2.32417185473555,54.2936048468915],[-2.320390118545,54.2990445357492],[-2.32452243316689,54.3031835691521],[-2.3204012466492,54.3067706138074],[-2.32303232473189,54.3110827288112],[-2.31497741966766,54.3135861874278],[-2.30984163577242,54.3243149220921],[-2.32020217490267,54.3317507275768],[-2.33474908216317,54.3349442814497],[-2.33576758330697,54.3404345081918],[-2.36771195389404,54.3560698639035],[-2.36074916966088,54.3549476600772],[-2.34464800518346,54.3596284889462],[-2.32609211727987,54.3680956370911],[-2.31704244130702,54.3763105413405],[-2.29744045047675,54.376898681656],[-2.29178378755434,54.3909044554162],[-2.30550654778273,54.3971203309206],[-2.30814586025526,54.4197937168163],[-2.30337314736165,54.4262763825751],[-2.2918536029227,54.4314625141742],[-2.29286534394322,54.4393076092323],[-2.27134766765733,54.4409160561347],[-2.26537881163011,54.4429261832343],[-2.26790273964738,54.4472333783116],[-2.24955923335505,54.4519402782237],[-2.23561738092993,54.4482308985933],[-2.18931527172832,54.4489779945845],[-2.17750838210042,54.4616258896719],[-2.1705785270794,54.4611413165982],[-2.17021277857347,54.4581985172187],[-2.15922749453786,54.4555150307848],[-2.15012054907822,54.4599634312066],[-2.11659710276141,54.4622636001966],[-2.0863966404888,54.4683928085571],[-2.06124832113091,54.4805332111553],[-2.04320057927725,54.483599160084],[-2.04472965886196,54.4751862993184],[-1.9967643802075,54.4669034744075],[-1.98553967733016,54.4599241334925],[-1.97612482942313,54.459728337441],[-1.97005908817765,54.4515205703133],[-1.94254326083646,54.4533954349951],[-1.89343039302746,54.4668982641108],[-1.87760320298075,54.4780495099234],[-1.8672551717475,54.4821169852437],[-1.85913054707504,54.4818571868259],[-1.8578015193077,54.5035399429609],[-1.84821672046015,54.5036630895594],[-1.8394333403147,54.5084373003659],[-1.82778705968568,54.5029292861056],[-1.8224432942744,54.4951777113997],[-1.79294622812923,54.4843676003166],[-1.78717625440279,54.5010377413042],[-1.78217532090107,54.5070125907386],[-1.77613194207354,54.5067277620637],[-1.77969847998319,54.5318727647008],[-1.76972350353946,54.5328441978107],[-1.76121359964852,54.5289516603435],[-1.733091521533,54.5277363389986],[-1.72730653263825,54.5304848063198],[-1.72131100027186,54.542301846867],[-1.69692624053752,54.5360065534245],[-1.68225927781051,54.5333392810359],[-1.65793704483401,54.5345885812624],[-1.65467505793256,54.5246500130847],[-1.63377335073981,54.5253645151551],[-1.63293131959659,54.5187041965938],[-1.64019900399085,54.5171802357314],[-1.63333012841844,54.5141111278365],[-1.6235780769016,54.5146482480613],[-1.61148485478048,54.5200008403847],[-1.60112010606054,54.5176423696798],[-1.60263725653728,54.510581657999],[-1.58106835405837,54.5128456148434],[-1.58130487524726,54.5094886844385],[-1.59188150469669,54.5043011050145],[-1.57921480158211,54.5051873562807],[-1.58298019843575,54.4971005930718],[-1.5733041667832,54.4901595483359],[-1.55519614061277,54.4849779740335],[-1.54567294577334,54.4712387912751],[-1.53271971138501,54.4691491123477],[-1.51983336520444,54.4710468572685],[-1.53015079067683,54.4757508048328],[-1.52883561759149,54.4848138583483],[-1.51413168532937,54.4837750121237],[-1.51134067684233,54.4750123546087],[-1.50542528676287,54.4823186501084],[-1.49177533099596,54.4862003508845],[-1.49878946348032,54.4753429429865],[-1.47546522440592,54.4739072131969],[-1.46761922033262,54.4621504421991],[-1.47198283486715,54.4554548443342],[-1.46088502516673,54.4511375983569],[-1.45478956821577,54.4542018361485],[-1.46252425190227,54.4623598901773],[-1.4534143452089,54.4660149855798],[-1.46379873922096,54.4735510627828],[-1.45765622793146,54.4812154951317],[-1.46182773194928,54.4859514897886],[-1.45847362180936,54.492839446636],[-1.46224151757878,54.4962937993328],[-1.472916560526,54.4960188903135],[-1.47559790505787,54.4983393818249],[-1.46159363869147,54.5042958661975],[-1.44261002961577,54.4907470256301],[-1.42684652831923,54.4851634570258],[-1.43254071621093,54.4796533788455],[-1.41788681245442,54.4770861193498],[-1.40946574907624,54.4788575982666],[-1.40689905862953,54.4936286637399],[-1.3992152942396,54.492892256748],[-1.39505025005405,54.4856797574566],[-1.3830651322521,54.4872865827807],[-1.38101108455357,54.4940287644403],[-1.37028728385559,54.4861102106523],[-1.37478006025318,54.4824673174874],[-1.37256153145259,54.4723068657451],[-1.36441723157959,54.4659523167091],[-1.3564902986433,54.4729258725384],[-1.34491498127732,54.4724079595431],[-1.34390800986959,54.4641506711003],[-1.31831280613987,54.4721990768788],[-1.31311693101447,54.4772772039967],[-1.3031891943266,54.4784294987629],[-1.30033803059342,54.4758496908311],[-1.29159057090209,54.4834452347469],[-1.28671005888125,54.4827344723441],[-1.2895918212534,54.4879863432279],[-1.28097846469736,54.4904432573412],[-1.25740423071956,54.4873216987219],[-1.25326260822434,54.4977824419814],[-1.25667448755959,54.5011078038358],[-1.2423203892309,54.5016577887049],[-1.23060453112544,54.51188150537],[-1.20378570423111,54.5068940298994],[-1.18509371471916,54.5072854396389],[-1.17356039697164,54.5025077184547],[-1.14586498902166,54.502816444293],[-1.11848800570917,54.4981929837732],[-1.11178275638994,54.5043740554343],[-1.09452390456622,54.5067600802533],[-1.03685127014028,54.4940441776903],[-1.02380053628949,54.5020450526579],[-1.00340083895245,54.5030120131439],[-0.967829458721178,54.497268570429],[-0.952591432123945,54.4880144398293],[-0.880824899020234,54.4970467756218],[-0.875781063376293,54.4911646351014],[-0.848531000667762,54.487972529412],[-0.843942296890513,54.4912246364571],[-0.853321196996228,54.5027133515827],[-0.848648010068455,54.5300039704112],[-0.826985008084097,54.5485752178145],[-0.815676919852874,54.5525068708113],[-0.800420008708386,54.5510107268024],[-0.798788281141829,54.5556179847521],[-0.793344886619105,54.5583087012644],[-0.774535975882038,54.5573994630192],[-0.774184063692499,54.5532527221157],[-0.765205324686862,54.5487009638891],[-0.765668049530176,54.5481042518024],[-0.767257297448893,54.5464238354828],[-0.764852233974672,54.5457577654143],[-0.750948043643314,54.5419057182793],[-0.747332196023069,54.534224495589],[-0.74854429120888,54.53314962298],[-0.746760748233522,54.5314831096035],[-0.745476430478725,54.5302810567057],[-0.744657289649001,54.5285401633387],[-0.731290023249869,54.5279153710483],[-0.721545473519739,54.5309638095445],[-0.720198904710646,54.5310849478504],[-0.720091599441084,54.5314185254076],[-0.712981157287476,54.5336420016407],[-0.693713316663246,54.5203901813714],[-0.682377849149916,54.5196731387896],[-0.677522420527611,54.5160959635601],[-0.67714356666181,54.5139763487563],[-0.67315847479233,54.5128810703038],[-0.672669483955874,54.5125207401198],[-0.675089283346688,54.5060466006146],[-0.670278678886381,54.5007549169857],[-0.640197779443802,54.4956697019513],[-0.639997776227128,54.4956358619647],[-0.617522378845808,54.4915692954198],[-0.61423697920528,54.4909744367976],[-0.613163808004166,54.4939752738248],[-0.613068949901058,54.4937140173711],[-0.61327057175806,54.4897029113811],[-0.613411306290521,54.4869025502113],[-0.612877256914463,54.4908187807625],[-0.612642556442935,54.4925396100929],[-0.612453871242038,54.4920198967735],[-0.612362645259962,54.4930118540406],[-0.611683816334919,54.4920380397221],[-0.611973134102048,54.493039942641],[-0.609896454587984,54.4910445882425],[-0.609837426184403,54.4910377520955],[-0.609346431860803,54.4905075836404],[-0.593332412332016,54.4878372249963],[-0.592702096235458,54.4880263615073],[-0.592422569012436,54.4881102359372],[-0.589569959217056,54.4889661328927],[-0.588164026431606,54.488639744721],[-0.585220563172056,54.4838832174324],[-0.5697422620815,54.4799589206209],[-0.563438389942339,54.4730589547093],[-0.556948758655429,54.4651205910824],[-0.521476959252688,54.4469678118003],[-0.522339477243852,54.4420743396639],[-0.52439088247636,54.4399590207706],[-0.531667453804413,54.4362922478795],[-0.531109728814527,54.4255089288488],[-0.522785329106211,54.4162747281739],[-0.502789279559828,54.4073712454297],[-0.491471132845961,54.4079116612301],[-0.485381371945358,54.404553325331],[-0.483631188262113,54.4026651544124],[-0.482394551272063,54.4023172971257],[-0.47670831201493,54.3997689693148],[-0.472160249352824,54.3972594580065],[-0.468189989244367,54.3930646537565],[-0.461674641791293,54.3857711359904],[-0.461639780836586,54.3857321039814],[-0.461604919981113,54.3856930710641],[-0.449827050936879,54.372501050215],[-0.447078488051308,54.3597918541125],[-0.446985139391397,54.359360075064],[-0.433084499224217,54.3503119746166],[-0.432634531991137,54.3401434900203],[-0.423318253567165,54.339028865907],[-0.417052817354389,54.3314652372285],[-0.421601051529921,54.3259981331231],[-0.418870688230642,54.3198874137417],[-0.418825743622271,54.3195540733882],[-0.417605864530287,54.3105044580712],[-0.41308070304261,54.3081081464881],[-0.41301596658039,54.3077361977961],[-0.412396026538799,54.3077455358198],[-0.412259677308493,54.307673322075],[-0.412021646250462,54.3074674065027],[-0.411565997340204,54.3068946926983],[-0.411376366358623,54.3069091769668],[-0.411282368831237,54.3068278583713],[-0.410755279831088,54.3068765384646],[-0.407656148310063,54.3052349685253],[-0.40870146195223,54.3036996778981],[-0.409490738151108,54.3025403445604],[-0.406839002209741,54.294852855999],[-0.406886787093803,54.2946223619379],[-0.406902942147636,54.2945546711447],[-0.40669776841721,54.2944433306989],[-0.405890573536069,54.2921025900468],[-0.396806649205536,54.288030939948],[-0.395430006317274,54.2884515200619],[-0.395182073560638,54.2883237368684],[-0.395137196949791,54.2883121701203],[-0.392775715796947,54.289262355966],[-0.391413216110407,54.289678534126],[-0.39104107273342,54.289792202312],[-0.387326910653809,54.2901743426616],[-0.386112166804121,54.2893263289977],[-0.385024990151097,54.287137817636],[-0.385555558657635,54.2852363824616],[-0.397198626833328,54.2794326221123],[-0.397118454913818,54.2787608721391],[-0.397114738367496,54.2787297322586],[-0.396598182541091,54.2744010842467],[-0.369664373701298,54.2554570185641],[-0.369147785344579,54.2552381043834],[-0.367502142187162,54.2519380723876],[-0.369505123760274,54.2493254792115],[-0.363890554746246,54.2450950734651],[-0.350390387984304,54.2408798998031],[-0.338683928216684,54.2426138986989],[-0.334891879665977,54.238381149323],[-0.31397035179106,54.2320159174581],[-0.312710986534603,54.2286240688261],[-0.307512178040114,54.2278928378002],[-0.277664803154163,54.2206917702523],[-0.259259432499059,54.2158784445018],[-0.275394771128287,54.217669125622],[-0.280133637094091,54.2149136731372],[-0.285069908012207,54.2035489435552],[-0.285226577271916,54.2031881117274],[-0.282750812700331,54.1950775296238],[-0.275839455514473,54.1880667389347],[-0.274530683576979,54.1860094301133],[-0.274512265378083,54.1859742195829],[-0.272191888728948,54.1843655903806],[-0.264452670666596,54.1765101390551],[-0.263254641480226,54.1759538165037],[-0.232852441201026,54.1618271566389],[-0.212594582054687,54.1576057768359]]]},"properties":{"FID":86,"SICBL26CD":"E38000241","SICBL26NM":"NHS Humber and North Yorkshire ICB - 42D","ICB26CD":"E54000051","ICB26NM":"NHS Humber and North Yorkshire Integrated Care Board","BNG_E":423086,"BNG_N":481537,"LONG":-1.647378,"LAT":54.22904,"GlobalID":"223f2a57-f0dd-4dd7-b833-89f9df0c6588"}},{"type":"Feature","id":87,"geometry":{"type":"Polygon","coordinates":[[[-0.778278872708424,52.9769232002225],[-0.797319694607315,52.9761752924011],[-0.809812238651519,52.9659795246439],[-0.81285086800783,52.9574641706325],[-0.819808034560656,52.9605814344986],[-0.832229284054509,52.9502067671121],[-0.833867619990585,52.9457936913397],[-0.822540119142775,52.9441430937923],[-0.834889277216012,52.9393456266],[-0.841373436027722,52.9283829943338],[-0.861863879050931,52.9143275802788],[-0.858913406212323,52.9048058223728],[-0.911976248140395,52.8835605910605],[-0.916924968504128,52.8789315583632],[-0.940573953201612,52.8768560894637],[-0.928121455179321,52.8660834522298],[-0.940826973266535,52.8615637723833],[-0.941175276894076,52.8539592230615],[-0.9527715322648,52.8504093840528],[-0.959504034724749,52.8437818034079],[-0.970612634481973,52.844985248714],[-0.977074652434594,52.8407377636903],[-0.974777803064393,52.8299390994328],[-0.982709074240901,52.8206748001475],[-0.989241693477427,52.818214346428],[-0.99567600054548,52.8212704226511],[-1.02193320485252,52.8220515390454],[-1.0362894364442,52.8158773905947],[-1.04976607548885,52.8134481082606],[-1.05920666519448,52.8172491388128],[-1.07173890514076,52.8140113636767],[-1.0688123505343,52.8212360016873],[-1.0744353219927,52.8247267136687],[-1.09148476823018,52.820079715798],[-1.09419088056825,52.8219688276816],[-1.11694192963979,52.8195771588359],[-1.13089322809247,52.8058270754737],[-1.14396341562108,52.8038765579695],[-1.16327651255043,52.8065222851632],[-1.18674713207364,52.7976973486364],[-1.19773351990341,52.7894125352821],[-1.19875367444773,52.7932372056486],[-1.21124685132992,52.7949304061841],[-1.22581302130027,52.7916536967951],[-1.23187059861422,52.8006413748618],[-1.24151222422387,52.8052961468772],[-1.25513973075646,52.8041082943709],[-1.25994868045837,52.8070787825881],[-1.26337656680577,52.814918799188],[-1.26015159353172,52.8193601641324],[-1.27110500501883,52.8240627846407],[-1.27436331491399,52.8361293258303],[-1.26693345000829,52.8374701282396],[-1.27073674725601,52.8397004498091],[-1.26621312577231,52.8427529594228],[-1.27220521695397,52.8494398054367],[-1.26453866059216,52.858256087904],[-1.27528296544185,52.8603800563062],[-1.26788855603461,52.8733686725027],[-1.25350377373713,52.8793113510741],[-1.24005534599657,52.8801088554115],[-1.2389865680021,52.8835245149703],[-1.2463985395926,52.8891378990017],[-1.23962311289616,52.8942370560683],[-1.24742532729483,52.8986985520358],[-1.24621655337322,52.9029859009974],[-1.25647501681049,52.9017857406855],[-1.27441213125818,52.9052450411441],[-1.28179235328745,52.9102840899168],[-1.28579273021967,52.9259914136186],[-1.27784239393049,52.9357599707831],[-1.28241349928871,52.9512352340932],[-1.29250095316483,52.9555735378523],[-1.28774927667626,52.9696623558356],[-1.30275866648832,53.0002252015514],[-1.31907208072408,53.0100540257382],[-1.32445993134351,53.0258726331947],[-1.33198482983426,53.0311508433432],[-1.33346066054097,53.0488945540853],[-1.34405901062021,53.0678047516161],[-1.3296640047744,53.0823932012722],[-1.30256113651534,53.0885242263504],[-1.30924899858985,53.0967800627865],[-1.30122239621845,53.1038232548695],[-1.31183267838724,53.1087056388847],[-1.31144162995892,53.1197483890578],[-1.32178007379775,53.1306500556076],[-1.31496008587501,53.135843364222],[-1.32558320388833,53.1564749288101],[-1.3234468954862,53.1623424184242],[-1.31650025314649,53.1653652333178],[-1.30071213200944,53.1642148502159],[-1.29596369001836,53.1712244551733],[-1.254677634656,53.1647729657573],[-1.24044938058604,53.1786480950892],[-1.21957596763072,53.1787881043418],[-1.19883433104154,53.1829348148917],[-1.19581644233107,53.1924448036904],[-1.20942428900005,53.2176962786913],[-1.20223700108481,53.2161170401889],[-1.17112058750028,53.2189590873601],[-1.14032894558655,53.2257369052735],[-1.12367414892513,53.2246729906338],[-1.11972759614664,53.2320837832203],[-1.11145903371919,53.2304403812988],[-1.1033371240621,53.2357766880398],[-1.07248346909267,53.2409060173102],[-1.0278774005241,53.2610108998398],[-1.02354837004503,53.2478028006094],[-1.00676678067825,53.2361847719501],[-0.967542213739244,53.2353331942913],[-0.947264571726051,53.2258288947766],[-0.94891937000496,53.2141192436774],[-0.894342538183218,53.2235996239952],[-0.87941083762839,53.2210671883068],[-0.857838751472878,53.2122065614295],[-0.848497947192037,53.2153087783492],[-0.848213378815938,53.2186618872236],[-0.839821181150284,53.2189190162886],[-0.830798529857231,53.2175653602767],[-0.836956471346193,53.2136575897146],[-0.830520888186009,53.212830805611],[-0.832060788709336,53.206729869941],[-0.821572231810743,53.2013491414381],[-0.815723656834554,53.2049186914687],[-0.787292548834167,53.2045653577212],[-0.790077272576641,53.1991467168627],[-0.780364805331019,53.196397752422],[-0.775573823106131,53.2149584130579],[-0.783443302069396,53.225945425734],[-0.777074410876472,53.2469081646523],[-0.735084448442696,53.2438738061392],[-0.734151145437076,53.2540039335663],[-0.712975615149613,53.2581373476975],[-0.688027445489765,53.2583912802708],[-0.666577359663003,53.2397020761775],[-0.666204554881177,53.2341103953414],[-0.675872079012438,53.2176446083268],[-0.697499272127338,53.2202504571739],[-0.714753776003409,53.2076081087106],[-0.73042502093798,53.210717185689],[-0.75370481470164,53.1881523904363],[-0.762177204379689,53.1881190631083],[-0.764137696836661,53.1815439297996],[-0.718160588855576,53.177287850069],[-0.716028127747341,53.1704120452799],[-0.723232316176564,53.1551034420725],[-0.715375401564473,53.1368830353748],[-0.732407222456234,53.1278013318502],[-0.73109184110521,53.1240029107742],[-0.716882697173617,53.1194435503072],[-0.71675616630227,53.1161845993251],[-0.721250673789544,53.1042680346977],[-0.729617811558772,53.0979018914988],[-0.706149594332885,53.0833786279249],[-0.710358317526462,53.0793777126728],[-0.698482242794183,53.0754675283255],[-0.69880581003094,53.0677464026037],[-0.695132108918875,53.0662903133898],[-0.701539456366044,53.0636631817595],[-0.71346648197763,53.0660465160558],[-0.713656250187974,53.0603286818173],[-0.722856917194854,53.0598368499129],[-0.73097758628718,53.0543978231625],[-0.749687690578693,53.0551226586027],[-0.760826751180541,53.0294101156832],[-0.776673126228285,53.0247109974216],[-0.788413850725304,53.0258534181291],[-0.795824864866407,53.0105981019071],[-0.804086828535266,53.0125049150788],[-0.800189267198687,53.002193645424],[-0.777554231276349,52.9838066217698],[-0.778278872708424,52.9769232002225]]]},"properties":{"FID":87,"SICBL26CD":"E38000243","SICBL26NM":"NHS Nottingham and Nottinghamshire ICB - 52R","ICB26CD":"E54000060","ICB26NM":"NHS Nottingham and Nottinghamshire Integrated Care Board","BNG_E":466571,"BNG_N":348422,"LONG":-1.008835,"LAT":53.02897,"GlobalID":"40b9e8ed-6c1b-4a9d-a87e-785173ff26e8"}},{"type":"Feature","id":88,"geometry":{"type":"Polygon","coordinates":[[[0.219208383039157,51.4796063630866],[0.211534708729036,51.475045659854],[0.210612637694514,51.4624813543717],[0.2032719897732,51.4587476090157],[0.203353479087563,51.4543280766373],[0.193020124569246,51.4517008951038],[0.184261424751771,51.4446517904356],[0.172854202933793,51.4432449089469],[0.164378040248608,51.428620247955],[0.155874584541941,51.4308768497222],[0.153763522001503,51.4275227431699],[0.151158524896716,51.4204303871357],[0.154632793922159,51.4184795387185],[0.149158880339785,51.4124354334078],[0.153770489001981,51.4112655311586],[0.148769278507734,51.408266778658],[0.162384816338543,51.3924901656293],[0.147533924029833,51.3921561905137],[0.152057597026499,51.3696937118025],[0.147294740504941,51.3669475837103],[0.136957823988705,51.3441746325633],[0.118456303813869,51.3441477904148],[0.121683434434795,51.3336360584099],[0.117903334550752,51.3296629945397],[0.10489487245393,51.3274426453642],[0.0850298738550989,51.3160228847723],[0.0828818352433762,51.3056550532069],[0.0911857374825611,51.2968283222047],[0.0858168408344255,51.2931484917086],[0.0585092764581212,51.2893538500191],[0.0508328491798416,51.2939763182131],[0.0423977754721116,51.2926776335773],[0.0428183732526767,51.3011689481528],[0.0329093339437595,51.3075208931523],[0.0248389133705336,51.3021549523984],[0.0191005838915979,51.2916839740213],[0.0150095930795148,51.2917860897308],[0.00839098837065426,51.3103614724757],[0.0103486078270861,51.3161402939934],[0.00658264618446534,51.3156531150623],[0.00229479293732579,51.3291384597649],[-0.00492158517277584,51.3521139013322],[-0.0237705175358258,51.365414405471],[-0.0267962652142076,51.3793736192901],[-0.0369256449438391,51.3770082288559],[-0.0364983168003941,51.38846077317],[-0.0534832356845066,51.3949200770463],[-0.0503227264432036,51.3979892983752],[-0.0529642707216125,51.4014609014526],[-0.0605605066837489,51.3991233770269],[-0.0681797841476064,51.4035107340053],[-0.0727772657991647,51.4126736459849],[-0.08060774360649,51.4157362881499],[-0.078648910742115,51.4198258468888],[-0.112686526500219,51.4232281402081],[-0.127906575899584,51.4119838067487],[-0.148029543905574,51.4128684956479],[-0.137827032370869,51.4211061441562],[-0.138404766466175,51.4304573394937],[-0.135316996330779,51.4303656629895],[-0.140053367171977,51.4367932073029],[-0.13596290498265,51.441869272542],[-0.143622177163245,51.441772514058],[-0.142303764658092,51.4509675644467],[-0.147721307640516,51.45231095965],[-0.15120602133609,51.4658855000675],[-0.134640684123487,51.4733780529292],[-0.12626493669627,51.4844791001487],[-0.128086591562955,51.485271115044],[-0.125525092498704,51.4869196588494],[-0.125070608172031,51.4877256263541],[-0.121983303893627,51.4931996936216],[-0.121352821058677,51.4943173900731],[-0.118823061311694,51.5038400639232],[-0.118324868424955,51.5057269320589],[-0.108805057906591,51.5084462995708],[-0.108710943783188,51.5084503729624],[-0.104676526122011,51.5086249209914],[-0.0885964200890663,51.506884532771],[-0.0880998441977707,51.5068307501761],[-0.076123352464044,51.5044032793503],[-0.0724306684421993,51.5030869849777],[-0.0708325352365456,51.5025172569459],[-0.0735138871706862,51.5004645696628],[-0.0577560320946397,51.5008510146202],[-0.0572576283645827,51.5008632036694],[-0.0520706934768517,51.5027504809857],[-0.0479005399988052,51.5042009445789],[-0.0478302330659537,51.5042441674619],[-0.0429930611827129,51.5072176525936],[-0.0338695788014832,51.5060830180155],[-0.0334546098079645,51.5024392356731],[-0.0324206765272085,51.4933580406567],[-0.0323863262307784,51.4930562791944],[-0.0248209130048979,51.4855466859933],[-0.0243027105531619,51.4852023965389],[-0.0165139306063309,51.481644234227],[-0.0170818838368499,51.4804048672828],[-0.0187614444883797,51.4789149264729],[-0.0227415564966814,51.475354171187],[-0.018980270354387,51.4784686620242],[-0.0168340745733652,51.4802455797102],[-0.0149992974311414,51.4817665637771],[-0.0178584573832501,51.4832186940558],[-0.0109251849859338,51.4839842238117],[-0.00470017229324967,51.4846711770922],[-0.00461859352853049,51.4847311625206],[0.00247343704341189,51.4899452452828],[0.00118580996119195,51.4927305627473],[-0.00224019592642529,51.5001398594115],[-0.00100546250214412,51.5018904736163],[0.000852384060337712,51.5045242744285],[0.00558687393365308,51.5017778641016],[0.0154158417131342,51.4960746969671],[0.0157264207044849,51.4958944510594],[0.0290454308537624,51.4939165459781],[0.029596384973964,51.4939397177828],[0.0297440265845601,51.4939459272458],[0.0457984504513312,51.4946199015531],[0.0611039704935613,51.4952603953971],[0.0750474141654847,51.4958421511036],[0.0759243680540068,51.4958786839926],[0.0762345446849466,51.4958916035646],[0.0824310970958383,51.4988617105771],[0.0827214381594712,51.4991679695343],[0.0839006700998783,51.5004117975328],[0.0880219220250108,51.5047584430324],[0.0920521297700356,51.5090081162801],[0.11878473864348,51.5113195334222],[0.120239031684623,51.5114451012656],[0.128620890855794,51.5132941538122],[0.151296375343893,51.5062825005641],[0.152013469178269,51.5061567081224],[0.166190946323591,51.503668634541],[0.169380011573712,51.4988619650002],[0.172101162872704,51.4947595111934],[0.172147224337253,51.4946181692145],[0.172307112621799,51.4941275409117],[0.175197827350929,51.4852556409535],[0.186499592697562,51.4804808286052],[0.186537326334579,51.4804648833723],[0.200844593643595,51.4786571118063],[0.211683788803227,51.4827285921846],[0.217644190043408,51.480448589397],[0.219208383039157,51.4796063630866]]]},"properties":{"FID":88,"SICBL26CD":"E38000244","SICBL26NM":"NHS South East London ICB - 72Q","ICB26CD":"E54000030","ICB26NM":"NHS South East London Integrated Care Board","BNG_E":541305,"BNG_N":168583,"LONG":0.029892,"LAT":51.39869,"GlobalID":"b97196a0-618f-4f89-9886-0e8706f7f5a7"}},{"type":"Feature","id":89,"geometry":{"type":"MultiPolygon","coordinates":[[[[-0.255070802867928,51.4729124048944],[-0.255740940674504,51.4726138154967],[-0.256279540522416,51.472653231109],[-0.254905876749027,51.4733057264513],[-0.255070802867928,51.4729124048944]]],[[[-0.173154805462608,51.4807447491454],[-0.17357503695357,51.4806142058502],[-0.173345509366151,51.480936292979],[-0.172072759890472,51.4810808736438],[-0.173154805462608,51.4807447491454]]],[[[-0.290792466686978,51.4869806333484],[-0.293126283763491,51.4864880837427],[-0.292095553621064,51.4872996507652],[-0.290494838768104,51.4870434426962],[-0.290792466686978,51.4869806333484]]],[[[-0.223401522870407,51.4715216728925],[-0.218191105439945,51.4695128022624],[-0.218141080427855,51.469465865709],[-0.217948234411531,51.4694191553596],[-0.215386353473436,51.4684312804061],[-0.209856992187277,51.4662988001167],[-0.209691744168807,51.4662350621673],[-0.195098646577635,51.4606152048163],[-0.194992734959719,51.4606261363214],[-0.194901611157011,51.4606647897221],[-0.187114608204622,51.4641791520053],[-0.177949731420868,51.4706113700357],[-0.174155762141814,51.4789091812598],[-0.171290040963151,51.4797851118573],[-0.166275582534315,51.4813175692848],[-0.147407210757351,51.4831814152135],[-0.139801888301078,51.4839317780747],[-0.138108765259967,51.4840983073676],[-0.136144303705793,51.4842914934375],[-0.128430560959041,51.4850497271864],[-0.128086591562955,51.485271115044],[-0.12626493669627,51.4844791001487],[-0.134640684123487,51.4733780529292],[-0.15120602133609,51.4658855000675],[-0.147721307640516,51.45231095965],[-0.142303764658092,51.4509675644467],[-0.143622177163245,51.441772514058],[-0.13596290498265,51.441869272542],[-0.140053367171977,51.4367932073029],[-0.135316996330779,51.4303656629895],[-0.138404766466175,51.4304573394937],[-0.137827032370869,51.4211061441562],[-0.148029543905574,51.4128684956479],[-0.127906575899584,51.4119838067487],[-0.112686526500219,51.4232281402081],[-0.078648910742115,51.4198258468888],[-0.08060774360649,51.4157362881499],[-0.0727772657991647,51.4126736459849],[-0.0681797841476064,51.4035107340053],[-0.0605605066837489,51.3991233770269],[-0.0529642707216125,51.4014609014526],[-0.0503227264432036,51.3979892983752],[-0.0534832356845066,51.3949200770463],[-0.0364983168003941,51.38846077317],[-0.0369256449438391,51.3770082288559],[-0.0267962652142076,51.3793736192901],[-0.0237705175358258,51.365414405471],[-0.00492158517277584,51.3521139013322],[0.00229479293732579,51.3291384597649],[-0.00873497296617659,51.3339007792167],[-0.014327761651326,51.3298052925357],[-0.0220563973565896,51.3380995727393],[-0.0378924665047372,51.3387044422611],[-0.0419675905071055,51.3338102880997],[-0.050260481778277,51.3326393314449],[-0.0478685940206328,51.3252450019284],[-0.0513071353485482,51.3224479081576],[-0.0640866067684433,51.3185968298442],[-0.0710164828151732,51.3212327062701],[-0.0788694119998035,51.3197737601057],[-0.0847539357233074,51.3158844049934],[-0.0819316470621124,51.3106473213419],[-0.0888250914859412,51.3072185771502],[-0.0911677184221208,51.3014725170913],[-0.114822739171149,51.292433892806],[-0.117774868472408,51.2870947443201],[-0.124292566634326,51.2867586579859],[-0.13731323629181,51.300780659066],[-0.155317820061808,51.3012745566015],[-0.154345575195858,51.3102512688007],[-0.158331058072033,51.310985341269],[-0.161880273316548,51.3196252689276],[-0.15644112104466,51.3213873684869],[-0.164172947751153,51.3260065904952],[-0.163114800350353,51.330241414913],[-0.172976733236182,51.3300234905243],[-0.181995915055745,51.3378517196684],[-0.19737286190631,51.3435930848216],[-0.213032035063121,51.3355413177295],[-0.215898432623055,51.3298609796795],[-0.220940957104539,51.329862732405],[-0.22920695641404,51.3358884511079],[-0.217777513194224,51.3456313941056],[-0.226874279855897,51.362593601732],[-0.237052958866911,51.3668997986274],[-0.245404680050315,51.3668449158055],[-0.246089038151651,51.3801891778075],[-0.261147224104049,51.3795989620622],[-0.284082423297188,51.3651432133107],[-0.303881100989302,51.343250155398],[-0.305864441294182,51.335251311102],[-0.319283575729621,51.3278099806528],[-0.32829103483121,51.3264621959136],[-0.330510124934462,51.3484195508404],[-0.319932987372726,51.3596303157137],[-0.316926122217939,51.3729166398645],[-0.307970712981062,51.3766641222382],[-0.310846945548792,51.3861859920793],[-0.313166006237262,51.3888317246076],[-0.315958752199988,51.3876317337108],[-0.317698624670097,51.3936667483024],[-0.327817929434853,51.391837476483],[-0.3405085015761,51.4030161228531],[-0.35764607587838,51.411478724177],[-0.379428634428417,51.4078338508753],[-0.389176693147851,51.4103195586185],[-0.386641754250475,51.4200808188274],[-0.391351446077587,51.4223319263526],[-0.385371183274755,51.4207396479347],[-0.387889122714733,51.4287327042676],[-0.366831272495043,51.4416432414499],[-0.378223969924483,51.4424901089852],[-0.387777297535392,51.4494340238552],[-0.373031025049575,51.4574436469207],[-0.348688793201151,51.4567125030041],[-0.340045468451294,51.459292048547],[-0.336962557998825,51.4546307946902],[-0.326888430531265,51.457041640982],[-0.321213118188564,51.4665685954562],[-0.321712316644831,51.4654065958495],[-0.32138312332748,51.4651664772361],[-0.313872211174679,51.4597090154664],[-0.313795040289381,51.4596747385099],[-0.305892400035465,51.4561641070348],[-0.305515425258593,51.4551006027604],[-0.304279006346907,51.4516121339997],[-0.305721933936308,51.4509921164738],[-0.315798396056739,51.446661513483],[-0.325075276811457,51.4465336874899],[-0.330579811120447,51.4421888534238],[-0.330964782906169,51.4418849451673],[-0.331364063270804,51.4415697346438],[-0.328488521330091,51.4339659232643],[-0.320191773126606,51.4295334033081],[-0.319940908618239,51.4294008367622],[-0.31901378002931,51.4294980743171],[-0.318440402732133,51.4295582057532],[-0.325947416677613,51.4329364022464],[-0.326927567063361,51.4334455021602],[-0.329931419171653,51.441701993236],[-0.305853232909415,51.4485109103443],[-0.302547817224562,51.4523442852726],[-0.304881918879484,51.4562294769028],[-0.305022033220876,51.4564626811302],[-0.313668179278429,51.4606549619279],[-0.313854906653685,51.46074548552],[-0.319245650051518,51.4683613310391],[-0.31012093679786,51.4735277223052],[-0.30983239990026,51.4737477376985],[-0.307931045757172,51.4751974863389],[-0.306977406069111,51.47557824714],[-0.295296756839983,51.4847789890763],[-0.287272129073823,51.4865216775146],[-0.280285045863998,51.4832329212769],[-0.273468919813174,51.4763661935353],[-0.273433916019241,51.4763282837697],[-0.270545255390631,51.472687655217],[-0.260215048755059,51.4703144328646],[-0.251589100329679,51.4735947738937],[-0.251480720048389,51.4736359816367],[-0.251405180380742,51.4738937761436],[-0.248520909527052,51.4837346755605],[-0.235511902217349,51.4889470075645],[-0.228011328288862,51.4851101169033],[-0.225845612567914,51.4787271619701],[-0.22562555530689,51.4780785037697],[-0.225191625972134,51.476080106093],[-0.224833781832161,51.4757444657739],[-0.223639066497962,51.4722220865247],[-0.223401522870407,51.4715216728925]]]]},"properties":{"FID":89,"SICBL26CD":"E38000245","SICBL26NM":"NHS South West London ICB - 36L","ICB26CD":"E54000031","ICB26NM":"NHS South West London Integrated Care Board","BNG_E":527017,"BNG_N":167000,"LONG":-0.175945,"LAT":51.38784,"GlobalID":"22ebb58b-614e-4673-b226-2b081b2f8c6e"}},{"type":"Feature","id":90,"geometry":{"type":"Polygon","coordinates":[[[-1.24128544768805,54.7234105154139],[-1.24101346432819,54.7232122692043],[-1.23164642110467,54.7177213115356],[-1.23159383566478,54.7176999656612],[-1.21002901072878,54.7089421285019],[-1.17569729724445,54.6967465914717],[-1.17433678023129,54.6931621748631],[-1.17402616261033,54.6919931945106],[-1.17455342485774,54.6923560556303],[-1.17701764299862,54.6946474878241],[-1.18366862813293,54.6935030103631],[-1.1849761097763,54.6933853825882],[-1.19277511911233,54.7004914612059],[-1.19632938053034,54.6985649667341],[-1.18750965082326,54.6939094531825],[-1.1959399031887,54.6923614125333],[-1.19408689998301,54.6902198304169],[-1.1945192059421,54.6897157621526],[-1.19788237012063,54.6918053793625],[-1.19867872582023,54.6862575168224],[-1.19680601621656,54.6870491052513],[-1.1975989738156,54.6861243414495],[-1.19885420435152,54.6853833293903],[-1.19849602143784,54.6796417049149],[-1.19849239250194,54.6795835299739],[-1.19731505826709,54.6781671635313],[-1.17610694079305,54.6536285991937],[-1.16476091636409,54.6476052887914],[-1.15836842285636,54.6483170596366],[-1.1580038263786,54.6483046847254],[-1.16879885892195,54.6442890507578],[-1.1617987909207,54.635423037741],[-1.1663887690271,54.6372637384789],[-1.16592472164367,54.6338941077572],[-1.16042471112156,54.6351924457567],[-1.16559110623118,54.6318760838332],[-1.18876265284135,54.6326511062476],[-1.20053030587366,54.6231333394839],[-1.20524163140224,54.622734363759],[-1.21246741984939,54.6222822703152],[-1.2126353952568,54.6217276946481],[-1.21276582137568,54.6214986239424],[-1.17347969079375,54.6215366566799],[-1.16781991844001,54.6293103937164],[-1.16484632932882,54.6282277215656],[-1.17204808009584,54.6217868971339],[-1.16724017559485,54.6197714814128],[-1.16204482781001,54.6226186130551],[-1.16058479247303,54.6103262801625],[-1.16574787623154,54.6101219825555],[-1.16743285551662,54.6047855592226],[-1.20445531433197,54.5826329234814],[-1.22901417375477,54.5854801090502],[-1.23126476207899,54.5860704808184],[-1.24538882798209,54.5938254714925],[-1.24501002900417,54.5916294141577],[-1.25251885086485,54.5923975965216],[-1.25858143284081,54.5888661576672],[-1.25942752203854,54.5809160715978],[-1.26020702726351,54.5729668000669],[-1.25715974098474,54.5871382286903],[-1.25170846105873,54.5906769518001],[-1.21570933882705,54.5810670930069],[-1.21978316515439,54.5788817028521],[-1.20481475828751,54.5799886220202],[-1.20697417243001,54.5767436214208],[-1.2037727320396,54.5769325389943],[-1.20247338032616,54.5804100010459],[-1.19707285647115,54.5817904939772],[-1.16380013008804,54.6021112503393],[-1.15139431318611,54.5961637404645],[-1.16349063398613,54.6021046071507],[-1.16025318686916,54.604540122118],[-1.14677026000937,54.5990951501693],[-1.15759190778504,54.6054499334996],[-1.14912904305,54.6143317447533],[-1.15462417114531,54.6275034978044],[-1.153299071145,54.6302054450543],[-1.15273983034454,54.6313456500682],[-1.14612679488996,54.6277252410957],[-1.14113416921429,54.6286098704822],[-1.1354606122955,54.6296150934896],[-1.14190907266081,54.6381694628453],[-1.13747964196537,54.647570717924],[-1.13874620757824,54.6406929661972],[-1.11881251872714,54.6288614416471],[-1.0846206441754,54.6203975832227],[-1.07317157676239,54.6213368170792],[-1.07231952088698,54.6211309787847],[-1.05959649237511,54.6180564187768],[-1.05850636862159,54.6174934402429],[-1.03639976664779,54.6060714203758],[-1.03581492120319,54.6058428098154],[-1.0176925958509,54.5987563274409],[-1.01639413304144,54.5982483844675],[-0.98470916090586,54.5893897242919],[-0.984431769768939,54.5893121157946],[-0.960287944667573,54.5850306858465],[-0.943276105226506,54.5879200702176],[-0.938340629592815,54.5887578019004],[-0.935124764319538,54.5880419632125],[-0.933474765914092,54.5875693437524],[-0.933211343419599,54.587615991052],[-0.919982195473937,54.5846698190308],[-0.904024163613736,54.5745856803747],[-0.900933035920922,54.5751998365878],[-0.898739656546232,54.5741576327334],[-0.898180943856563,54.5719568615449],[-0.89757408185609,54.571904260985],[-0.875705131311908,54.5700066118595],[-0.871975861885777,54.5696825951365],[-0.869524794557894,54.5699491786686],[-0.853009737827309,54.5717439965636],[-0.846242723572737,54.5697292206504],[-0.808810703025369,54.5585740029559],[-0.789871442663715,54.560638153155],[-0.789708774542065,54.5602597310564],[-0.794251723600609,54.5583524617884],[-0.793344886619105,54.5583087012644],[-0.798788281141829,54.5556179847521],[-0.800420008708386,54.5510107268024],[-0.815676919852874,54.5525068708113],[-0.826985008084097,54.5485752178145],[-0.848648010068455,54.5300039704112],[-0.853321196996228,54.5027133515827],[-0.843942296890513,54.4912246364571],[-0.848531000667762,54.487972529412],[-0.875781063376293,54.4911646351014],[-0.880824899020234,54.4970467756218],[-0.952591432123945,54.4880144398293],[-0.967829458721178,54.497268570429],[-1.00340083895245,54.5030120131439],[-1.02380053628949,54.5020450526579],[-1.03685127014028,54.4940441776903],[-1.09452390456622,54.5067600802533],[-1.11178275638994,54.5043740554343],[-1.11848800570917,54.4981929837732],[-1.14586498902166,54.502816444293],[-1.17356039697164,54.5025077184547],[-1.18509371471916,54.5072854396389],[-1.20378570423111,54.5068940298994],[-1.23060453112544,54.51188150537],[-1.2423203892309,54.5016577887049],[-1.25667448755959,54.5011078038358],[-1.25326260822434,54.4977824419814],[-1.25740423071956,54.4873216987219],[-1.28097846469736,54.4904432573412],[-1.2895918212534,54.4879863432279],[-1.28671005888125,54.4827344723441],[-1.29159057090209,54.4834452347469],[-1.30033803059342,54.4758496908311],[-1.3031891943266,54.4784294987629],[-1.31311693101447,54.4772772039967],[-1.31831280613987,54.4721990768788],[-1.34390800986959,54.4641506711003],[-1.34491498127732,54.4724079595431],[-1.3564902986433,54.4729258725384],[-1.36441723157959,54.4659523167091],[-1.37256153145259,54.4723068657451],[-1.37478006025318,54.4824673174874],[-1.37028728385559,54.4861102106523],[-1.38101108455357,54.4940287644403],[-1.3830651322521,54.4872865827807],[-1.39505025005405,54.4856797574566],[-1.3992152942396,54.492892256748],[-1.40689905862953,54.4936286637399],[-1.40946574907624,54.4788575982666],[-1.41788681245442,54.4770861193498],[-1.43254071621093,54.4796533788455],[-1.42684652831923,54.4851634570258],[-1.44261002961577,54.4907470256301],[-1.46159363869147,54.5042958661975],[-1.47559790505787,54.4983393818249],[-1.472916560526,54.4960188903135],[-1.46224151757878,54.4962937993328],[-1.45847362180936,54.492839446636],[-1.46182773194928,54.4859514897886],[-1.45765622793146,54.4812154951317],[-1.46379873922096,54.4735510627828],[-1.4534143452089,54.4660149855798],[-1.46252425190227,54.4623598901773],[-1.45478956821577,54.4542018361485],[-1.46088502516673,54.4511375983569],[-1.47198283486715,54.4554548443342],[-1.46761922033262,54.4621504421991],[-1.47546522440592,54.4739072131969],[-1.49878946348032,54.4753429429865],[-1.49177533099596,54.4862003508845],[-1.50542528676287,54.4823186501084],[-1.51134067684233,54.4750123546087],[-1.51413168532937,54.4837750121237],[-1.52883561759149,54.4848138583483],[-1.53015079067683,54.4757508048328],[-1.51983336520444,54.4710468572685],[-1.53271971138501,54.4691491123477],[-1.54567294577334,54.4712387912751],[-1.55519614061277,54.4849779740335],[-1.5733041667832,54.4901595483359],[-1.58298019843575,54.4971005930718],[-1.57921480158211,54.5051873562807],[-1.59188150469669,54.5043011050145],[-1.58130487524726,54.5094886844385],[-1.58106835405837,54.5128456148434],[-1.60263725653728,54.510581657999],[-1.60112010606054,54.5176423696798],[-1.61148485478048,54.5200008403847],[-1.6235780769016,54.5146482480613],[-1.63333012841844,54.5141111278365],[-1.64019900399085,54.5171802357314],[-1.63293131959659,54.5187041965938],[-1.63377335073981,54.5253645151551],[-1.65467505793256,54.5246500130847],[-1.65793704483401,54.5345885812624],[-1.68225927781051,54.5333392810359],[-1.69692624053752,54.5360065534245],[-1.6983399740513,54.5442091243288],[-1.70377172037059,54.5449369043014],[-1.70527421711134,54.5491719611267],[-1.69756271497337,54.5557124798415],[-1.69120672965376,54.5562446371456],[-1.70331126581506,54.5586956843907],[-1.70928193606733,54.5631794024987],[-1.7044803410785,54.5721618212923],[-1.70898438985467,54.5741413692037],[-1.69402787710601,54.5868937957725],[-1.67931190548027,54.5859734182143],[-1.6824222944064,54.6177712182914],[-1.65834339544331,54.615458515235],[-1.64162914971721,54.6193654743164],[-1.63409398314477,54.6161655660842],[-1.62388607024674,54.6189264187985],[-1.60676477339323,54.6175404499434],[-1.60621832774365,54.6034402529337],[-1.58419372392692,54.6104862546175],[-1.58407256053412,54.6072683035931],[-1.59294926420654,54.6045487185704],[-1.58987572699615,54.5977486120397],[-1.59340887127694,54.5950765695039],[-1.59086060289151,54.5902140254983],[-1.58286483543783,54.5894750968551],[-1.58331536748466,54.5809087130128],[-1.55282376619881,54.582342292972],[-1.56226169541476,54.5859713688285],[-1.55864455363639,54.5921161980054],[-1.52640302741454,54.5964860594202],[-1.49731736577904,54.595675071026],[-1.48534245246252,54.5996386814687],[-1.46794461505542,54.6005008217561],[-1.46024750723368,54.596823777463],[-1.45608028561707,54.5992206251789],[-1.45170560090526,54.5908276236768],[-1.44340161295804,54.5906236132793],[-1.43835556696312,54.5950795673616],[-1.4507857454785,54.604698386853],[-1.45091367472471,54.6105134444544],[-1.4428896476791,54.610110331649],[-1.42997039394676,54.6152938068995],[-1.42612837833071,54.6114989997435],[-1.41160919683639,54.6172191750705],[-1.40477996969565,54.6240455186089],[-1.39915821453075,54.624129571429],[-1.40159864765047,54.6263591617679],[-1.39423514903279,54.6288821022237],[-1.39551070626609,54.6310975149873],[-1.38719780370952,54.632739764565],[-1.39047325912986,54.6391142837903],[-1.3808988514859,54.6439167233103],[-1.38376517592486,54.6462354947208],[-1.34125427863181,54.6502117138063],[-1.34785127755234,54.6624209457339],[-1.34353070696017,54.66862033873],[-1.33303841292742,54.6726525895981],[-1.33094564499612,54.6821332388013],[-1.33444068429516,54.6890464118902],[-1.34452655073458,54.6911210586848],[-1.31932930145967,54.691356944521],[-1.31266468985751,54.6959480953338],[-1.31384941118445,54.701227663992],[-1.30132650174444,54.7081007829675],[-1.30552056107245,54.7175210375036],[-1.29030159722596,54.7183979144156],[-1.27025159693152,54.7271686382419],[-1.2585621209374,54.7260553701663],[-1.25186565310763,54.719623166471],[-1.24128544768805,54.7234105154139]]]},"properties":{"FID":90,"SICBL26CD":"E38000247","SICBL26NM":"NHS North East and North Cumbria ICB - 16C","ICB26CD":"E54000050","ICB26NM":"NHS North East and North Cumbria Integrated Care Board","BNG_E":436953,"BNG_N":521739,"LONG":-1.429689,"LAT":54.58951,"GlobalID":"a786fa01-82f3-4d93-8a26-5206701b0043"}},{"type":"Feature","id":91,"geometry":{"type":"Polygon","coordinates":[[[-0.157345982095864,52.0805157101242],[-0.164165713552271,52.0770355077641],[-0.172619038399709,52.0602100407166],[-0.19498248042838,52.0624150513388],[-0.219524518498782,52.0366835218098],[-0.201255999232523,52.0098247127112],[-0.213635841188008,52.0088591317049],[-0.236867926456393,51.9979470458845],[-0.244078799126257,51.9990233928121],[-0.247982955313016,51.9850799890882],[-0.257461642897173,51.9853425386783],[-0.260255083492411,51.9797048517918],[-0.270625678969547,51.9796219808327],[-0.274917636982155,51.9829454992794],[-0.272298353262319,51.988159773899],[-0.28348178044685,51.9968211144021],[-0.28241634009257,52.0015639192825],[-0.296089126632458,52.0021924103193],[-0.300054137682577,52.0007805613357],[-0.295325553466247,51.9954042658607],[-0.30681554083012,51.9890688258891],[-0.311556125157742,51.9821098184804],[-0.358721805279696,51.9855462885801],[-0.367157671894378,51.9837606950329],[-0.363732258385604,51.9752093763038],[-0.34926409874888,51.971169450805],[-0.350225463578636,51.9575781506211],[-0.37358321179824,51.9478214792537],[-0.382911939901576,51.9514137638953],[-0.37820544640017,51.9716359104771],[-0.380686380065278,51.9794322663056],[-0.390266314354754,51.9777287717919],[-0.393432621418545,51.9685769830776],[-0.399439417792934,51.9676716028567],[-0.406299445424446,51.9412937119482],[-0.402482228980273,51.9334101692414],[-0.405607075305831,51.9324544139121],[-0.389072786390471,51.9256530148453],[-0.377489917580582,51.8984330438986],[-0.365134310797758,51.8943774294333],[-0.349899442185669,51.8787082484181],[-0.354614550268452,51.8751637807557],[-0.355215272234672,51.8672554716711],[-0.339485928243629,51.8496055839011],[-0.35718864823055,51.8400825717399],[-0.363302673628114,51.8421050963572],[-0.368730156387934,51.831083308623],[-0.374054989096005,51.8291945618974],[-0.398362781276811,51.8373333250405],[-0.42150139101161,51.8502053039705],[-0.425234825972549,51.8467206892603],[-0.438986462426456,51.8518351575779],[-0.447524505501736,51.8476018025486],[-0.454062952748318,51.8530324274474],[-0.464104436189493,51.8501474981945],[-0.470094784800464,51.8558013625431],[-0.47829841660282,51.8531366799519],[-0.47119665231943,51.8454676126337],[-0.479570603023184,51.8421443767727],[-0.490932926808512,51.8428193505124],[-0.491882296290329,51.8352782864024],[-0.501818189877241,51.83679484312],[-0.506011553472277,51.8273094927649],[-0.511192716957722,51.8258935592595],[-0.501593654975458,51.8214869798717],[-0.502283053670155,51.8154587104266],[-0.519728941792477,51.8050953721864],[-0.543179933374848,51.815463517594],[-0.54168492475555,51.8184447438581],[-0.553628414893348,51.8267124741105],[-0.548992233284731,51.8279860572511],[-0.543650579196284,51.8245177959124],[-0.537628252074957,51.8314108704774],[-0.564466051469902,51.8474278299909],[-0.566809239035386,51.8508135230679],[-0.563679760070048,51.8512390123958],[-0.568718410168112,51.8514013982102],[-0.571433374929057,51.8550261237406],[-0.569248127050236,51.8580704593833],[-0.583563470801645,51.870323753941],[-0.608970534287072,51.8755640433684],[-0.620089028297903,51.8854854749],[-0.628424440375398,51.8821203198479],[-0.651980197586108,51.886790481335],[-0.672969152663293,51.9017526700401],[-0.69445891443867,51.9007281232101],[-0.703564192605605,51.9102207365584],[-0.725666108245954,51.9187789175895],[-0.745986045864568,51.9314175937559],[-0.755063845118196,51.9402804815703],[-0.750832358200571,51.9423054416648],[-0.75878606869591,51.9458758160488],[-0.785099028354268,51.9421444633513],[-0.797680894700272,51.9496343571518],[-0.796586130666058,51.944920981287],[-0.803921128303732,51.942477795752],[-0.795183956892602,51.9305542776373],[-0.81173023197695,51.9313940150672],[-0.820567434400044,51.94160073946],[-0.8334229799439,51.9469501003383],[-0.833068799483932,51.9559280961304],[-0.837572381986579,51.9572489942821],[-0.817494261821735,51.9672377809345],[-0.820554054625521,51.973352096426],[-0.803504318232008,51.9855036509133],[-0.807991780023374,52.0003459156632],[-0.812243202811389,52.0060156833098],[-0.819223927561283,52.007044376092],[-0.819817149905929,52.0122857274304],[-0.84487755633803,52.0226817847253],[-0.866951706547731,52.0400984833174],[-0.871325791435742,52.0402517758881],[-0.867733960077935,52.0462209463351],[-0.85942282439064,52.0446021892402],[-0.852446743575193,52.0507051991632],[-0.860402821372058,52.0545254262854],[-0.862678592206322,52.0609340238384],[-0.857358640462418,52.0640905749328],[-0.839500160213546,52.0638275585895],[-0.831418075711131,52.0719470317291],[-0.846712589310994,52.0915087371726],[-0.854779056667086,52.0923543452021],[-0.857943173505202,52.0975184720126],[-0.86952939124574,52.1000371487297],[-0.865270006285974,52.1029374920325],[-0.87145032924143,52.1117534423062],[-0.887015459014899,52.1142095425605],[-0.880682843377542,52.1201906309328],[-0.880703205732458,52.1263382277114],[-0.86900135711918,52.1306196343189],[-0.832054852859118,52.1312587996424],[-0.828204869960686,52.1326105646314],[-0.831966594474488,52.1436834490151],[-0.814041358595816,52.1424723206722],[-0.807588082971615,52.1569790119012],[-0.801956644733455,52.1586787282915],[-0.792091128859791,52.1513294553876],[-0.777878129350273,52.1687708781929],[-0.765331496480897,52.1710992278948],[-0.761888577696333,52.1634811819262],[-0.75719096511671,52.1673289692291],[-0.749734760960737,52.1668767836316],[-0.738949653484291,52.1711775354785],[-0.729260287907191,52.1794732341556],[-0.701671492411906,52.1933084587495],[-0.684654011478228,52.1963360255171],[-0.668135903447934,52.195034029345],[-0.661460463513019,52.2081259002213],[-0.637331792921409,52.2273176291884],[-0.653655575629202,52.2682889963646],[-0.639908376108906,52.2724419328964],[-0.63141243557643,52.2700477559712],[-0.624818669333554,52.2756486650594],[-0.603249971863058,52.2787457173954],[-0.586328305862752,52.272913908752],[-0.588110869130691,52.2707784696352],[-0.565693322815629,52.2534683294845],[-0.554738544937602,52.2581796849165],[-0.541972249025452,52.2560727005901],[-0.539324995846566,52.2660946834342],[-0.531190075726973,52.2704023633628],[-0.534003318232647,52.281191844362],[-0.541969092558056,52.2899423754923],[-0.51405100138019,52.3146970530313],[-0.51982989519698,52.3176925125198],[-0.487141386439929,52.3210827904007],[-0.476261607696473,52.3180635793319],[-0.465365654032205,52.3229532744971],[-0.444183291225945,52.3142317529669],[-0.436088651990223,52.3144709772093],[-0.435761232521791,52.2966583346507],[-0.422642228877833,52.2893753156036],[-0.421767149612461,52.2849478156021],[-0.410158934426205,52.2844970327828],[-0.406907851521594,52.2874759348161],[-0.398978787531793,52.278728932841],[-0.392625991266011,52.2824296059828],[-0.375010557405257,52.2804696633986],[-0.3721750008088,52.2734997865295],[-0.382341188623799,52.2711256447254],[-0.37437582377391,52.2329983111055],[-0.35903739645714,52.2347358067966],[-0.341009284219919,52.2306478881765],[-0.343468542270299,52.2418742151076],[-0.334493575424728,52.2429212176342],[-0.319996305240787,52.2427085393571],[-0.313687604631642,52.2389989779982],[-0.293208869793175,52.2405160192735],[-0.28569387330908,52.2374014303022],[-0.299513352541893,52.2203301087405],[-0.296284203060797,52.2104870899886],[-0.288726264844687,52.207376811504],[-0.261859232051558,52.2098655275373],[-0.264911901433434,52.2057211755266],[-0.240722803944983,52.1901930292583],[-0.244002008345231,52.1826845963852],[-0.249785032892583,52.1843710074486],[-0.260693257183331,52.1764017980183],[-0.254399099319891,52.1721846954458],[-0.228862728464659,52.1662425339044],[-0.216624286159081,52.158735621541],[-0.234803678251221,52.1447265729915],[-0.206204452991395,52.1444490186811],[-0.171534597351439,52.139502610422],[-0.163750310711187,52.14012822356],[-0.159672942826126,52.1440679668929],[-0.150416673698502,52.1436066601067],[-0.149834422865529,52.1389416177935],[-0.144445250764514,52.138203774221],[-0.14393177959365,52.1177357470672],[-0.147859950499712,52.1141899883459],[-0.149559190816612,52.0898200123583],[-0.157345982095864,52.0805157101242]]]},"properties":{"FID":91,"SICBL26CD":"E38000249","SICBL26NM":"NHS Central East ICB - M1J4Y","ICB26CD":"E54000065","ICB26NM":"NHS Central East Integrated Care Board","BNG_E":501732,"BNG_N":241559,"LONG":-0.517425,"LAT":52.06309,"GlobalID":"00cfa6eb-1c96-446f-b507-af7425ba32a9"}},{"type":"Feature","id":92,"geometry":{"type":"Polygon","coordinates":[[[-1.30594811446755,52.4933953531322],[-1.24074319437584,52.4401351739454],[-1.20161346760503,52.396731869975],[-1.17212644236914,52.36130099513],[-1.17497303627436,52.3562899437136],[-1.19201910271246,52.351044965371],[-1.19825661107673,52.3529232544852],[-1.23338999717711,52.3465161729635],[-1.25801631931181,52.3372593562794],[-1.26535494407821,52.3283608082281],[-1.24638439657009,52.3216122790595],[-1.20923387171413,52.3152039675489],[-1.23378281022204,52.2903280376068],[-1.22356120012399,52.2868287407535],[-1.2159010679738,52.2639635799314],[-1.23219323349306,52.2547341056515],[-1.23516035216996,52.2492711748191],[-1.25174578117883,52.2486408340478],[-1.26516383697982,52.2416762279392],[-1.26689212022632,52.2352428069842],[-1.28464450212765,52.2385766423219],[-1.27843292006976,52.2287072610502],[-1.27259365909013,52.2275105932505],[-1.27690889121478,52.2251811644718],[-1.27527586586801,52.2220141449498],[-1.26091679016338,52.2159928794372],[-1.25498374535319,52.1978310983129],[-1.28113753086151,52.1957755172662],[-1.28364369833186,52.1916010488116],[-1.31313444146596,52.1904678140611],[-1.31819108799191,52.1814171367492],[-1.32281252638824,52.1818007596767],[-1.33148249920524,52.1741367037023],[-1.33189692992491,52.1684850568195],[-1.33400454412251,52.1590830091805],[-1.34345845888397,52.1532353059893],[-1.34104059033704,52.144856725712],[-1.34993672247422,52.1415917646875],[-1.34870936849789,52.1351375054365],[-1.36614689331074,52.136075275965],[-1.38546287231142,52.1284032220625],[-1.39330264845027,52.1189629405965],[-1.39070006672596,52.1167888765732],[-1.37084162369156,52.117533975721],[-1.37036697390999,52.112717890826],[-1.365191784665,52.1113070813783],[-1.35776960206709,52.1013104683146],[-1.37442400849961,52.099725911054],[-1.38532951122425,52.0941842815099],[-1.40389411938837,52.1100898927745],[-1.42585516992433,52.1182495502556],[-1.44874123022937,52.1160666656596],[-1.45346394203495,52.1129994471578],[-1.44718802882177,52.0976249897199],[-1.46755949807215,52.097056526914],[-1.47730156120222,52.1013510021086],[-1.48014862318322,52.0934779695233],[-1.48780422847159,52.0939574365892],[-1.48560764825305,52.0877334367278],[-1.49436206951763,52.0821862004287],[-1.49066517862304,52.0771354416543],[-1.50185540381387,52.071626636584],[-1.49735326195873,52.0589545587747],[-1.52530916452619,51.9928568060217],[-1.5417415500961,51.9964322983668],[-1.55722367314764,51.9916575993499],[-1.54967142826298,51.9808596121198],[-1.58057377578447,51.9729960644346],[-1.60030081528879,51.9769414341147],[-1.59163379239407,51.9704496449449],[-1.61234252205381,51.9554034280946],[-1.6383154577455,51.9751719652205],[-1.6657543945251,51.9874888626855],[-1.66988789102542,51.9930900569462],[-1.66617352950124,51.9969179510585],[-1.64283797136316,52.0092025334975],[-1.63864936618362,52.0204860798286],[-1.62840489933792,52.0272069381694],[-1.6196855094426,52.0279783405422],[-1.61753285331962,52.0334370089125],[-1.62441796195853,52.0389815577542],[-1.64537448788564,52.0342317591252],[-1.65354979777492,52.0354025801368],[-1.6638709936576,52.0312784220697],[-1.66750141632619,52.036242838626],[-1.69398253489191,52.0395264451826],[-1.68863666162668,52.0518332410667],[-1.69017979042879,52.0547359758436],[-1.70080765307048,52.0551140788301],[-1.70514094575025,52.0597066533215],[-1.70173110533687,52.0728094176573],[-1.70988275710602,52.0733491773427],[-1.71295365274081,52.0665848407776],[-1.73067136049606,52.0733993046971],[-1.72856053560798,52.1001202722902],[-1.73854128837124,52.091407839153],[-1.74602259627202,52.0929599675551],[-1.76764876960817,52.1125925574377],[-1.7573981023276,52.1159444643484],[-1.76969976742047,52.1153144051892],[-1.78062727273983,52.1201431255733],[-1.79100425050097,52.1201935438799],[-1.79577409303144,52.1244418727796],[-1.78554810360808,52.1320586467508],[-1.80843402865408,52.1398755355977],[-1.8232177794601,52.1363818381526],[-1.8278447792606,52.1412448834041],[-1.82334815686271,52.145924736087],[-1.83146982411043,52.1456742908103],[-1.83967225608183,52.1527136700345],[-1.85190366184489,52.1479696774119],[-1.84690825104365,52.1471859339763],[-1.84581036371608,52.1426541094676],[-1.85418783181965,52.1385208944214],[-1.8669624374024,52.1446396011068],[-1.86387722509125,52.1470384195747],[-1.86692722693421,52.1530079460516],[-1.8897717496732,52.1562129532537],[-1.8942299436206,52.148251497107],[-1.885118107634,52.1468531775177],[-1.90347293110789,52.1334510055435],[-1.90510018012093,52.142736883144],[-1.91687811420632,52.1467158611205],[-1.92188719693701,52.1530059002174],[-1.94007692194413,52.1530420274013],[-1.94430232176377,52.155333150015],[-1.93411889583782,52.1653937091784],[-1.93548376523174,52.16955748421],[-1.94386647738511,52.1709063052203],[-1.94721459391455,52.1679487296565],[-1.96196585496688,52.1707365414848],[-1.96067487009878,52.1740248315345],[-1.94934878289732,52.1729622844785],[-1.94180398560519,52.1772319764619],[-1.93484098788034,52.1928923384439],[-1.93563409287895,52.2041212333302],[-1.92011779139605,52.2102627260501],[-1.91742323753903,52.2183456512984],[-1.92392199941081,52.2401831003445],[-1.93421734225207,52.2507489574834],[-1.93740119333701,52.2761530898321],[-1.9159767170836,52.2750342685564],[-1.90057938630294,52.2836120552],[-1.89556310607445,52.2827203749705],[-1.88656604687224,52.2865796822402],[-1.87522948267299,52.3042599148763],[-1.88093414132262,52.3109336148871],[-1.87038474411927,52.3126092278684],[-1.86666960496699,52.3182544514954],[-1.86483095038354,52.3330927216733],[-1.87307940151055,52.337297950795],[-1.88897962651008,52.3608942896914],[-1.87612475956952,52.3635815572215],[-1.87203397069975,52.3675986472333],[-1.84293612759989,52.3651635275525],[-1.83498068037591,52.3674038080493],[-1.80780123044128,52.3666080922597],[-1.79971305083648,52.3586941083997],[-1.77767974748691,52.3477398781086],[-1.77188626731962,52.3512871818494],[-1.77186015573999,52.3558757929975],[-1.77822579670687,52.3565666603308],[-1.77922421627,52.3645395023516],[-1.76279989325948,52.3642745943059],[-1.75938355241067,52.3582558199136],[-1.74616752986066,52.3549352421449],[-1.73497085620499,52.3702432754753],[-1.72026758760686,52.3725721121358],[-1.71854662994633,52.3557374269501],[-1.71833612536616,52.3586920565757],[-1.71026964368583,52.3550210085422],[-1.69809141103464,52.355732291185],[-1.69388506170737,52.35101345715],[-1.68493116290474,52.3560109235379],[-1.68432278764981,52.3632318810178],[-1.66088809209098,52.3656700409363],[-1.65131034581218,52.3564211837093],[-1.6364586756711,52.3651688545778],[-1.6234007722907,52.3655514528834],[-1.62096643633856,52.3678836540232],[-1.62661581906367,52.3691944826785],[-1.62367529875187,52.3717782203897],[-1.61902235808647,52.3705568872887],[-1.61814514894523,52.3762560303087],[-1.61537109816183,52.3744555924435],[-1.60801983139389,52.3763550888121],[-1.61028270070242,52.3825064959228],[-1.60102250818458,52.3893604411697],[-1.60441957756288,52.4018268666566],[-1.60105566432669,52.4037333369423],[-1.60587635224196,52.4072859403489],[-1.60214920770302,52.41603271526],[-1.61121684216099,52.4223485079725],[-1.60645321724525,52.4253868296354],[-1.61445001497131,52.4279683800406],[-1.61139284528278,52.4320996001409],[-1.6065517965241,52.4309851859168],[-1.60827107817331,52.4388408911488],[-1.5952288256973,52.4399265209224],[-1.59548739603341,52.4559196048865],[-1.59854718084475,52.4543317447617],[-1.61071416697142,52.4586029320388],[-1.61421261611738,52.4629998061084],[-1.6242886989703,52.4635748817822],[-1.62466199558552,52.4570296200309],[-1.64139669475989,52.4433436705407],[-1.65486807827374,52.4407548458342],[-1.66228666711777,52.444299370244],[-1.66658587793703,52.4354715177792],[-1.67715400090806,52.4363566977459],[-1.68328456831654,52.4403322372921],[-1.70848486689633,52.4644163909551],[-1.71250374318001,52.4763293978698],[-1.72998842073298,52.4888648701476],[-1.74373939275441,52.5076324920362],[-1.75702754775073,52.5177190998159],[-1.75381025261006,52.5212130178357],[-1.74582294273563,52.520070004196],[-1.72887779148369,52.5245628419073],[-1.73975510213753,52.5291197478158],[-1.73942160580928,52.5319114637221],[-1.74908670134072,52.531421514398],[-1.75091389857681,52.5362778297039],[-1.74642743668725,52.5417131067241],[-1.75357698663427,52.545301941148],[-1.75599811755068,52.5553824568061],[-1.76533967708871,52.5566769009664],[-1.76691396268121,52.5616182583997],[-1.77422999221886,52.5646277356229],[-1.76354608418273,52.570979220788],[-1.76968879186475,52.5749822329696],[-1.77799911714718,52.5751629561681],[-1.78808144217467,52.5878623708319],[-1.77631821009363,52.5922196561384],[-1.76847259710906,52.5891160248863],[-1.74213520429144,52.5943300782806],[-1.73900137604658,52.5892998406648],[-1.72931157934215,52.5879338626155],[-1.70478611756857,52.5875063421755],[-1.70409813782192,52.5906473237749],[-1.69852210135518,52.5909781966605],[-1.68845464713835,52.5886966850887],[-1.68590028945681,52.5933484429586],[-1.66601342391442,52.5921849326539],[-1.66570803720501,52.5956658750296],[-1.6607813832786,52.5945102348859],[-1.64886374661998,52.5986105228872],[-1.63601529306003,52.6196167089465],[-1.64411739100877,52.6207915982847],[-1.63818088299148,52.6255208348808],[-1.64250857060454,52.6314160460947],[-1.63819170003578,52.6377516784502],[-1.64242244269649,52.6409400487582],[-1.63292041046565,52.6435262941456],[-1.64000440743759,52.6478344185959],[-1.64494282733195,52.6575168845404],[-1.61558973769657,52.6687154074481],[-1.61554411174651,52.6719790914563],[-1.6042651365934,52.6737214540875],[-1.60428282667682,52.6789984381547],[-1.58964547975142,52.6872606329878],[-1.57760834509363,52.6785780919936],[-1.56910662772172,52.6796669059454],[-1.56647475927393,52.6776020088356],[-1.57042762679443,52.675842691727],[-1.55280675546529,52.6684622633535],[-1.54728937898763,52.6559734044641],[-1.5424220630687,52.6536258666181],[-1.54711486285903,52.6421934340843],[-1.57128198615313,52.6355999074021],[-1.56461026211215,52.6312420273006],[-1.56692920194288,52.6206499447477],[-1.55446002872816,52.6147353905875],[-1.56074922737408,52.596148248997],[-1.53746921563317,52.5895660849178],[-1.52715540491492,52.5827377038182],[-1.52225649118523,52.570347474],[-1.42697633313106,52.540646117341],[-1.41734523191098,52.5344552201689],[-1.30594811446755,52.4933953531322]]]},"properties":{"FID":92,"SICBL26CD":"E38000251","SICBL26NM":"NHS Coventry and Warwickshire ICB - B2M3M","ICB26CD":"E54000018","ICB26NM":"NHS Coventry and Warwickshire Integrated Care Board","BNG_E":429584,"BNG_N":266724,"LONG":-1.5676,"LAT":52.29787,"GlobalID":"237459de-30c1-4775-a05f-296fff768195"}},{"type":"Feature","id":93,"geometry":{"type":"Polygon","coordinates":[[[-1.6816816477967,53.7564943652329],[-1.65836802052144,53.745488957803],[-1.63783471111261,53.7477610738557],[-1.63216483771322,53.7294732307698],[-1.6231312871452,53.7184671100812],[-1.60554347427165,53.7211816465839],[-1.59215979889201,53.7184789590046],[-1.57113253512621,53.7064317007322],[-1.59832022864248,53.6997553609892],[-1.60261126015988,53.692162434344],[-1.59222195354639,53.6915106593135],[-1.59196545584265,53.6893600724279],[-1.605100707878,53.6794115569661],[-1.61518870576579,53.6772740979342],[-1.59083688629115,53.6604668743985],[-1.62486481422794,53.6536610735043],[-1.6192478101828,53.6463737536699],[-1.62320771359158,53.6381106319822],[-1.61728345905087,53.6377649960174],[-1.61218989640719,53.6326839490469],[-1.61567563905525,53.6302592945358],[-1.61029922771072,53.6280199898111],[-1.6136928219105,53.624664000088],[-1.591829860412,53.6146087378234],[-1.58645311869301,53.6071739355392],[-1.59112526196167,53.6068012978256],[-1.58520661678834,53.6002396976904],[-1.58800815784016,53.5935212812864],[-1.60173525294501,53.5877711433178],[-1.60024169809771,53.5774024420619],[-1.59619875123466,53.576986883277],[-1.60966843108445,53.5720932545884],[-1.61569833377895,53.5630437842541],[-1.64811670219448,53.5621921115828],[-1.66099055788586,53.559678143746],[-1.66198662971485,53.5536437066276],[-1.66952224688509,53.5532357746454],[-1.69903663565415,53.5538105565303],[-1.70397752640557,53.5602528622188],[-1.72317169644427,53.5598809102776],[-1.72440376453889,53.552176386692],[-1.74133158336255,53.541147504614],[-1.77187695122711,53.5338525030719],[-1.79757302850525,53.5339218283605],[-1.804282957208,53.5370133616948],[-1.8222288058304,53.521091143843],[-1.82715166390587,53.5235078725112],[-1.84182099603353,53.5199086744268],[-1.87349280319238,53.540429331929],[-1.89410947540448,53.5336118484913],[-1.89932224667775,53.5381123974562],[-1.90962093258169,53.538391206829],[-1.91288469250638,53.5516436644238],[-1.92482618024268,53.5525847239936],[-1.9427259404415,53.5616412159572],[-1.94715147334014,53.5721682647898],[-1.97824397802197,53.586788193038],[-2.00947066466641,53.6167794203669],[-2.0045418719684,53.622438501765],[-1.97955943029099,53.6230289188401],[-1.97274380710701,53.6257733439438],[-1.96305505135951,53.6327618176902],[-1.9420868259064,53.6403367848992],[-1.93424097685299,53.6483801132273],[-1.89466217439256,53.6454271933061],[-1.87499045944285,53.6581050981646],[-1.84359988127459,53.6661083528207],[-1.8537795833173,53.6725991852874],[-1.83557171235446,53.6690044909351],[-1.8258448543488,53.6702381254469],[-1.81072798137239,53.6780738570853],[-1.77997686589879,53.68363915361],[-1.7598508165069,53.6926770727195],[-1.74736263188048,53.6945434582003],[-1.73128291824583,53.680371919132],[-1.72722499076531,53.6828111758063],[-1.73218405766372,53.6845814723084],[-1.73319947088378,53.6947987491937],[-1.7395309413255,53.6995618511147],[-1.73587180990168,53.7132845889094],[-1.75540181038179,53.7207306946785],[-1.75368405530215,53.7258054458385],[-1.770086323045,53.7262524171252],[-1.76098814051935,53.7345475327823],[-1.74594431313942,53.7344670682803],[-1.74734077027326,53.7467902599878],[-1.73376150651125,53.7469219782134],[-1.7143966850605,53.7624480916087],[-1.70475226937657,53.764850685038],[-1.6816816477967,53.7564943652329]]]},"properties":{"FID":93,"SICBL26CD":"E38000254","SICBL26NM":"NHS West Yorkshire ICB - X2C4Y","ICB26CD":"E54000054","ICB26NM":"NHS West Yorkshire Integrated Care Board","BNG_E":414579,"BNG_N":416223,"LONG":-1.780957,"LAT":53.64233,"GlobalID":"dbbe7f6e-7ceb-42cf-8321-f9398c34bf60"}},{"type":"Feature","id":94,"geometry":{"type":"Polygon","coordinates":[[[0.20031117156704,51.6249358307636],[0.224087163329378,51.6317374241621],[0.252194293964017,51.6177694286674],[0.264560746908838,51.6083204361723],[0.25400911953509,51.6015982107055],[0.269877967165849,51.5995738955358],[0.271288416509419,51.5890303064553],[0.286752804167269,51.5734638670377],[0.290289907842405,51.5642994078103],[0.31303521811723,51.5658181534423],[0.315250597617448,51.5578885613134],[0.327815464907394,51.5509939167869],[0.334024090966892,51.5405036821943],[0.300722808176699,51.5387560004195],[0.297755493610936,51.5353186127649],[0.265347144528309,51.5321501362237],[0.263682466589582,51.5178695572099],[0.253834580997659,51.5178864358011],[0.248965143549843,51.5286741818222],[0.240694712672273,51.5219558380323],[0.244905601416766,51.5187593283557],[0.237175886870167,51.5193346363782],[0.242019310398899,51.5079664712265],[0.226597241611812,51.5065623838257],[0.229965062404253,51.4993657919826],[0.214157135002959,51.4960398748891],[0.211869837997983,51.4899590096066],[0.210553951469516,51.490243106395],[0.187684066854566,51.4878588734338],[0.182035195733018,51.4986273269182],[0.178574966651708,51.5052038621519],[0.159207809614416,51.5120158863305],[0.159049531255042,51.5120715343138],[0.158721674311475,51.5121868019303],[0.143206847940588,51.5153245714514],[0.141864531167574,51.5156528094271],[0.141819593023275,51.5156637978947],[0.126345975161068,51.5194462649611],[0.109074895650993,51.5142500204737],[0.100509379900435,51.5145693097708],[0.0977882718338274,51.5159064461463],[0.0975900590798886,51.5160038410112],[0.0969273504494541,51.5163294690499],[0.0960699880794032,51.5167507295967],[0.0967901178299367,51.5151511987068],[0.0845804631805836,51.512210528955],[0.0790274188107048,51.5068175408926],[0.0773375470091592,51.5051760299816],[0.0770639444988711,51.5049102456392],[0.0709057431350203,51.5006422860434],[0.0686613479588301,51.4990865709587],[0.0391165482248049,51.4985676936577],[0.0244415401970016,51.4983071926065],[0.0190380042262118,51.5015470646492],[0.0157449867445838,51.5035211873419],[0.0134809968335669,51.504878274849],[0.00942622622911539,51.5078980414309],[0.00837588793803076,51.5086801902431],[0.00878385951469926,51.5073176138539],[0.00755731380946194,51.5073205015658],[-0.00204585615387899,51.507342668644],[-0.00791528475568811,51.5020081083794],[-0.00864106836119252,51.5013483513626],[-0.00323674392972222,51.4912711514299],[-0.00302449911028931,51.4908752952604],[-0.0065000193329938,51.4871241913737],[-0.0163816641307183,51.4861488167725],[-0.0244033449161679,51.4893742304862],[-0.0261924911944529,51.4939160554184],[-0.0262117616628073,51.4939649686835],[-0.0288667316290014,51.5023620197961],[-0.0303682247629829,51.5071886239169],[-0.041881876537095,51.5097198462545],[-0.0420983428656717,51.5097665247412],[-0.0597583302420149,51.502877019049],[-0.0598090301305834,51.5028788544699],[-0.0787063478691949,51.5076794506541],[-0.0793533312083202,51.5078441700774],[-0.08037601393606,51.508027334919],[-0.0811554803488642,51.5081148736179],[-0.085146443388475,51.5085629925169],[-0.0854549989783372,51.5085976287518],[-0.0885455821062913,51.5089207625571],[-0.0919624961026863,51.5094041987933],[-0.0922962467912373,51.5094772619367],[-0.0952340303145026,51.5101203403679],[-0.0963329974775968,51.5102700360296],[-0.0993299841669168,51.5106782125926],[-0.0998770504493278,51.5107527118338],[-0.108221024305665,51.510810124402],[-0.108446561292221,51.5108116679186],[-0.108527481118133,51.5108102290386],[-0.11145752121532,51.5107580891571],[-0.11152745605421,51.5152244849682],[-0.113795013886424,51.5182212692144],[-0.0976199249471736,51.5206903211178],[-0.0967527823667473,51.5232537329676],[-0.0861610359752814,51.5187377872356],[-0.084994586842453,51.5262048514178],[-0.0953809435939597,51.5291954536034],[-0.0970072290603328,51.5329832090252],[-0.0865915367288751,51.537257408579],[-0.0838123435767431,51.5466043735707],[-0.0763309348441908,51.5464242891446],[-0.0794822143752616,51.5516947842111],[-0.0903774461024821,51.5541515283318],[-0.0916775248666355,51.5602241261474],[-0.104482419774277,51.5647127344609],[-0.0960896261952374,51.5707008227535],[-0.0978239975936061,51.5736105534248],[-0.0611599099840545,51.577785968394],[-0.052196499949829,51.5876009854266],[-0.0504920683743459,51.5966468416844],[-0.0341762827985562,51.6091135546579],[-0.0352137201344063,51.6133301046744],[-0.0153684402219279,51.6354602924574],[-0.0122591853228105,51.6462299224983],[0.00142562745238912,51.6416785821613],[0.0227196724819092,51.6411154438716],[0.0257383622906778,51.6345654644068],[0.0218191841753691,51.6288327862467],[0.0409020630653042,51.6156759851581],[0.053710342451167,51.6182803003844],[0.0482145140039006,51.6132136508671],[0.0728322669465662,51.6046874459833],[0.0791698106192635,51.6070473974708],[0.0889223280216733,51.6048535589271],[0.0948248905074364,51.6107841163051],[0.0922849250027866,51.6135742797823],[0.11930718688952,51.6153684903099],[0.136106096405366,51.6236020517627],[0.168901256930983,51.6214201604286],[0.181237295443048,51.6258261621426],[0.20031117156704,51.6249358307636]]]},"properties":{"FID":94,"SICBL26CD":"E38000255","SICBL26NM":"NHS North East London ICB - A3A8R","ICB26CD":"E54000029","ICB26NM":"NHS North East London Integrated Care Board","BNG_E":546164,"BNG_N":187137,"LONG":0.107364,"LAT":51.56417,"GlobalID":"57e6d70b-5676-442a-a4d5-7b9fdb65a3e3"}},{"type":"Feature","id":95,"geometry":{"type":"MultiPolygon","coordinates":[[[[-0.218191105439945,51.4695128022624],[-0.217948234411531,51.4694191553596],[-0.218141080427855,51.469465865709],[-0.218191105439945,51.4695128022624]]],[[[-0.224887474762834,51.4759027515368],[-0.224833781832161,51.4757444657739],[-0.225191625972134,51.476080106093],[-0.22562555530689,51.4780785037697],[-0.224887474762834,51.4759027515368]]],[[[-0.278038584217781,51.4821304121553],[-0.273468919813174,51.4763661935353],[-0.280285045863998,51.4832329212769],[-0.278226514584659,51.4822638226026],[-0.278038584217781,51.4821304121553]]],[[[-0.306977406069111,51.47557824714],[-0.307931045757172,51.4751974863389],[-0.295386562512078,51.4847594821202],[-0.295296756839983,51.4847789890763],[-0.306977406069111,51.47557824714]]],[[[-0.30392945161163,51.6314675660949],[-0.248260267425521,51.5843663957648],[-0.25460684324633,51.5796746982681],[-0.249551427508247,51.568979908139],[-0.244263891338688,51.5725667654078],[-0.233416936932841,51.5719822292236],[-0.188748293216655,51.5345251750755],[-0.178739806230953,51.5397858978371],[-0.164936253619244,51.5357815939392],[-0.152707650688267,51.5375214628732],[-0.147171100687343,51.5250431652049],[-0.130811605382876,51.5171018514769],[-0.129260723162698,51.5134812944066],[-0.11152745605421,51.5152244849682],[-0.11145752121532,51.5107580891571],[-0.121349370238457,51.5074102522213],[-0.122264781903832,51.5038952146376],[-0.124654083426971,51.494717875329],[-0.124856944842419,51.4943665137409],[-0.128463836614159,51.4882371999105],[-0.136531229096447,51.485388827819],[-0.141727200556853,51.485019004323],[-0.147480980770779,51.4853441142791],[-0.149979158603456,51.4854851815577],[-0.150330007354558,51.4854385976596],[-0.150582216264032,51.4854051099005],[-0.163805319798312,51.4836485548371],[-0.164344729425399,51.4834810533702],[-0.17073072348252,51.4814977397509],[-0.172072759890472,51.4810808736438],[-0.173345509366151,51.480936292979],[-0.17357503695357,51.4806142058502],[-0.181663969506671,51.478100958132],[-0.183775598899465,51.4774447330397],[-0.183856622798358,51.477419551406],[-0.182839873300327,51.4774596035647],[-0.179441290136891,51.4775135540184],[-0.182344054627594,51.4718180174442],[-0.184681109971792,51.4675061247505],[-0.185909940956984,51.4673755939264],[-0.188811281644963,51.4668275007963],[-0.19737486402442,51.4652092453709],[-0.198026881149182,51.4653567027357],[-0.216664071246001,51.4695696720128],[-0.222216221236814,51.4792315250941],[-0.223747436397827,51.4818953733784],[-0.224064562272722,51.4824470364754],[-0.226540197049036,51.4859511161312],[-0.227559643979108,51.4873939190688],[-0.234398246780995,51.4904248029867],[-0.24347085721075,51.4888844108705],[-0.243609073608919,51.4888609373632],[-0.244539277274199,51.4887029546299],[-0.249710507181286,51.4856921178267],[-0.254905876749027,51.4733057264513],[-0.256279540522416,51.472653231109],[-0.269154104837155,51.4735946528108],[-0.273371229042023,51.4788616387658],[-0.274932136015606,51.4808108135323],[-0.277084648927052,51.4834984502321],[-0.283771281164292,51.4861995584181],[-0.283822026335196,51.4862355745529],[-0.283874285582858,51.4862411617945],[-0.286871819688156,51.487451804713],[-0.28744754811658,51.4876843129593],[-0.289886242416026,51.4871718754152],[-0.290494838768104,51.4870434426962],[-0.292095553621064,51.4872996507652],[-0.293126283763491,51.4864880837427],[-0.295351450650598,51.4860184113074],[-0.298199980779951,51.4854170872073],[-0.298964454878668,51.4852556918667],[-0.299091593713872,51.485112562179],[-0.304398983515156,51.4791365693211],[-0.304430251816544,51.4791013571749],[-0.308367502695351,51.475703668291],[-0.319130368207942,51.471475048241],[-0.320219875927036,51.4688804242641],[-0.321213118188564,51.4665685954562],[-0.326888430531265,51.457041640982],[-0.336962557998825,51.4546307946902],[-0.340045468451294,51.459292048547],[-0.348688793201151,51.4567125030041],[-0.373031025049575,51.4574436469207],[-0.387777297535392,51.4494340238552],[-0.378223969924483,51.4424901089852],[-0.366831272495043,51.4416432414499],[-0.387889122714733,51.4287327042676],[-0.385371183274755,51.4207396479347],[-0.391351446077587,51.4223319263526],[-0.405911631551396,51.4226653757356],[-0.419078798778299,51.4323595969497],[-0.429534671780236,51.4287980635633],[-0.439984840809729,51.4306264315269],[-0.439753933995337,51.4346187623791],[-0.447717027483506,51.4350031616438],[-0.446288388973112,51.4399966432714],[-0.456468389698221,51.4381068866601],[-0.457462999026104,51.4490897577597],[-0.461482482998679,51.4489926316401],[-0.458641641597762,51.4563150755366],[-0.493861341220373,51.4627222077904],[-0.509700539047286,51.4691768116944],[-0.499173886501693,51.4885695177079],[-0.490030808596132,51.4947351945503],[-0.483162411698199,51.507128088804],[-0.492330152136036,51.5170772096155],[-0.488970648678062,51.529070943749],[-0.495486994892443,51.5385455384681],[-0.476621418568281,51.5591888890875],[-0.48279377284023,51.5628215406686],[-0.484026137723047,51.575127280234],[-0.494825680956304,51.5847770003295],[-0.500596102913018,51.5996902179289],[-0.496306579158949,51.6024295240703],[-0.499231556978172,51.6089280875684],[-0.495409033592818,51.6189180602202],[-0.500183702007083,51.6221867768463],[-0.496996092095621,51.631708027718],[-0.457130588449111,51.6122939165486],[-0.440504038614788,51.6200877332363],[-0.401419100074732,51.6131696407306],[-0.33828384005771,51.6294725876317],[-0.316672785047011,51.6405355393266],[-0.304458329769862,51.6363506843813],[-0.30392945161163,51.6314675660949]]]]},"properties":{"FID":95,"SICBL26CD":"E38000256","SICBL26NM":"NHS West and North London ICB - W2U3Z","ICB26CD":"E54000071","ICB26NM":"NHS West and North London Integrated Care Board","BNG_E":516661,"BNG_N":182592,"LONG":-0.319568,"LAT":51.5302,"GlobalID":"ab32cd84-7ecb-41fa-a361-b8954ccd6bc6"}},{"type":"Feature","id":96,"geometry":{"type":"Polygon","coordinates":[[[-2.37893842582711,52.8917191846812],[-2.37537897833106,52.8914729604781],[-2.38251224589915,52.8766101203002],[-2.38115571055732,52.867063218404],[-2.38849541279748,52.8622340005228],[-2.39375592274205,52.8366204864297],[-2.39709063396591,52.8338538113819],[-2.40765557285696,52.8346054169983],[-2.41634670987211,52.8270060544446],[-2.37765464846157,52.811642885246],[-2.37141416053041,52.7952850529645],[-2.38063994569571,52.7947288131223],[-2.38503125295624,52.7895535332806],[-2.37892945381824,52.7841330997297],[-2.36609715883563,52.7833990160298],[-2.36886799625941,52.7773075650212],[-2.3301340453571,52.757978091284],[-2.33047530833236,52.7516173095546],[-2.32454937070723,52.7514780656173],[-2.31520787842036,52.7454816290055],[-2.31220960193388,52.7407341437129],[-2.31671744477575,52.7379759841747],[-2.3164435168798,52.7281678965127],[-2.30860352794097,52.7207462451838],[-2.32483363374689,52.70533563055],[-2.31990776071553,52.6953977970871],[-2.30799525634758,52.6933319760078],[-2.30304049608101,52.6829527278858],[-2.27367702857231,52.6797764740227],[-2.2477292021248,52.6830747695237],[-2.23871528958385,52.663701204087],[-2.24768778576131,52.6566598282479],[-2.23470909526321,52.6558541871555],[-2.23746967511447,52.6510902985122],[-2.23289465718627,52.6476942724382],[-2.25617056239669,52.609798133828],[-2.26688966542417,52.610410992401],[-2.28158463316464,52.6058740952196],[-2.30960112193753,52.607401155564],[-2.31346126782759,52.6140557502022],[-2.32379952535001,52.612953617875],[-2.32202458037428,52.5936361179644],[-2.30854607562886,52.5910937079436],[-2.30029312415664,52.5930272851748],[-2.29505614430622,52.5846275269884],[-2.27865488637997,52.5834187972736],[-2.26193733559828,52.5690595110221],[-2.26083625787886,52.5631575532257],[-2.28247575508492,52.5533968751911],[-2.26572942449755,52.5493131085781],[-2.25640488933553,52.5417966712771],[-2.26921460356006,52.5306887839195],[-2.26094348173057,52.5241027213978],[-2.29139002409709,52.5116799491684],[-2.30644254259303,52.4998567476006],[-2.3127487597802,52.489208973163],[-2.29563026581531,52.4738917138809],[-2.2873820002346,52.4553169186055],[-2.30618471803341,52.4459459308922],[-2.31175017012028,52.437531270616],[-2.32155091838751,52.4362194336038],[-2.3259552987506,52.4383012213903],[-2.33311909287924,52.4353549626377],[-2.34510902676651,52.4393326801107],[-2.36352787527631,52.439425884165],[-2.3657941949423,52.4084611022258],[-2.37294567496943,52.4019641333962],[-2.34218162485081,52.3931778040552],[-2.33403652887887,52.3887821686526],[-2.33553262146091,52.3853473808066],[-2.35014575246184,52.3857249271094],[-2.35263291188838,52.3889368537774],[-2.36735176264213,52.3880632141188],[-2.37787042341023,52.3831579012985],[-2.3874420345397,52.3844880546632],[-2.39067280537045,52.3815280083266],[-2.39359433953089,52.3843707610422],[-2.40537908264041,52.3830650035191],[-2.41047386236039,52.387153399889],[-2.41515914457972,52.3789837568838],[-2.40992100801728,52.3706186721572],[-2.41402250549382,52.3683540048124],[-2.42633678922748,52.3658325525026],[-2.45765294962029,52.3678243922279],[-2.46774912443708,52.3645519876286],[-2.4746825568088,52.3671890860772],[-2.47418020230667,52.3606127672468],[-2.483889973009,52.3604916354238],[-2.48832724613237,52.3553975147147],[-2.48179222959915,52.3511197201919],[-2.48435441963888,52.3445595350253],[-2.47822147089277,52.3384222624025],[-2.48179580231915,52.3310778395069],[-2.51320487876784,52.3292140106367],[-2.5084102007835,52.3332570443391],[-2.51212957212345,52.3371101987769],[-2.52190741868063,52.3418476897591],[-2.53914985391413,52.3441391327814],[-2.56221885029978,52.3331083837307],[-2.56264462485607,52.3111365435941],[-2.57485276867592,52.3175760444325],[-2.58450045199968,52.3131720115666],[-2.59508904100778,52.313885841746],[-2.61000148007726,52.3062811640064],[-2.62078463866358,52.3070650041309],[-2.62808474312832,52.313482324959],[-2.62393518447402,52.3213942049625],[-2.62940033290211,52.3207142480612],[-2.63689156307026,52.3244774914687],[-2.6362250046982,52.3283273465377],[-2.64101458383448,52.3286433239315],[-2.64330636441418,52.3338065148522],[-2.64916854510214,52.3317184450662],[-2.65933841649867,52.3342790730562],[-2.65599469963562,52.3379020090551],[-2.66606618418458,52.3423011390766],[-2.68912790308138,52.3166057165508],[-2.67994485799771,52.3151994136151],[-2.67981117913629,52.3120231603308],[-2.71239428712793,52.3081366866917],[-2.72466802434573,52.3198485348099],[-2.73717190039894,52.3194763734732],[-2.76698725753452,52.3361130777188],[-2.74838009943376,52.3349024976111],[-2.73792843863336,52.3427278305691],[-2.74117949437272,52.3497216290785],[-2.73271078134942,52.3555443238585],[-2.743580206268,52.3594360625203],[-2.79242000534236,52.3568636091273],[-2.79562417526236,52.3604387895189],[-2.79211209940976,52.3745336300931],[-2.79865044187795,52.3726600173362],[-2.80738898548442,52.3759680680738],[-2.80543284400294,52.3882520573279],[-2.85224369027911,52.3954374462446],[-2.8637852584218,52.3887139442475],[-2.88845638956026,52.38515408973],[-2.88650651175429,52.3785110685814],[-2.89313454165278,52.3740883165026],[-2.89306091614166,52.379656825284],[-2.90542518178858,52.3857831119127],[-2.91768483270972,52.38628873992],[-2.91955606236878,52.3845414838025],[-2.91400717993104,52.382133325097],[-2.92231093462231,52.3751467763169],[-2.9008055076714,52.3672699852608],[-2.9261435052971,52.3669954891301],[-2.93888905433533,52.3610579687702],[-2.93065605680337,52.3549932477863],[-2.93617150065292,52.3529349150404],[-2.93314968988304,52.3500520895749],[-2.95472681200755,52.3492494115417],[-2.970583125677,52.3514076269419],[-2.97429851561314,52.354735969398],[-2.986069387911,52.3508950634756],[-2.99832442622651,52.3518937386374],[-3.04002591372992,52.3443753504414],[-3.06066488121784,52.3482396325323],[-3.07054445843105,52.3559766738415],[-3.09193222561494,52.3625773717601],[-3.11060401464136,52.3771598718579],[-3.12024009353865,52.3774436951373],[-3.12959289623969,52.3844795212962],[-3.15461588703619,52.3877900904969],[-3.16154833652886,52.392142772505],[-3.16065507660786,52.3999321488106],[-3.17907086587064,52.4094786390235],[-3.21974427468244,52.421321998997],[-3.2223272292401,52.4267393264326],[-3.23068655353999,52.430483454372],[-3.22837627837687,52.4395388979668],[-3.2355619366937,52.4425258929507],[-3.23188788863906,52.4531156668282],[-3.19730869106395,52.4760175777773],[-3.18056588003163,52.4738699943216],[-3.14167708549721,52.491232128567],[-3.12653977453943,52.4923229676056],[-3.11153779894346,52.4988455585649],[-3.02920219754284,52.5012681095173],[-3.03642919820595,52.5115059106826],[-3.03241514416061,52.5237067663238],[-3.0038157519894,52.5198193462395],[-3.00087947477163,52.5240109441512],[-3.00509986606261,52.5294513184854],[-2.99417808838258,52.5529467263542],[-2.99971993985837,52.554669468931],[-3.00062358738526,52.5680105541341],[-3.00626445019761,52.5736881405888],[-3.01451843966394,52.5754996644539],[-3.0366447648801,52.5717386455677],[-3.06042623318878,52.5553275804904],[-3.06499595370844,52.5568089752131],[-3.08728183589836,52.5512873720014],[-3.08615531715754,52.5486485197925],[-3.09394358585867,52.5449022946213],[-3.0808056140912,52.539142525553],[-3.08537807094877,52.5345355839314],[-3.10874428078428,52.5292107803144],[-3.13331000494475,52.5275778030278],[-3.13698580697234,52.5341001754772],[-3.11148613787792,52.5414132770788],[-3.12742738327881,52.5660242555272],[-3.13777287105884,52.5738521677744],[-3.13857013481031,52.5828552960276],[-3.13494170986168,52.5836267609574],[-3.13959103741675,52.5857234739041],[-3.12217370985501,52.5876412455208],[-3.11744656103854,52.58576091861],[-3.10033143348855,52.5975851937651],[-3.08935805821757,52.5995869597749],[-3.09364234393057,52.6093057278677],[-3.08270057972579,52.6155330275492],[-3.07310137230752,52.6289591803791],[-3.05978800777865,52.6306916667351],[-3.06939880098539,52.6374082405467],[-3.08352182172639,52.6412866346902],[-3.06988422272341,52.6457961114726],[-3.05108760611334,52.6473208264282],[-3.05085675425232,52.6533237131271],[-3.04490538991839,52.6559430281798],[-3.04907314571116,52.6622589391333],[-3.03851292257822,52.6753314986874],[-3.0456384595924,52.6754421534551],[-3.04208183336431,52.6814968219204],[-3.04695811734988,52.6912281185346],[-3.03422415633727,52.6934406252433],[-3.03203494242901,52.6999353091534],[-3.0225184027955,52.7066568868263],[-3.02543415144517,52.7161790406314],[-3.02139904887484,52.7243129772231],[-3.01836318357833,52.7212412041091],[-3.00060683283548,52.7202273827938],[-2.97751940528109,52.7264671230264],[-2.97811945339805,52.7153034323818],[-2.96106289507037,52.7163804515886],[-2.96183690676934,52.725694745852],[-2.96665349964023,52.7256350336463],[-2.96503836156393,52.7322277942245],[-2.97357591667595,52.7356855733145],[-2.99110911655759,52.7336900608575],[-2.99728993878924,52.7383691691838],[-2.99250377256331,52.7385455805662],[-2.99225143559807,52.7438590390268],[-3.00975473362995,52.7503126682301],[-3.01586747470631,52.7480787272024],[-3.02177849356136,52.7519292720833],[-3.01446550098197,52.7528947068143],[-3.01079292013894,52.7585357587898],[-3.01709615617598,52.7676866622742],[-3.0226731571826,52.7641857444246],[-3.0263507923659,52.7670534913995],[-3.03455402510102,52.7639694808148],[-3.0370171559973,52.7651646973383],[-3.03261060916765,52.7671545085832],[-3.03898395155838,52.7703728130762],[-3.04653379788223,52.7670313558523],[-3.05260626691333,52.7686182749148],[-3.04777991258755,52.772611501181],[-3.05790373894847,52.7736981899463],[-3.06210438603875,52.7691317066433],[-3.0685857326874,52.7741949245729],[-3.07219314522976,52.7697516836385],[-3.07952317400753,52.7715641394244],[-3.08072402338146,52.7774472308719],[-3.08885844991752,52.7775567799832],[-3.09170725795772,52.7866455636012],[-3.08567247631014,52.7904140418224],[-3.08675422632221,52.7956045178082],[-3.09771338065363,52.7913828638384],[-3.10617294442754,52.7929205342956],[-3.10976304774312,52.7866856055837],[-3.11769862569059,52.7836562164807],[-3.11889743809682,52.7871967867639],[-3.1424935029764,52.7903547304453],[-3.14465630988636,52.7885144554864],[-3.14798093202742,52.7920549995051],[-3.15847134056457,52.7934940694004],[-3.16181494924857,52.7993600951291],[-3.1540579456164,52.8025088107328],[-3.15318510479347,52.8063415788637],[-3.15632783812949,52.8080013755641],[-3.16219490893999,52.8036443156072],[-3.16817789405703,52.8073133151737],[-3.16784461728933,52.8192752416231],[-3.1540812045027,52.8321523451183],[-3.15659687653466,52.8370425759844],[-3.15132489091825,52.8425810872516],[-3.16307087531104,52.8474866779155],[-3.12772118861665,52.8672538770253],[-3.15253687347112,52.8796978878406],[-3.14700649282955,52.884690471181],[-3.13561291610323,52.8850541429764],[-3.14749573066483,52.890141502683],[-3.14456321363038,52.8930206185695],[-3.1138338714865,52.8942247626626],[-3.1168635058491,52.8999472620251],[-3.10970267586624,52.918343614754],[-3.09597997244849,52.9303317042472],[-3.07636491965983,52.9254834457749],[-3.06401150076984,52.9263192550309],[-3.0606771645823,52.9293291673084],[-3.03701750998496,52.928722880217],[-3.02825473635337,52.9368567456613],[-3.02413290859604,52.9362746111473],[-3.02391030906499,52.9422974964593],[-3.01320714551744,52.9488118659417],[-3.00979766631434,52.9561650346733],[-2.98203671068422,52.9591938064173],[-2.9750300254646,52.968984480747],[-2.9684870517546,52.9641754373711],[-2.97211324703255,52.9596138160089],[-2.96184176577419,52.9556552419482],[-2.95981230482659,52.9511886130769],[-2.92888087147563,52.9386685026798],[-2.92040645659222,52.9434143386092],[-2.90831718233939,52.9420856508724],[-2.89833490013201,52.950255098874],[-2.88746952216135,52.9525161876565],[-2.88353922792475,52.9466392983131],[-2.84105085328366,52.9425614795152],[-2.83842967153935,52.9322095700642],[-2.81274263531483,52.9146416110677],[-2.81270867014179,52.9092641485605],[-2.79897072018565,52.8957229652275],[-2.75532648997337,52.9246280172749],[-2.728531450291,52.9251764364807],[-2.72789967087437,52.9536435557529],[-2.72414410202126,52.9568989979327],[-2.72749741572336,52.9664278397939],[-2.73531982493385,52.9700154985922],[-2.72684107881614,52.9832725973112],[-2.71187938290531,52.9860844685046],[-2.69929233587934,52.9954388055504],[-2.68707854552586,52.9868304360223],[-2.67466213565411,52.9856629451718],[-2.65235719667926,52.9949943898448],[-2.64269923007778,52.9935190594596],[-2.63265092644921,52.9966707791768],[-2.62193978324218,52.98674241434],[-2.6077341196745,52.9883620237739],[-2.60568278142618,52.9793982694456],[-2.59488879079982,52.9796071443922],[-2.59962985210765,52.9754328095456],[-2.59275666179148,52.9741697656798],[-2.59844666441039,52.9717178114078],[-2.59769339677329,52.9630060919124],[-2.58641348503049,52.9553792840815],[-2.57680313436069,52.9561056295665],[-2.57027626122335,52.9597719847408],[-2.57349222875482,52.9627165194299],[-2.56126302488722,52.9649520558912],[-2.55369739710635,52.9574662964374],[-2.54635535266724,52.9568376215872],[-2.52951579903988,52.9471650627797],[-2.52328045077375,52.9543553836504],[-2.52142779642078,52.9742651681778],[-2.50688293599181,52.9649185857765],[-2.49902337054417,52.9684344649816],[-2.49170076590096,52.9676843474276],[-2.48115325715676,52.9588176831393],[-2.47508393455264,52.9624892386385],[-2.45025737118626,52.9660514111612],[-2.44295776416871,52.9707390504286],[-2.43461389792172,52.969521475511],[-2.43676012876812,52.9862562045054],[-2.4108667713721,52.9879242801752],[-2.40447492356403,52.9916536090809],[-2.40698664778687,52.9959168817396],[-2.38973474860372,52.9953922661455],[-2.38079398366022,52.9984110990241],[-2.37664671184867,52.9977178762133],[-2.37978231433637,52.9909999284466],[-2.36873445002889,52.9793681560713],[-2.37629532607958,52.9747897203146],[-2.37976411778626,52.9759967304059],[-2.38283202189149,52.9706580420564],[-2.37713198277168,52.9649668956073],[-2.38475061013679,52.9598220665661],[-2.38620832125146,52.9532173204561],[-2.39376657105225,52.9505790722649],[-2.39915316508161,52.9606312613816],[-2.41289886950827,52.9617405092815],[-2.40717508848257,52.9578779465679],[-2.40560307480185,52.9472940365137],[-2.42526957176988,52.9499984066735],[-2.43712284676717,52.9435989707171],[-2.44688191867951,52.9286279794437],[-2.45677450513822,52.9243594070213],[-2.45571310097371,52.9155006702377],[-2.46085446338271,52.9093830799052],[-2.47084047150186,52.9058599585304],[-2.46524376389752,52.8921620714199],[-2.45634627945152,52.8852338979985],[-2.45759406847572,52.8791044859667],[-2.44614158181501,52.8740086552586],[-2.44041122287413,52.8812277641956],[-2.42585072844947,52.8820022837921],[-2.4118579364999,52.8878902284906],[-2.38555426894047,52.8879887890494],[-2.37893842582711,52.8917191846812]]]},"properties":{"FID":96,"SICBL26CD":"E38000257","SICBL26NM":"NHS Shropshire, Telford and Wrekin ICB - M2L0M","ICB26CD":"E54000011","ICB26NM":"NHS Shropshire, Telford and Wrekin Integrated Care Board","BNG_E":350226,"BNG_N":302960,"LONG":-2.736687,"LAT":52.62212,"GlobalID":"a9076bf7-f912-453c-8b9b-ed076fee604c"}},{"type":"Feature","id":97,"geometry":{"type":"Polygon","coordinates":[[[-1.78808144217467,52.5878623708319],[-1.77799911714718,52.5751629561681],[-1.76968879186475,52.5749822329696],[-1.76354608418273,52.570979220788],[-1.77422999221886,52.5646277356229],[-1.76691396268121,52.5616182583997],[-1.76533967708871,52.5566769009664],[-1.75599811755068,52.5553824568061],[-1.75357698663427,52.545301941148],[-1.74642743668725,52.5417131067241],[-1.75091389857681,52.5362778297039],[-1.74908670134072,52.531421514398],[-1.73942160580928,52.5319114637221],[-1.73975510213753,52.5291197478158],[-1.72887779148369,52.5245628419073],[-1.74582294273563,52.520070004196],[-1.75381025261006,52.5212130178357],[-1.75702754775073,52.5177190998159],[-1.74373939275441,52.5076324920362],[-1.72998842073298,52.4888648701476],[-1.71250374318001,52.4763293978698],[-1.70848486689633,52.4644163909551],[-1.68328456831654,52.4403322372921],[-1.67715400090806,52.4363566977459],[-1.66658587793703,52.4354715177792],[-1.66228666711777,52.444299370244],[-1.65486807827374,52.4407548458342],[-1.64139669475989,52.4433436705407],[-1.62466199558552,52.4570296200309],[-1.6242886989703,52.4635748817822],[-1.61421261611738,52.4629998061084],[-1.61071416697142,52.4586029320388],[-1.59854718084475,52.4543317447617],[-1.59548739603341,52.4559196048865],[-1.5952288256973,52.4399265209224],[-1.60827107817331,52.4388408911488],[-1.6065517965241,52.4309851859168],[-1.61139284528278,52.4320996001409],[-1.61445001497131,52.4279683800406],[-1.60645321724525,52.4253868296354],[-1.61121684216099,52.4223485079725],[-1.60214920770302,52.41603271526],[-1.60587635224196,52.4072859403489],[-1.60105566432669,52.4037333369423],[-1.60441957756288,52.4018268666566],[-1.60102250818458,52.3893604411697],[-1.61028270070242,52.3825064959228],[-1.60801983139389,52.3763550888121],[-1.61537109816183,52.3744555924435],[-1.61814514894523,52.3762560303087],[-1.61902235808647,52.3705568872887],[-1.62367529875187,52.3717782203897],[-1.62661581906367,52.3691944826785],[-1.62096643633856,52.3678836540232],[-1.6234007722907,52.3655514528834],[-1.6364586756711,52.3651688545778],[-1.65131034581218,52.3564211837093],[-1.66088809209098,52.3656700409363],[-1.68432278764981,52.3632318810178],[-1.68493116290474,52.3560109235379],[-1.69388506170737,52.35101345715],[-1.69809141103464,52.355732291185],[-1.71026964368583,52.3550210085422],[-1.71833612536616,52.3586920565757],[-1.71854662994633,52.3557374269501],[-1.72026758760686,52.3725721121358],[-1.73497085620499,52.3702432754753],[-1.74616752986066,52.3549352421449],[-1.75938355241067,52.3582558199136],[-1.76279989325948,52.3642745943059],[-1.77922421627,52.3645395023516],[-1.77822579670687,52.3565666603308],[-1.77186015573999,52.3558757929975],[-1.77188626731962,52.3512871818494],[-1.77767974748691,52.3477398781086],[-1.79971305083648,52.3586941083997],[-1.80780123044128,52.3666080922597],[-1.83498068037591,52.3674038080493],[-1.84293612759989,52.3651635275525],[-1.87203397069975,52.3675986472333],[-1.8454756257645,52.4004064821859],[-1.86477913205758,52.4048148530022],[-1.88269743045663,52.399812984847],[-1.88593903917869,52.4046877617523],[-1.90458771935998,52.4031456122199],[-1.91367509377613,52.407464205314],[-1.91857801414633,52.3981927926207],[-1.93431467821859,52.387236357065],[-1.95361376974341,52.3933706652199],[-1.95891177814612,52.3882482586897],[-1.96492707842668,52.3921878710167],[-1.96636184429923,52.3894651750325],[-1.98362442414215,52.387334156858],[-1.98927600937474,52.3824865321183],[-1.9984862804532,52.3811380659677],[-2.01135265842701,52.3861805862206],[-2.02135707907786,52.4001937681778],[-2.03364067162777,52.4023279778657],[-2.02753438844949,52.4081047746596],[-2.0158246027786,52.4059170876369],[-2.00923783479496,52.4103880891076],[-1.99779487627222,52.4097354672011],[-1.98603718108864,52.4167262120607],[-1.99706105186013,52.4174260876196],[-2.00468629238314,52.4284101536776],[-2.00974067286677,52.4265219116369],[-2.01699022361714,52.4326829759436],[-2.01317286444128,52.4621853726781],[-1.97724589830396,52.4674447808915],[-1.96567614690721,52.4733619481438],[-1.96902431000841,52.4767936767733],[-1.96400697648474,52.4819856660355],[-1.95074886397662,52.4832717433545],[-1.9431333397014,52.4911230270088],[-1.94428682549629,52.4957686088359],[-1.93815263234188,52.4983816118225],[-1.96289681209109,52.5049196587525],[-1.95807612486308,52.5200570513729],[-1.96023814331725,52.5313512366823],[-1.95102651687751,52.529858969503],[-1.94328952368292,52.5341886912109],[-1.92944488879654,52.5313019727443],[-1.93314987941061,52.5458128130067],[-1.9199304259608,52.5462873731886],[-1.8997530355537,52.5550575235635],[-1.87858877023881,52.5695861511484],[-1.87256451401935,52.5849446257126],[-1.85395372049718,52.6019250762424],[-1.82812842950594,52.6087220612627],[-1.79652968706919,52.5991232156012],[-1.78808144217467,52.5878623708319]]]},"properties":{"FID":97,"SICBL26CD":"E38000258","SICBL26NM":"NHS Birmingham and Solihull ICB - 15E","ICB26CD":"E54000055","ICB26NM":"NHS Birmingham and Solihull Integrated Care Board","BNG_E":412791,"BNG_N":287491,"LONG":-1.813065,"LAT":52.48521,"GlobalID":"bb490805-b096-4111-8d54-885749f1c991"}},{"type":"Feature","id":98,"geometry":{"type":"Polygon","coordinates":[[[-1.87256451401935,52.5849446257126],[-1.87858877023881,52.5695861511484],[-1.8997530355537,52.5550575235635],[-1.9199304259608,52.5462873731886],[-1.93314987941061,52.5458128130067],[-1.92944488879654,52.5313019727443],[-1.94328952368292,52.5341886912109],[-1.95102651687751,52.529858969503],[-1.96023814331725,52.5313512366823],[-1.95807612486308,52.5200570513729],[-1.96289681209109,52.5049196587525],[-1.93815263234188,52.4983816118225],[-1.94428682549629,52.4957686088359],[-1.9431333397014,52.4911230270088],[-1.95074886397662,52.4832717433545],[-1.96400697648474,52.4819856660355],[-1.96902431000841,52.4767936767733],[-1.96567614690721,52.4733619481438],[-1.97724589830396,52.4674447808915],[-2.01317286444128,52.4621853726781],[-2.01699022361714,52.4326829759436],[-2.02476552998301,52.4348821116495],[-2.02970637405169,52.4273014383106],[-2.03698779210876,52.4275457398735],[-2.03788109715417,52.4415574984234],[-2.05578188926403,52.4413060240234],[-2.06246739187917,52.4274307180811],[-2.06672524307649,52.429423066956],[-2.06234949600324,52.4324553865001],[-2.0675463455262,52.4325584911287],[-2.06805191622307,52.4351951274049],[-2.08482072557684,52.4321974581153],[-2.09026343754368,52.4426390547598],[-2.09856517139536,52.4452835169229],[-2.10524948176351,52.4442078574767],[-2.11751849402186,52.4339438983776],[-2.12969694767081,52.4322104095057],[-2.13602685066768,52.4262681797662],[-2.16485125529643,52.4302039228808],[-2.17648301290364,52.4548217587107],[-2.16741959149865,52.471541107421],[-2.17750802816653,52.4787549400899],[-2.18224806231518,52.4931499912718],[-2.18865943940689,52.4945072804492],[-2.18478357664304,52.500347119941],[-2.19194082215129,52.5034552316909],[-2.1866195299705,52.5047870368718],[-2.18798235061963,52.5083628774799],[-2.17824377241815,52.5116484097401],[-2.15031792426421,52.5141509204801],[-2.14421087487744,52.5170744250878],[-2.14574580419187,52.523488541825],[-2.15220986257084,52.5256963588569],[-2.13558723605128,52.534460821497],[-2.13915072062682,52.5480649820935],[-2.13348684258929,52.5540665496377],[-2.14095624804709,52.5585394795194],[-2.1530545337326,52.5536752342805],[-2.16454176374672,52.5559235338439],[-2.1650060310075,52.5538667200478],[-2.17014286030254,52.5560332302897],[-2.17553440127204,52.5544070328479],[-2.18033675752219,52.5745050821795],[-2.18344448208042,52.576943803752],[-2.18827761015085,52.574175327979],[-2.18943125972428,52.5772701527414],[-2.20180308491858,52.5787799240101],[-2.20396250396796,52.5838627670162],[-2.1999004100584,52.5838452680596],[-2.20687693836552,52.5865834826861],[-2.18930921040774,52.5886085387638],[-2.1909380397723,52.6022283762014],[-2.19639732544219,52.6066154231088],[-2.18720931661306,52.6090098571294],[-2.1803135009602,52.604901579099],[-2.17245368489862,52.6102746248475],[-2.1691570583794,52.6093385120697],[-2.17096368417699,52.6143339976743],[-2.16493021434652,52.6165791172313],[-2.1684885489043,52.6198637611906],[-2.16173141342554,52.6191298781436],[-2.16278616409915,52.6212216917249],[-2.15155415329941,52.6245909523591],[-2.15298300293176,52.6297528522216],[-2.1371244315301,52.6297990857172],[-2.1316441022298,52.6376230720754],[-2.11380120776818,52.6379105419578],[-2.09924833416194,52.6327618592548],[-2.09560351433718,52.6214888685424],[-2.08839616125478,52.6198311164524],[-2.08100160981904,52.6119049654486],[-2.06732568305211,52.6120765185418],[-2.06865185530742,52.6181905119372],[-2.05840792211754,52.621781335291],[-2.030123402334,52.6169544533261],[-2.0355088552239,52.6217997484653],[-2.00411053633605,52.6370666930495],[-1.99085585106928,52.6366717126862],[-1.98283030492083,52.6412996919127],[-1.97620599180391,52.6396966775288],[-1.96096319131214,52.6428146492983],[-1.96063571620905,52.6535654281482],[-1.95507372141074,52.6541371200123],[-1.95994511591687,52.6620372378747],[-1.9545691779252,52.6626413156628],[-1.94540184689038,52.6562985750669],[-1.94035931798837,52.6563241690209],[-1.9335689040641,52.6616099590974],[-1.92368369798069,52.6555277981847],[-1.91284224422329,52.6582336506484],[-1.91087813020855,52.656500817027],[-1.9086598794902,52.6539999697911],[-1.91801500577538,52.6498950320139],[-1.90508397862874,52.6432074532983],[-1.91598521309119,52.6352858888007],[-1.88608790348789,52.6154116756434],[-1.89226574760774,52.5991519727272],[-1.87256451401935,52.5849446257126]]]},"properties":{"FID":98,"SICBL26CD":"E38000259","SICBL26NM":"NHS Black Country ICB - D2P2L","ICB26CD":"E54000062","ICB26NM":"NHS Black Country Integrated Care Board","BNG_E":397406,"BNG_N":292506,"LONG":-2.039663,"LAT":52.53043,"GlobalID":"605532c3-3383-45a5-8b66-3c431b332920"}},{"type":"Feature","id":99,"geometry":{"type":"Polygon","coordinates":[[[0.171625855520674,52.7380317099592],[0.156352957814939,52.707834950834],[0.153571400427862,52.6822231274993],[0.157144431959287,52.6796922113734],[0.184716627094303,52.6778946266961],[0.180836448867337,52.6732593003185],[0.184429630496948,52.6721408366913],[0.183842025250622,52.6556622697488],[0.17610455692763,52.6557000615074],[0.178340028367515,52.6526361458478],[0.169595255743209,52.6527560967389],[0.169925673178263,52.6504355668728],[0.192028038335185,52.6342656614131],[0.219299760675789,52.6218129293904],[0.210865013207732,52.6179284931824],[0.217386306294374,52.6145255063463],[0.2056153211244,52.6118036644262],[0.201518645692365,52.6031356593718],[0.19160011424572,52.6015166670126],[0.193852115948739,52.5921033680057],[0.199147803041857,52.5917919240197],[0.199544751719721,52.5827582373232],[0.20261083075424,52.5800954090832],[0.215780294069115,52.5794459429684],[0.218411918266713,52.5725990447447],[0.205632121185641,52.5655692511178],[0.217238410953281,52.5605939804256],[0.21409779394817,52.5561993612129],[0.204707946919011,52.5546563810392],[0.205139304427747,52.5479012832969],[0.214625780449232,52.5491066255842],[0.211236279756499,52.5452367225801],[0.203872115181142,52.5454049885328],[0.213144959634696,52.5381715783602],[0.205847506485707,52.5338507174243],[0.20813595378823,52.5300868882571],[0.214940867162655,52.5320517203758],[0.220292594609943,52.5289213289244],[0.22560491148345,52.5325699415375],[0.230591345034038,52.5279098704316],[0.222386799615202,52.5239101146754],[0.223172569658751,52.5213841990223],[0.219706621794968,52.523146571039],[0.206123464380262,52.5196352271328],[0.236319302531591,52.5072905402105],[0.238785404066982,52.5091869022574],[0.246041234626474,52.4998910913408],[0.256476233183429,52.507714184527],[0.309360295812481,52.5136221934521],[0.31729312748753,52.5130076792369],[0.318305871206082,52.5076575998745],[0.330937603755023,52.5091359046033],[0.345033132361368,52.501685762295],[0.362092759832715,52.4989323389086],[0.367062288009051,52.5011737498751],[0.367143369346787,52.4959432816569],[0.380706723807817,52.4795394110552],[0.391915838252747,52.4755284474555],[0.402089549147254,52.465348344915],[0.428529202359657,52.4546525593595],[0.423470266375175,52.4510456584229],[0.42934424988806,52.436426487097],[0.423208222956388,52.4339653018713],[0.425303918142973,52.4303321921927],[0.374777514194355,52.4097290999529],[0.407616895046918,52.3615735536288],[0.419224798371562,52.3579359721707],[0.420053689546442,52.352154957837],[0.427521484709411,52.3537038308403],[0.442501254912368,52.3488311411751],[0.43632355586838,52.3335341667291],[0.424221404653185,52.3292164617124],[0.431376462527732,52.3158256920945],[0.457617905782524,52.3162505164406],[0.462123997613505,52.3087905640834],[0.479210934940961,52.3018166330306],[0.504768566770327,52.2847158513696],[0.499104722032498,52.2846124639477],[0.495845901987706,52.2803722970902],[0.49880275078562,52.2730213239239],[0.424205855424971,52.2558659600945],[0.395353804471171,52.2804547576664],[0.385362738668793,52.2829976927841],[0.382720964855678,52.2932660012671],[0.377870313128827,52.2912528096126],[0.368868796071359,52.2965205560707],[0.358997585954742,52.297542634275],[0.359222183909217,52.2891574386721],[0.350650921778692,52.282960057286],[0.355225473324046,52.2793213405365],[0.340002280112855,52.2676878304683],[0.360892780160587,52.2494223694002],[0.34268439255514,52.2423432369239],[0.371248976640283,52.226556342519],[0.384648230982134,52.2340060946276],[0.394959649483573,52.2306796583355],[0.409667660185593,52.2394957316566],[0.421333760711093,52.2396910916924],[0.414517739951008,52.2478610070342],[0.426963715344134,52.2536026339328],[0.443404692110223,52.2426371614866],[0.450421244719548,52.2433353286705],[0.455561119287265,52.2475944806289],[0.465111683016188,52.2403757360119],[0.471856853069859,52.2403425051311],[0.480337574949983,52.2326819603619],[0.494931318373645,52.2392579318599],[0.514483712168213,52.2267793669051],[0.512821005211158,52.2136888640398],[0.508650643661258,52.2139808958405],[0.503130093026587,52.2070361732687],[0.502554767187621,52.1960265961053],[0.494975437605628,52.1887329155202],[0.493250796079473,52.1756358704281],[0.48746480493768,52.1697970085924],[0.491333015581248,52.1651023101098],[0.477241782640551,52.1675708461967],[0.470730217895416,52.1632588833955],[0.463703181063324,52.1705442555463],[0.452191374587896,52.1732041339871],[0.444522578155202,52.1710820432783],[0.44436099982853,52.1647466087698],[0.438706119980691,52.1657115277304],[0.435915466670307,52.1594951493147],[0.41727660450371,52.1593066641997],[0.420886582698706,52.1556391960964],[0.418283342110827,52.1343560288157],[0.410002821693464,52.1343982869521],[0.404706044146115,52.1292851862847],[0.408576517437495,52.12370473791],[0.396362989799598,52.1223591335928],[0.398340573515479,52.1187918555267],[0.389589491927771,52.1174709978088],[0.381804026770056,52.1027012575354],[0.388687763634988,52.099212632677],[0.386864731600388,52.0973049033879],[0.394996790032461,52.0959679190898],[0.390849789174471,52.0884834805392],[0.401710356091663,52.0825950294003],[0.400892744522208,52.0730192293012],[0.407103067820535,52.070766765087],[0.404638608115575,52.0655023832833],[0.390419552738342,52.0602879419605],[0.379612829656032,52.049562666124],[0.388188967667305,52.0437175075223],[0.389695175377441,52.0364665821455],[0.371722594508878,52.0373693896966],[0.36430641803428,52.044280151739],[0.345958996035568,52.0497172113235],[0.324674003971271,52.0727826197895],[0.2860116969075,52.0904073351849],[0.276229239992264,52.0926382865199],[0.251572287249141,52.076786151701],[0.235208295481539,52.0889999890881],[0.203459011568403,52.0926745025517],[0.193970615828634,52.0754810402006],[0.18319441470774,52.073182792585],[0.189921319967165,52.0602010829522],[0.186373297300404,52.0566613324444],[0.167570205591995,52.0549995196865],[0.166396134548971,52.0481908073066],[0.160756897002786,52.0484399777317],[0.160577099300609,52.0520985903773],[0.152634364915482,52.0503179655134],[0.151117177053476,52.0528522871214],[0.128135066217023,52.0473225839622],[0.119077947600425,52.0599630771411],[0.105736587180057,52.0602611112092],[0.10597551762675,52.0497394539983],[0.0941952976037568,52.0328742666735],[0.0922537905028808,52.021654408738],[0.0805215305014207,52.0081424124478],[0.0681279698674926,52.0057886485443],[0.0743216396647565,52.0008609302589],[0.0690612319178215,51.984042541712],[0.0669076036099753,51.9798073174669],[0.0437138577847114,51.9848070024382],[0.0445730201407911,51.9869440400996],[0.0385406545346549,51.9864001935959],[0.0350259754131068,51.9896289759759],[0.0322696690599607,51.987038281656],[0.0215716518751298,51.9889430880843],[0.0232707755354042,51.9843706459107],[0.00246930903752838,51.9830535100138],[-0.00303640269631109,51.9934458151915],[-0.0237339658025971,51.9971696787485],[-0.0306298361283023,51.9838138123446],[-0.0479529971643185,51.9797367392584],[-0.0606000320920631,51.9955353103252],[-0.0704257406203974,51.9972181745935],[-0.0732634841332045,52.0059141463122],[-0.0899428436635357,52.0084111830889],[-0.100916445886017,52.014607914867],[-0.126566801585129,52.0209216490248],[-0.122338763437071,52.0296356458817],[-0.13373000983073,52.0462328828637],[-0.144576007425161,52.0469906493632],[-0.15512066460437,52.053061146242],[-0.14750935751772,52.0694499379031],[-0.157345982095864,52.0805157101242],[-0.149559190816612,52.0898200123583],[-0.147859950499712,52.1141899883459],[-0.14393177959365,52.1177357470672],[-0.144445250764514,52.138203774221],[-0.149834422865529,52.1389416177935],[-0.150416673698502,52.1436066601067],[-0.159672942826126,52.1440679668929],[-0.163750310711187,52.14012822356],[-0.171534597351439,52.139502610422],[-0.206204452991395,52.1444490186811],[-0.234803678251221,52.1447265729915],[-0.216624286159081,52.158735621541],[-0.228862728464659,52.1662425339044],[-0.254399099319891,52.1721846954458],[-0.260693257183331,52.1764017980183],[-0.249785032892583,52.1843710074486],[-0.244002008345231,52.1826845963852],[-0.240722803944983,52.1901930292583],[-0.264911901433434,52.2057211755266],[-0.261859232051558,52.2098655275373],[-0.288726264844687,52.207376811504],[-0.296284203060797,52.2104870899886],[-0.299513352541893,52.2203301087405],[-0.28569387330908,52.2374014303022],[-0.293208869793175,52.2405160192735],[-0.313687604631642,52.2389989779982],[-0.319996305240787,52.2427085393571],[-0.334493575424728,52.2429212176342],[-0.343468542270299,52.2418742151076],[-0.341009284219919,52.2306478881765],[-0.35903739645714,52.2347358067966],[-0.37437582377391,52.2329983111055],[-0.382341188623799,52.2711256447254],[-0.3721750008088,52.2734997865295],[-0.375010557405257,52.2804696633986],[-0.392625991266011,52.2824296059828],[-0.398978787531793,52.278728932841],[-0.406907851521594,52.2874759348161],[-0.410158934426205,52.2844970327828],[-0.421767149612461,52.2849478156021],[-0.422642228877833,52.2893753156036],[-0.435761232521791,52.2966583346507],[-0.436088651990223,52.3144709772093],[-0.444183291225945,52.3142317529669],[-0.465365654032205,52.3229532744971],[-0.466656529654259,52.3389276042578],[-0.483263888946316,52.3409034239158],[-0.477682217209123,52.3489201148969],[-0.498699843277914,52.360096164353],[-0.49948691377122,52.3669928417504],[-0.488518732726267,52.3740235660345],[-0.495946305900596,52.379515446236],[-0.486737623227331,52.3790312463878],[-0.48476071763279,52.3816313012503],[-0.469888597492008,52.3798967093811],[-0.468290416773876,52.3828936218229],[-0.456832328444829,52.3823296610671],[-0.454937125843458,52.3857019293554],[-0.446221320542303,52.3832137159372],[-0.441509912690797,52.3849965662957],[-0.432919652229761,52.3963294963848],[-0.415936538146729,52.4038049486197],[-0.42027886468326,52.4050661190435],[-0.417072799337838,52.4115990817281],[-0.400946321878528,52.4154640901416],[-0.379458503789834,52.4279594748752],[-0.362408145959059,52.4335312237244],[-0.371866657683572,52.4368429402303],[-0.370216808891305,52.4399304669676],[-0.352892550066419,52.4610604476675],[-0.341590531472535,52.4669426072056],[-0.349717694840613,52.4728883752231],[-0.350068178554496,52.4825482072458],[-0.359396101742617,52.4898518676367],[-0.359194265295882,52.497341537591],[-0.352175193975141,52.503325229994],[-0.354345126604481,52.5064951908217],[-0.377926746618127,52.5106578337197],[-0.3907492178116,52.5194399140488],[-0.413602536648654,52.5256798038005],[-0.401283434180054,52.5386846448005],[-0.402060599035728,52.5483215303726],[-0.415338835933264,52.5515534470406],[-0.419593342375138,52.5589619796637],[-0.407290873526472,52.5640555581301],[-0.415694997392596,52.5701046428245],[-0.415381167531017,52.5787427750462],[-0.425027465035172,52.5824128099585],[-0.478815109339656,52.5736453002951],[-0.478834380908799,52.5774386471525],[-0.491725041828868,52.581289381657],[-0.497651588028113,52.5868509875073],[-0.490706912984055,52.5905342818889],[-0.485439962506192,52.6021800657609],[-0.481024038587736,52.6027868513696],[-0.479636889756453,52.6144498439879],[-0.47372926052315,52.6144332357707],[-0.470961260233,52.6179533660102],[-0.473503685413688,52.6282345782324],[-0.486108245244326,52.6344214649206],[-0.488823874144101,52.6328310127342],[-0.494773484778003,52.6403140488065],[-0.484320231790382,52.6461289578065],[-0.475244872949533,52.6450578298381],[-0.475831395099793,52.6487147525376],[-0.453036127864321,52.6492453849872],[-0.452694473572505,52.6542777001824],[-0.431987033926148,52.6482676672428],[-0.405681401555854,52.6480462302321],[-0.393103032457937,52.6541012946919],[-0.350222258897631,52.6616148075151],[-0.336313509170318,52.6685624104874],[-0.33498522018007,52.6748706735762],[-0.289240446902074,52.670276252996],[-0.260628212726989,52.6514133632511],[-0.224498250769723,52.6654636351408],[-0.206038111408424,52.6680730825777],[-0.192867710609506,52.6524385786959],[-0.180020171311607,52.6605610201969],[-0.141062126465474,52.6515074223426],[-0.139501386349199,52.6548618263396],[-0.102197366679552,52.6722068688856],[-0.0877525030382507,52.666785993769],[-0.0746111920765304,52.6720740769284],[-0.0654440932989069,52.6719963808902],[-0.0637140086467766,52.6752330825006],[-0.032504273743201,52.6655443530205],[-0.0312704456879027,52.6615329953777],[0.0206734031795315,52.6647279081858],[0.048848260201698,52.6817707068887],[0.0441497433483858,52.7143821454059],[0.0633620355433505,52.7272718935228],[0.0890116899273548,52.7236300195297],[0.0987890348010553,52.7303404482689],[0.113685077955847,52.7299901181821],[0.132974708353751,52.7393041517502],[0.17018129728673,52.7398942491249],[0.171625855520674,52.7380317099592]]]},"properties":{"FID":99,"SICBL26CD":"E38000260","SICBL26NM":"NHS Central East ICB - 06H","ICB26CD":"E54000065","ICB26NM":"NHS Central East Integrated Care Board","BNG_E":536856,"BNG_N":268346,"LONG":0.005437,"LAT":52.29622,"GlobalID":"da2b612b-7cad-4192-a7b0-42867abe43ad"}},{"type":"Feature","id":100,"geometry":{"type":"Polygon","coordinates":[[[-1.8222288058304,53.521091143843],[-1.81952371416962,53.5134282248606],[-1.8007795172247,53.5113788497572],[-1.81028733037923,53.5063418279576],[-1.79620994678666,53.5031208296302],[-1.80147073060994,53.4809917132719],[-1.79114041050359,53.4758330745816],[-1.7802977246171,53.4748389906956],[-1.76835025787178,53.4647236641616],[-1.75241526386735,53.4649578554882],[-1.74533067397688,53.4621837618225],[-1.74808252968205,53.457433867424],[-1.74368098216497,53.4449552175751],[-1.74972800032761,53.4391192890564],[-1.74427283535743,53.431296700712],[-1.74673708669559,53.4261936241186],[-1.73977910470758,53.4209771368491],[-1.72995147436309,53.4159855682498],[-1.71820802783255,53.4194803781948],[-1.70877449437586,53.4174399138676],[-1.70323429253063,53.4137223357043],[-1.70496490793419,53.4050558722668],[-1.69452139614519,53.401161258639],[-1.68182849210783,53.4017807497195],[-1.66808997850041,53.3930708810276],[-1.65464410099147,53.3929308719828],[-1.65351658449657,53.3851145598991],[-1.66329218017304,53.3742477061885],[-1.66395819746608,53.3668902414369],[-1.63059259338227,53.3561609874046],[-1.6256037980064,53.3520617933228],[-1.59058650600881,53.3459588645118],[-1.60157538801788,53.3426089194788],[-1.61222682735739,53.3432105125193],[-1.63277198080172,53.3208276414967],[-1.62816068880807,53.3163016532117],[-1.60883558440411,53.3225540889299],[-1.60152487589439,53.3182054702808],[-1.5990781056935,53.311378264518],[-1.58503152012505,53.3215892656197],[-1.57899566977687,53.316692306232],[-1.58307782331321,53.3156978344404],[-1.58053384307492,53.3117376566816],[-1.56166057794462,53.3159688261547],[-1.55582227933638,53.3117065334997],[-1.56176634519796,53.3064245425379],[-1.53691428154257,53.3047306266027],[-1.53127715297132,53.3106333686023],[-1.5021080228959,53.3175890293607],[-1.47842159848437,53.3193722984901],[-1.46791401177364,53.3171442731424],[-1.45524210932807,53.3218441164644],[-1.45993051847559,53.3306303045912],[-1.45129950951707,53.3313452229974],[-1.44201299725455,53.3374115975122],[-1.42086736705163,53.3345680663269],[-1.41108897717152,53.3420170692005],[-1.38665945496082,53.3348571345682],[-1.3920546902197,53.3226631392125],[-1.38684198204219,53.3176148686334],[-1.36265527171203,53.3150212877763],[-1.36174501094287,53.3185428845697],[-1.34728878247558,53.3189014930899],[-1.33775170523623,53.315847640344],[-1.32842468395291,53.3288785847436],[-1.32472658908614,53.3288326995255],[-1.32091289610985,53.3255779745065],[-1.3103279523532,53.3293966570904],[-1.31233367960612,53.3341686597908],[-1.29907196690781,53.3325326647694],[-1.28855843143651,53.3261712203287],[-1.29515891272748,53.3217916191196],[-1.29546833978952,53.3148730346594],[-1.28200352507145,53.3094796986071],[-1.27359822240835,53.3104402939801],[-1.25425511033634,53.3017555249847],[-1.24345372931273,53.3015985807982],[-1.23059636796603,53.308641913345],[-1.21953090467292,53.3040005236087],[-1.20317508851904,53.3041912695407],[-1.19973836233179,53.3114383962792],[-1.18720472302291,53.303979922376],[-1.17662727760555,53.3051316929661],[-1.17156263572688,53.2946373851374],[-1.1801168617714,53.2871347313516],[-1.16648883462477,53.2776548047235],[-1.18154304654222,53.2700318459384],[-1.17468961597313,53.2651651219003],[-1.2024503480121,53.2612194126694],[-1.21302665881078,53.2476725056716],[-1.20199698189546,53.235555178699],[-1.20942428900005,53.2176962786913],[-1.19581644233107,53.1924448036904],[-1.19883433104154,53.1829348148917],[-1.21957596763072,53.1787881043418],[-1.24044938058604,53.1786480950892],[-1.254677634656,53.1647729657573],[-1.29596369001836,53.1712244551733],[-1.30071213200944,53.1642148502159],[-1.31650025314649,53.1653652333178],[-1.3234468954862,53.1623424184242],[-1.32558320388833,53.1564749288101],[-1.31496008587501,53.135843364222],[-1.32178007379775,53.1306500556076],[-1.31144162995892,53.1197483890578],[-1.31183267838724,53.1087056388847],[-1.30122239621845,53.1038232548695],[-1.30924899858985,53.0967800627865],[-1.30256113651534,53.0885242263504],[-1.3296640047744,53.0823932012722],[-1.34405901062021,53.0678047516161],[-1.33346066054097,53.0488945540853],[-1.33198482983426,53.0311508433432],[-1.32445993134351,53.0258726331947],[-1.31907208072408,53.0100540257382],[-1.30275866648832,53.0002252015514],[-1.28774927667626,52.9696623558356],[-1.29250095316483,52.9555735378523],[-1.28241349928871,52.9512352340932],[-1.27784239393049,52.9357599707831],[-1.28579273021967,52.9259914136186],[-1.28179235328745,52.9102840899168],[-1.27441213125818,52.9052450411441],[-1.25647501681049,52.9017857406855],[-1.24621655337322,52.9029859009974],[-1.24742532729483,52.8986985520358],[-1.23962311289616,52.8942370560683],[-1.2463985395926,52.8891378990017],[-1.2389865680021,52.8835245149703],[-1.24005534599657,52.8801088554115],[-1.25350377373713,52.8793113510741],[-1.26788855603461,52.8733686725027],[-1.27842742474572,52.8755931645728],[-1.2894868359015,52.8724572043762],[-1.30616758866591,52.8770683818763],[-1.3093315876258,52.8733549774707],[-1.31930662522077,52.872868877213],[-1.32533217811743,52.8659816125585],[-1.33279519093165,52.8671743757534],[-1.33924917920224,52.8646115890947],[-1.34545584777503,52.867229420822],[-1.34340466685273,52.8627939976278],[-1.35189592545127,52.8576390096364],[-1.35117393176506,52.8532894698481],[-1.35556421271476,52.8560781974392],[-1.36121154865394,52.8551858258759],[-1.39432386911851,52.8367730108822],[-1.3879359984361,52.8330978604398],[-1.40520543905442,52.818693962089],[-1.41770572987623,52.8016153959341],[-1.44356174118762,52.8027440131849],[-1.44239119418473,52.7929832857492],[-1.46277868399002,52.7868633171728],[-1.45764817686796,52.7844010804425],[-1.4594980967647,52.7770831561847],[-1.45588188882664,52.7770946357743],[-1.46844552072427,52.7668774866695],[-1.4939913722188,52.7590441679727],[-1.50498053250726,52.7676089794647],[-1.52534804510884,52.7655280087631],[-1.52958229034345,52.7610955618755],[-1.53293819608953,52.7625718523004],[-1.53841115457022,52.7601646107121],[-1.54743191561661,52.7641393047843],[-1.5527870288154,52.7633330329126],[-1.56249252732586,52.7505868096524],[-1.55617531341646,52.7398137577265],[-1.54463879881424,52.7316900835436],[-1.55004138708244,52.7203170979924],[-1.5642529254043,52.710993726362],[-1.57711912105468,52.7117632772835],[-1.59754128380732,52.7004215582902],[-1.60549458931455,52.6965389347486],[-1.61537504095764,52.7007074676411],[-1.62525094975922,52.6974226945679],[-1.63534065905982,52.7024832886364],[-1.63765307724076,52.6996754623802],[-1.65504146914166,52.6987985183786],[-1.65430134465906,52.708208587003],[-1.65929107591713,52.7140834555543],[-1.65660768729891,52.7217484359267],[-1.67559460786365,52.7248699036945],[-1.67794423330285,52.727504019491],[-1.69695162341206,52.7271944481292],[-1.70415785356229,52.7320784712036],[-1.69788588738455,52.7353819389962],[-1.69761935567535,52.7437632648025],[-1.69223511045186,52.7441225065164],[-1.69686252750027,52.7527410872986],[-1.68596762261474,52.7590125353766],[-1.68206671460658,52.770191408905],[-1.67017905869012,52.7733955831214],[-1.67075961942302,52.7810164364537],[-1.66653669714811,52.7847229889659],[-1.65204802500694,52.7795014648241],[-1.63824283051638,52.7867285313856],[-1.6269578658611,52.7797724696878],[-1.61928916324862,52.785167927167],[-1.61112937641202,52.7814037932727],[-1.60940586988198,52.7844497111387],[-1.61434569381077,52.7882736782361],[-1.60265822958179,52.7919851483729],[-1.60354941829145,52.7954553116573],[-1.5978502312998,52.7983442580961],[-1.59351320750567,52.7969316327241],[-1.58887046796525,52.799865897741],[-1.59182737912321,52.8094903349528],[-1.61049467910625,52.8164043763668],[-1.60245279241209,52.8265718598272],[-1.58546272574483,52.8316295939337],[-1.59229203166123,52.8324919051996],[-1.59189415128317,52.8362983789777],[-1.60173692983841,52.8374125292746],[-1.60606999052687,52.8429285778406],[-1.6175899821632,52.8446897841452],[-1.62823499223001,52.8518619996069],[-1.62695175388176,52.854482056245],[-1.6363918915494,52.853109811497],[-1.69027180243227,52.8644693646696],[-1.70060862777638,52.8605833875107],[-1.70434490347808,52.8666802922003],[-1.71631307311683,52.8654952230057],[-1.7169689581605,52.8607862906593],[-1.72216929206958,52.8632602400231],[-1.72532285461899,52.8596630400228],[-1.72642335772301,52.8630548866164],[-1.739080349679,52.8647774956401],[-1.73978489039571,52.8676685964398],[-1.74949666565108,52.8667418408097],[-1.74577426924566,52.8695015974161],[-1.75251834735813,52.8689269747207],[-1.75125959535612,52.8740809366331],[-1.77385384393103,52.8791094819261],[-1.77711649800997,52.8837929562194],[-1.78373006141525,52.883964132678],[-1.78833070464771,52.8800819293496],[-1.80185861142545,52.8861466413214],[-1.81171110063443,52.8805964852171],[-1.82341593497524,52.8827347901378],[-1.82234732689913,52.8861747357641],[-1.82655878019002,52.8840406247913],[-1.83271423583364,52.8870993621923],[-1.83416095468217,52.8955255574383],[-1.82999888532882,52.8965883073256],[-1.83614995321934,52.904194913954],[-1.84760489145183,52.9090084645768],[-1.84260788013594,52.9129887635343],[-1.84796270922952,52.9129878272485],[-1.84784175788708,52.9203364994266],[-1.85547132812438,52.9204493539738],[-1.85573328908432,52.9270883198006],[-1.84912224184535,52.9357267731634],[-1.83912813396184,52.9414913023252],[-1.83318689909447,52.9411819996609],[-1.83558252906214,52.9452644834687],[-1.82981859530997,52.9456720720088],[-1.8344357150287,52.9548895505901],[-1.82554519686167,52.9618219022359],[-1.83018579215506,52.9713465099346],[-1.82678081065749,52.9770857200464],[-1.80570178430092,52.9804713880238],[-1.80154517826156,52.9829756238353],[-1.80480471310627,52.9854746632456],[-1.79678008153853,52.9851041164011],[-1.79339111952365,52.9896415788593],[-1.78752139143578,52.9894264623138],[-1.78935240255181,52.9927602085948],[-1.76240427293082,52.9998568129752],[-1.76607992559213,53.0090987815937],[-1.75774607556177,53.01699793998],[-1.7637309993428,53.0214281240319],[-1.75718799732444,53.0287956295327],[-1.76154348270827,53.0333995504125],[-1.75893163610223,53.0373158048737],[-1.76819404680335,53.0440375342136],[-1.77873397647745,53.0430139732364],[-1.77898143433986,53.0448442925565],[-1.78414524444924,53.0547079442343],[-1.77565257922459,53.0593546251746],[-1.78563459046302,53.0631043956361],[-1.79135544606685,53.0782000745018],[-1.78860459004379,53.080905001613],[-1.79423981365869,53.0883941734386],[-1.79216176093939,53.0915822496219],[-1.7830531345241,53.0931087550731],[-1.78372518218229,53.1028276571446],[-1.78698740781704,53.1086991706373],[-1.80056459972406,53.1148584607018],[-1.80965135533571,53.1237996630237],[-1.81163346208683,53.1318001770145],[-1.82143935932494,53.1358092302024],[-1.81202512125932,53.1527436301007],[-1.83206903707898,53.1728276257441],[-1.87402442001012,53.1953806781274],[-1.89058836745282,53.1993917209434],[-1.90804424468585,53.1985400524221],[-1.93769324193778,53.2117783689953],[-1.95670740665642,53.2137474763872],[-1.96236483482562,53.2262416458225],[-1.98740744875066,53.2135856599163],[-1.99026464806774,53.2229988676477],[-1.97606499877977,53.227529794557],[-1.97485867625588,53.2310611559146],[-1.98188312564029,53.23857932645],[-1.99973132997327,53.2450487726423],[-2.00033273338687,53.2554387434527],[-2.00948199662802,53.2606523444135],[-2.00519743782864,53.2690400492522],[-2.00932920208428,53.3023140863736],[-2.0015511310486,53.3189212437427],[-2.01073909562133,53.3235495491635],[-2.00928319272082,53.3313882587401],[-2.01364972658359,53.3324201306186],[-2.01431907788046,53.3400585971552],[-2.00465986487233,53.3460097671951],[-2.0067857360247,53.3545721898122],[-2.01067202053134,53.3557016648952],[-2.00899814323881,53.3620107029847],[-2.02181672004445,53.3667569881096],[-2.02712867189581,53.3637674739388],[-2.03408703462504,53.3677526829521],[-2.0310588041656,53.3702620480441],[-2.0337752252591,53.3755416282598],[-2.02147202314721,53.3750591877105],[-2.01708389822909,53.3778326152475],[-2.01971455611163,53.3805954314117],[-2.00464286274966,53.3863274734493],[-2.00501937108144,53.3928485324106],[-1.99232955030394,53.4151931069719],[-2.01369702849278,53.4158898877988],[-2.02370976196732,53.4205517476264],[-2.01972440977663,53.4251186721624],[-2.02622369290305,53.4298021442255],[-2.02716464310044,53.4324600123039],[-2.01401884485527,53.4397972285887],[-2.00408968474453,53.4359613150579],[-2.00809491521576,53.4416165744356],[-1.99578757501026,53.4460209337374],[-1.99484833691612,53.4507185496616],[-1.98565370592174,53.4553121299103],[-1.98804525510837,53.4606229464319],[-1.98058397442083,53.4631449672018],[-1.98846062289149,53.4700219427302],[-1.98761006917929,53.4810982643759],[-1.97463080957208,53.4879350608095],[-1.97271949190576,53.5024861582083],[-1.96338649315472,53.5098269363377],[-1.95133340013987,53.5041986576173],[-1.92197283458608,53.5099550318358],[-1.91676710720162,53.514495728125],[-1.92678028855831,53.520949070343],[-1.92244490315785,53.5308151970301],[-1.90962093258169,53.538391206829],[-1.89932224667775,53.5381123974562],[-1.89410947540448,53.5336118484913],[-1.87349280319238,53.540429331929],[-1.84182099603353,53.5199086744268],[-1.82715166390587,53.5235078725112],[-1.8222288058304,53.521091143843]]]},"properties":{"FID":100,"SICBL26CD":"E38000261","SICBL26NM":"NHS Derby and Derbyshire ICB - 15M","ICB26CD":"E54000058","ICB26NM":"NHS Derby and Derbyshire Integrated Care Board","BNG_E":426752,"BNG_N":353558,"LONG":-1.602107,"LAT":53.0786,"GlobalID":"17bcc8f4-d10b-461f-bf9d-2bf1ce9f5234"}},{"type":"Feature","id":101,"geometry":{"type":"Polygon","coordinates":[[[-0.495026518200818,52.640236103932],[-0.494773484778003,52.6403140488065],[-0.488823874144101,52.6328310127342],[-0.486108245244326,52.6344214649206],[-0.473503685413688,52.6282345782324],[-0.470961260233,52.6179533660102],[-0.47372926052315,52.6144332357707],[-0.479636889756453,52.6144498439879],[-0.481024038587736,52.6027868513696],[-0.485439962506192,52.6021800657609],[-0.490706912984055,52.5905342818889],[-0.497651588028113,52.5868509875073],[-0.491725041828868,52.581289381657],[-0.478834380908799,52.5774386471525],[-0.478815109339656,52.5736453002951],[-0.425027465035172,52.5824128099585],[-0.415381167531017,52.5787427750462],[-0.415694997392596,52.5701046428245],[-0.407290873526472,52.5640555581301],[-0.419593342375138,52.5589619796637],[-0.415338835933264,52.5515534470406],[-0.402060599035728,52.5483215303726],[-0.401283434180054,52.5386846448005],[-0.413602536648654,52.5256798038005],[-0.3907492178116,52.5194399140488],[-0.377926746618127,52.5106578337197],[-0.354345126604481,52.5064951908217],[-0.352175193975141,52.503325229994],[-0.359194265295882,52.497341537591],[-0.359396101742617,52.4898518676367],[-0.350068178554496,52.4825482072458],[-0.349717694840613,52.4728883752231],[-0.341590531472535,52.4669426072056],[-0.352892550066419,52.4610604476675],[-0.370216808891305,52.4399304669676],[-0.371866657683572,52.4368429402303],[-0.362408145959059,52.4335312237244],[-0.379458503789834,52.4279594748752],[-0.400946321878528,52.4154640901416],[-0.417072799337838,52.4115990817281],[-0.42027886468326,52.4050661190435],[-0.415936538146729,52.4038049486197],[-0.432919652229761,52.3963294963848],[-0.441509912690797,52.3849965662957],[-0.446221320542303,52.3832137159372],[-0.454937125843458,52.3857019293554],[-0.456832328444829,52.3823296610671],[-0.468290416773876,52.3828936218229],[-0.469888597492008,52.3798967093811],[-0.48476071763279,52.3816313012503],[-0.486737623227331,52.3790312463878],[-0.495946305900596,52.379515446236],[-0.488518732726267,52.3740235660345],[-0.49948691377122,52.3669928417504],[-0.498699843277914,52.360096164353],[-0.477682217209123,52.3489201148969],[-0.483263888946316,52.3409034239158],[-0.466656529654259,52.3389276042578],[-0.465365654032205,52.3229532744971],[-0.476261607696473,52.3180635793319],[-0.487141386439929,52.3210827904007],[-0.51982989519698,52.3176925125198],[-0.51405100138019,52.3146970530313],[-0.541969092558056,52.2899423754923],[-0.534003318232647,52.281191844362],[-0.531190075726973,52.2704023633628],[-0.539324995846566,52.2660946834342],[-0.541972249025452,52.2560727005901],[-0.554738544937602,52.2581796849165],[-0.565693322815629,52.2534683294845],[-0.588110869130691,52.2707784696352],[-0.586328305862752,52.272913908752],[-0.603249971863058,52.2787457173954],[-0.624818669333554,52.2756486650594],[-0.63141243557643,52.2700477559712],[-0.639908376108906,52.2724419328964],[-0.653655575629202,52.2682889963646],[-0.637331792921409,52.2273176291884],[-0.661460463513019,52.2081259002213],[-0.668135903447934,52.195034029345],[-0.684654011478228,52.1963360255171],[-0.701671492411906,52.1933084587495],[-0.729260287907191,52.1794732341556],[-0.738949653484291,52.1711775354785],[-0.749734760960737,52.1668767836316],[-0.75719096511671,52.1673289692291],[-0.761888577696333,52.1634811819262],[-0.765331496480897,52.1710992278948],[-0.777878129350273,52.1687708781929],[-0.792091128859791,52.1513294553876],[-0.801956644733455,52.1586787282915],[-0.807588082971615,52.1569790119012],[-0.814041358595816,52.1424723206722],[-0.831966594474488,52.1436834490151],[-0.828204869960686,52.1326105646314],[-0.832054852859118,52.1312587996424],[-0.86900135711918,52.1306196343189],[-0.880703205732458,52.1263382277114],[-0.880682843377542,52.1201906309328],[-0.887015459014899,52.1142095425605],[-0.87145032924143,52.1117534423062],[-0.865270006285974,52.1029374920325],[-0.86952939124574,52.1000371487297],[-0.857943173505202,52.0975184720126],[-0.854779056667086,52.0923543452021],[-0.846712589310994,52.0915087371726],[-0.831418075711131,52.0719470317291],[-0.839500160213546,52.0638275585895],[-0.857358640462418,52.0640905749328],[-0.862678592206322,52.0609340238384],[-0.860402821372058,52.0545254262854],[-0.852446743575193,52.0507051991632],[-0.85942282439064,52.0446021892402],[-0.867733960077935,52.0462209463351],[-0.871325791435742,52.0402517758881],[-0.877468788069621,52.0299715362982],[-0.883018583685248,52.0282413780785],[-0.890118295552869,52.0315606099443],[-0.906029926373322,52.0212212340026],[-0.930207182471279,52.0431269806898],[-0.937879993954931,52.061201914893],[-0.933744684542828,52.062636232111],[-0.939315968301619,52.062160028211],[-0.939279218658135,52.0673536174145],[-0.944390446805422,52.0700320273671],[-0.940056164622551,52.0758420747095],[-0.951873212759687,52.0815336238269],[-0.960762816403469,52.0786443390763],[-0.967805270174199,52.0709109206856],[-0.973357511076975,52.0727234508694],[-0.984279584848201,52.0697170186791],[-1.00483693139267,52.0734751809654],[-1.0128650385978,52.0715988698325],[-1.0263175911861,52.0756820312876],[-1.04232695553518,52.0737100294887],[-1.02955134095556,52.0701065773838],[-1.02766857838266,52.0637342449373],[-1.03906999617546,52.0660988316464],[-1.05295916652417,52.0596605080747],[-1.06206508671032,52.0627354345511],[-1.07165664645898,52.0581350551924],[-1.07665204686676,52.0588512572631],[-1.08327502215697,52.0523615242499],[-1.12198728352444,52.0451471803569],[-1.13666036202469,52.0222319155138],[-1.11808633809214,52.0154261437537],[-1.13125278793631,52.0048846275129],[-1.13432888783756,51.997296379368],[-1.15665097290725,51.9922344908384],[-1.16382376796738,51.9934121064633],[-1.1760546074237,51.9820452800689],[-1.19075606241344,51.9815108636733],[-1.19625996309684,51.9774314311563],[-1.22970010088509,51.9813673197719],[-1.24161224731688,51.9862933908823],[-1.26091580688804,51.9809259287438],[-1.28086525348053,51.9823641592218],[-1.28338485811519,51.9795405158843],[-1.28885877741594,51.9897255767514],[-1.28236218528277,51.9929150743026],[-1.28334475933865,51.9995395092471],[-1.27705118753099,52.0053319876076],[-1.28453997187265,52.0106652001659],[-1.27856664779458,52.011403559226],[-1.27814679189148,52.0142381870179],[-1.28532325699221,52.0264736058205],[-1.29431221628867,52.0280352251948],[-1.29186101007485,52.0319400617844],[-1.29754310517455,52.0427209744259],[-1.31291981603405,52.0514526585028],[-1.30737998581318,52.0575899447212],[-1.30776831582725,52.0643519080964],[-1.3021755170657,52.065018868569],[-1.30025655282433,52.0687160958718],[-1.3069030200852,52.070313586878],[-1.29750885136927,52.0780563668479],[-1.29936050069294,52.0801015301046],[-1.31816012736645,52.0799212138442],[-1.32116478673126,52.0870189315797],[-1.30796302794478,52.0922729427321],[-1.28712533375338,52.0926388629186],[-1.27228319489981,52.0978665399747],[-1.24808508673434,52.097160768683],[-1.25292770471157,52.1038744284355],[-1.276829452037,52.1170765544844],[-1.30843269954713,52.1435087649596],[-1.30642969345101,52.1455530172073],[-1.33189692992491,52.1684850568195],[-1.33148249920524,52.1741367037023],[-1.32281252638824,52.1818007596767],[-1.31819108799191,52.1814171367492],[-1.31313444146596,52.1904678140611],[-1.28364369833186,52.1916010488116],[-1.28113753086151,52.1957755172662],[-1.25498374535319,52.1978310983129],[-1.26091679016338,52.2159928794372],[-1.27527586586801,52.2220141449498],[-1.27690889121478,52.2251811644718],[-1.27259365909013,52.2275105932505],[-1.27843292006976,52.2287072610502],[-1.28464450212765,52.2385766423219],[-1.26689212022632,52.2352428069842],[-1.26516383697982,52.2416762279392],[-1.25174578117883,52.2486408340478],[-1.23516035216996,52.2492711748191],[-1.23219323349306,52.2547341056515],[-1.2159010679738,52.2639635799314],[-1.22356120012399,52.2868287407535],[-1.23378281022204,52.2903280376068],[-1.20923387171413,52.3152039675489],[-1.24638439657009,52.3216122790595],[-1.26535494407821,52.3283608082281],[-1.25801631931181,52.3372593562794],[-1.23338999717711,52.3465161729635],[-1.19825661107673,52.3529232544852],[-1.19201910271246,52.351044965371],[-1.17497303627436,52.3562899437136],[-1.17212644236914,52.36130099513],[-1.20161346760503,52.396731869975],[-1.18938145490413,52.3963823517099],[-1.18399188710427,52.392171153072],[-1.16422081108109,52.3992037596264],[-1.1565821229328,52.4000510779813],[-1.14935337761862,52.3970404761837],[-1.13853567999411,52.4020438192998],[-1.12926961122675,52.4161033449013],[-1.0980811662467,52.4251073153935],[-1.08438191926183,52.4362980752191],[-1.06932529427064,52.4335462725254],[-1.05997601064214,52.4235199227079],[-1.04998527250696,52.4222087374628],[-1.04949652415899,52.4258402422723],[-1.03427369698768,52.436285201244],[-1.03513359592376,52.4432462934804],[-1.04451069567765,52.4457481109689],[-1.02765810949275,52.4585775021551],[-1.0056366938463,52.4650260030659],[-1.00069268657567,52.4709405196336],[-0.979111761196151,52.4701323254843],[-0.967892011154814,52.4772039952712],[-0.951908140667443,52.4774239764626],[-0.942191889798865,52.4677725636159],[-0.909884988467514,52.4614886412394],[-0.904577900037688,52.4628793515562],[-0.900913458864006,52.4598413488414],[-0.889556847615321,52.4704405400305],[-0.882395503013113,52.4712828434211],[-0.884534751990181,52.4813070311959],[-0.898047322932328,52.4869183029962],[-0.895226007886411,52.4922127861565],[-0.882125699433406,52.4931658665864],[-0.878952403314605,52.4979936228172],[-0.883443136892834,52.5139701279219],[-0.872610588891274,52.5183994891052],[-0.868699345295689,52.5270030184297],[-0.861551042046677,52.527947661788],[-0.848387741557327,52.5202620820733],[-0.830627080136561,52.5194587660029],[-0.820323186156778,52.515623043309],[-0.8116862997456,52.5162595481446],[-0.808942181558086,52.5192516436515],[-0.788674869427597,52.5136580316669],[-0.774867355183957,52.5182763375647],[-0.757215625896606,52.5109491913842],[-0.726833368372141,52.5231635888863],[-0.715759757239099,52.5223443026722],[-0.70143918682985,52.5335524346963],[-0.701130307262463,52.5376774855059],[-0.696430564007663,52.5385465074998],[-0.697833478502912,52.5457022228193],[-0.688449283380691,52.5461372342591],[-0.677562568539917,52.5582919754481],[-0.67266348604234,52.5590308766826],[-0.671287189291007,52.5641060389044],[-0.660888473727551,52.5689219162184],[-0.649376688678319,52.5705427952421],[-0.646760998610091,52.5737917036907],[-0.638082008073977,52.5717755018947],[-0.603018909509496,52.5885911053013],[-0.588633872575001,52.5868058758938],[-0.581546904304758,52.5958683001025],[-0.577955904845962,52.5878980465095],[-0.571903500735076,52.5858034515956],[-0.562286286870465,52.5864611009624],[-0.558117764647155,52.5944839949205],[-0.544173563895507,52.5928883596111],[-0.542929478693586,52.5956834779183],[-0.55293880312722,52.6013489383643],[-0.547559188259854,52.6069561113202],[-0.550131070645429,52.6122506715567],[-0.539056883919724,52.6178754993626],[-0.540260791155507,52.6259658014141],[-0.523420097471446,52.6350920880715],[-0.517397312264087,52.6423794651607],[-0.495026518200818,52.640236103932]]]},"properties":{"FID":101,"SICBL26CD":"E38000262","SICBL26NM":"NHS Northamptonshire ICB - 78H","ICB26CD":"E54000059","ICB26NM":"NHS Northamptonshire Integrated Care Board","BNG_E":477359,"BNG_N":268708,"LONG":-0.866689,"LAT":52.31106,"GlobalID":"43c29f4c-a88a-44fd-aed3-7d8bf2de9b21"}},{"type":"Feature","id":102,"geometry":{"type":"Polygon","coordinates":[[[-1.96338649315472,53.5098269363377],[-1.97271949190576,53.5024861582083],[-1.97463080957208,53.4879350608095],[-1.98761006917929,53.4810982643759],[-1.98846062289149,53.4700219427302],[-1.98058397442083,53.4631449672018],[-1.98804525510837,53.4606229464319],[-1.98565370592174,53.4553121299103],[-1.99484833691612,53.4507185496616],[-1.99578757501026,53.4460209337374],[-2.00809491521576,53.4416165744356],[-2.00408968474453,53.4359613150579],[-2.01401884485527,53.4397972285887],[-2.02716464310044,53.4324600123039],[-2.02622369290305,53.4298021442255],[-2.03906672955332,53.4271163621245],[-2.05577754809585,53.431748893368],[-2.07956255002283,53.4261633534082],[-2.08571749077209,53.4291100933331],[-2.08403630092882,53.4340970607636],[-2.08904026066335,53.4373096351572],[-2.09748087913287,53.4370314570331],[-2.09669076356006,53.4336076207448],[-2.10243895949572,53.4326094722868],[-2.11600564210253,53.4407210738143],[-2.11991498371327,53.4363909156249],[-2.12305804690709,53.441078982276],[-2.12306336965993,53.4377171787379],[-2.14161966534799,53.4383463251176],[-2.14284657118249,53.4445452957626],[-2.15844038508741,53.454895812229],[-2.15027742727053,53.4579521838546],[-2.15278290701293,53.4632468095146],[-2.14682801134686,53.4676586432209],[-2.15048558116524,53.4728251820585],[-2.16149727499674,53.4748915584819],[-2.1679875483916,53.4800118320379],[-2.16928452588301,53.4881512658978],[-2.16305433849454,53.4928662938843],[-2.13622559945955,53.4919040532016],[-2.13143385894551,53.4982417898769],[-2.12066386049858,53.5011295086855],[-2.11970126360528,53.505637312243],[-2.10000358549413,53.5115777633322],[-2.09318427261459,53.5205800219142],[-2.05412544672742,53.5222692127066],[-2.0549381462695,53.5313609036092],[-2.02622006973885,53.5292694771655],[-2.01802942664382,53.5247147688949],[-2.01880473031258,53.5214032294193],[-2.00918908195726,53.5192263557676],[-1.99691886439356,53.5220514006102],[-1.96338649315472,53.5098269363377]]]},"properties":{"FID":102,"SICBL26CD":"E38000263","SICBL26NM":"NHS Greater Manchester ICB - 01Y","ICB26CD":"E54000057","ICB26NM":"NHS Greater Manchester Integrated Care Board","BNG_E":394977,"BNG_N":397992,"LONG":-2.077152,"LAT":53.47865,"GlobalID":"b9eab575-91b5-4575-8488-0ceeb12a8f92"}},{"type":"Feature","id":103,"geometry":{"type":"Polygon","coordinates":[[[0.0273612478689735,51.1398504787979],[0.0281524288133753,51.1177197172737],[0.0445605522520352,51.1106440885476],[0.0254500177295175,51.1090194925696],[0.0186188477949444,51.103575576175],[0.00950488508013248,51.1103919295747],[0.00503060999882985,51.1052592372643],[0.0104735029438667,51.1021826903789],[0.00293987390517739,51.1022920192458],[-0.0108651837308169,51.096498836777],[-0.0213167854444344,51.0967563787457],[-0.0261699464495483,51.0917496744806],[-0.0310437896080508,51.0925658519012],[-0.0268522014428208,51.0751129170743],[-0.0132566195437483,51.0739671183624],[-0.0149699717455982,51.0693521054276],[-0.00854810718895692,51.0564579601666],[0.0137253346507447,51.057012586883],[0.00772016454794355,51.0509069957507],[-0.00300228865095329,51.047563387918],[-0.00201640482320303,51.043067963645],[-0.00790396028872155,51.0389883980053],[-0.00156526459653931,51.0357550090579],[-0.0219132445035913,51.0265129680216],[-0.022172494329233,51.016785999148],[-0.0160078999335892,51.0148027863137],[-0.0200622479902926,51.0088828497941],[-0.0200435136472956,51.0032985393773],[-0.0156234563147576,51.0028323357403],[-0.0200759215554467,50.9854039786276],[-0.0246044705169119,50.9800251912683],[-0.0354521313956826,50.9773050356978],[-0.0367174577821209,50.9797923348723],[-0.0469855838358959,50.9812081116888],[-0.0614323622012438,50.9783925869842],[-0.0671887614940403,50.9890643599651],[-0.0767848559465562,50.9914531489685],[-0.0864193956703755,50.9891362273521],[-0.0931518665679473,50.9792273775385],[-0.108813826291866,50.980241797644],[-0.115284578696833,50.9761069349224],[-0.116307997547168,50.9671820395124],[-0.11053721440891,50.9678603117746],[-0.105518718505523,50.9644035145813],[-0.108348568313669,50.9587600293876],[-0.1041731110767,50.9464715270651],[-0.105426699652567,50.9431100331318],[-0.118058775555416,50.9452561370633],[-0.119726401152515,50.9423414821459],[-0.116875422029296,50.9410799338298],[-0.128386403052252,50.918934840913],[-0.135009818160834,50.8866345060496],[-0.137140869931893,50.8845792955711],[-0.144611688256483,50.8869799990396],[-0.152525941340822,50.8854441385355],[-0.152973091602848,50.8798623973621],[-0.168125999695692,50.8807482341671],[-0.165865263074259,50.8923323783393],[-0.169334246775521,50.8899344144431],[-0.17781360808033,50.8904728193312],[-0.182423193849754,50.8883247486127],[-0.182482975304136,50.8798402941057],[-0.189747536011032,50.8744160131446],[-0.187734640771827,50.868570351391],[-0.198987829420622,50.8701206471149],[-0.202637280649566,50.8758569489806],[-0.205401724717061,50.8700873451879],[-0.213882084407511,50.870464510778],[-0.214146985605172,50.8751794320774],[-0.225522402134053,50.8780679920431],[-0.23308798817473,50.8757275506606],[-0.245049866957784,50.8639413817277],[-0.23975310453851,50.8619523092809],[-0.235382483874168,50.8524119345497],[-0.216665652058183,50.8329623949833],[-0.216282182593006,50.8275818039112],[-0.216618662169297,50.8275952210789],[-0.238026283387758,50.8284406827953],[-0.244998350418523,50.8282071497392],[-0.245788995865103,50.8270349705985],[-0.246414267317815,50.8269775007958],[-0.246005774812351,50.8285307593156],[-0.238371939551106,50.83047404165],[-0.24802971521177,50.8290863337417],[-0.252095410912602,50.8310953058685],[-0.252299516704684,50.8310967008739],[-0.275306381490799,50.8312516889847],[-0.281328144721502,50.8338788313211],[-0.281700732834149,50.8340413595764],[-0.287500322188381,50.8405307756171],[-0.285601525397511,50.8333814979806],[-0.280241046400709,50.8313316867555],[-0.284245460821656,50.8293265748234],[-0.251541203278279,50.8302619406128],[-0.251499108238562,50.8302244000367],[-0.249133223589233,50.8264081655813],[-0.264036391808417,50.8261864416594],[-0.272917302021477,50.8269606183492],[-0.29021727502308,50.8252230167892],[-0.290541136688821,50.8251904625605],[-0.297636569599865,50.8239799715875],[-0.323324775633451,50.8195933551419],[-0.323544640435031,50.8195557822275],[-0.323878299594848,50.8194987611938],[-0.332299681598633,50.8175375390889],[-0.332510024616,50.8174885432981],[-0.332696992966186,50.8174449916167],[-0.360097154056747,50.8112766279918],[-0.360147582218566,50.8112675506987],[-0.378303288805367,50.8079977129583],[-0.378475859877316,50.8079753289791],[-0.388391469458141,50.8066887269771],[-0.388717578310044,50.8066691761173],[-0.389056566213708,50.8066488290026],[-0.405757176145418,50.8056451767907],[-0.405844120022708,50.8056379733426],[-0.43594348532793,50.8031400981125],[-0.436020660176655,50.8031369151256],[-0.452890726721973,50.8024399020283],[-0.453275232444777,50.8024407021795],[-0.495219208251373,50.8025201204088],[-0.507457698879614,50.8024699044443],[-0.522423522190713,50.802101941238],[-0.522759216279927,50.8020936653269],[-0.537078362835604,50.8021893843671],[-0.538128372787456,50.8021963379139],[-0.541917426466518,50.8014244410321],[-0.544987226111581,50.8050006620282],[-0.541986677686025,50.8002489983463],[-0.55945697482363,50.7997523901759],[-0.559732805981299,50.7997445279355],[-0.560309184657109,50.7997280963167],[-0.582480351050599,50.7950707673956],[-0.594261534710347,50.7925939326782],[-0.594454759819859,50.792553297742],[-0.594966106554661,50.7924457600238],[-0.605015953743632,50.7912132352089],[-0.62739559760787,50.7884665114947],[-0.642368509846778,50.7873467200736],[-0.642638239439758,50.7872914927896],[-0.646231181351573,50.7865557612101],[-0.648114391326667,50.7864106519409],[-0.656452170244785,50.7844620685892],[-0.658266130601594,50.7840903844445],[-0.658798424936868,50.7839813100557],[-0.659507387057873,50.7838360315769],[-0.671820652030134,50.7818302651147],[-0.672731596887987,50.7816944498286],[-0.688167845475178,50.7793917577111],[-0.716331098958073,50.7742655134157],[-0.716416006237349,50.7742500445114],[-0.728413305334909,50.7711473722496],[-0.732559731073215,50.768905557196],[-0.738579374449917,50.76635663741],[-0.739727163767191,50.7650177486289],[-0.742565548376322,50.7634778397574],[-0.744890328908418,50.7631474853703],[-0.744042047517011,50.763095196132],[-0.745286604998405,50.762889678547],[-0.743768946164645,50.7628249070573],[-0.752568798798031,50.7580504537968],[-0.754241057224587,50.7601184689146],[-0.752411057129192,50.7606584965236],[-0.749733709597395,50.7615031989414],[-0.750632861188642,50.762274829955],[-0.751691033382283,50.7631828889038],[-0.756888712544955,50.7676426191865],[-0.755373047599032,50.7719161523572],[-0.761526292769063,50.7727158514949],[-0.76309159880609,50.7729192291355],[-0.767056433843205,50.7719411303466],[-0.767485478686677,50.7718352765752],[-0.766801314434689,50.7718690080674],[-0.763324645266172,50.7720403534295],[-0.762997534093699,50.770793583592],[-0.762330937203273,50.7682526899481],[-0.781634377917352,50.7684713639845],[-0.777172550526254,50.7670171662916],[-0.785695615068233,50.7601375070146],[-0.786854383500342,50.7599013473389],[-0.772799075997144,50.7616409846658],[-0.761800601668765,50.7511394885751],[-0.761485524554337,50.7538961413115],[-0.750994762841008,50.7571697403398],[-0.7501292832482,50.7574402960648],[-0.753592872027918,50.7539471393585],[-0.756298134600668,50.7523942053056],[-0.756860292291442,50.7521572593742],[-0.756896199881425,50.7520508676208],[-0.757055100614437,50.7519596442032],[-0.756961709221921,50.7518567691699],[-0.757611326556088,50.7499319356719],[-0.757635459289044,50.7499078197401],[-0.759089931070316,50.7500792468899],[-0.759112495847267,50.7500422404991],[-0.759396059295001,50.7481484128178],[-0.77969908665096,50.7278664184911],[-0.779929753985611,50.7276988807854],[-0.7891668480937,50.7223605159129],[-0.804538668857002,50.7307539364831],[-0.817884720213515,50.7395151530493],[-0.818843748870153,50.7401445302225],[-0.821536944170706,50.7415395745709],[-0.829979962812743,50.7463003799258],[-0.832519235612802,50.7479965360179],[-0.833506645549363,50.7484254139097],[-0.834148003158628,50.7488169695822],[-0.835266255688616,50.7492804602741],[-0.842858878939924,50.7535596391477],[-0.867052207301382,50.7625166839238],[-0.868688472610704,50.7631233891178],[-0.87581374956699,50.7657582373761],[-0.902039961498244,50.7727948546495],[-0.916824395101302,50.780381826557],[-0.912485427384017,50.7888884664118],[-0.908413000068607,50.786538350409],[-0.915622966341174,50.7804426420333],[-0.905274955942435,50.7820385587843],[-0.901269345690038,50.7899030799131],[-0.894474877624861,50.7902076661905],[-0.89289369460465,50.7942998454925],[-0.890755749532505,50.7998317604549],[-0.877796685245669,50.8077127318676],[-0.868706976958658,50.8081314092839],[-0.865990501936546,50.806417957715],[-0.860329485447776,50.8028465656103],[-0.844726907625558,50.7992937119621],[-0.834983005620394,50.8047463973615],[-0.82518078524483,50.8048530154694],[-0.825119481703083,50.8056891331548],[-0.824798932052619,50.8100606494807],[-0.814494508573961,50.8143728049972],[-0.8168611416816,50.8194149591463],[-0.809723993295285,50.8271995358759],[-0.807788772497802,50.8305422604206],[-0.811478222445033,50.8304728913688],[-0.810746291349619,50.8332937200845],[-0.812926745612841,50.8305253821183],[-0.812012552638792,50.833926242174],[-0.817585798321848,50.828552910391],[-0.819744738402361,50.8168694784451],[-0.844574177105394,50.8048543824274],[-0.856969243466316,50.8075476195934],[-0.85585171175828,50.8102957319498],[-0.848777830475894,50.8107467935629],[-0.864755379687986,50.8117109327906],[-0.865838276924668,50.8127046838791],[-0.869938002517346,50.8164663570723],[-0.865638474568407,50.8209571116516],[-0.86313171792558,50.823574905492],[-0.851153603666065,50.8278281724731],[-0.86124487345675,50.828065555241],[-0.858062414524451,50.8394887568607],[-0.861898408580845,50.8379201077167],[-0.865205063505604,50.8388591662301],[-0.870893526400638,50.8404742627727],[-0.868942403918591,50.8342880163698],[-0.874067291002464,50.8325371051695],[-0.865761480984303,50.8269584461597],[-0.871386126511016,50.8239975960172],[-0.87687742861178,50.8114818409104],[-0.892312330433291,50.8185132800719],[-0.897034417453063,50.8288719313713],[-0.892547813717263,50.8347326548248],[-0.89503310792791,50.8385762450104],[-0.908714041068306,50.8377461050976],[-0.913204586293997,50.840078516801],[-0.917302582165629,50.8366182872565],[-0.912399553053592,50.8277119925136],[-0.908304140639035,50.8226737450345],[-0.906891389780626,50.8010055077978],[-0.908003092665566,50.7986040014131],[-0.911025906663843,50.800118797689],[-0.931661147356764,50.8136683577611],[-0.942576239196575,50.8153971820182],[-0.938608045101952,50.8178054852376],[-0.942389967037205,50.8243434680384],[-0.938074198236308,50.8315939654726],[-0.932962836382906,50.8429090301198],[-0.930052183194257,50.8417465880154],[-0.932120686788482,50.8454158299844],[-0.932217173077177,50.8455869697566],[-0.932257271117979,50.8456580921379],[-0.933497064496396,50.854684881605],[-0.926450215010537,50.8640917371489],[-0.957581883022309,50.8906298585573],[-0.940003717331743,50.9182956345089],[-0.924013709173276,50.9241988697214],[-0.935210002165627,50.9410058253887],[-0.942109946202666,50.9428941162836],[-0.931847057881476,50.9455805277774],[-0.926521910837194,50.9525258050869],[-0.929224492267584,50.9584278922497],[-0.915539961918597,50.9706051195635],[-0.91775835220601,50.9784617327396],[-0.907864255789125,50.994241143011],[-0.900342135178427,51.0012182038492],[-0.893347383676421,51.0027425153506],[-0.897806700087615,51.0103147363909],[-0.897126049163215,51.0218100110982],[-0.882656795573282,51.0268621457045],[-0.852810763965319,51.0448432984147],[-0.850112624035001,51.059336350197],[-0.842847974402447,51.0668868289812],[-0.829989325294139,51.0681723418939],[-0.829749231056173,51.0634712921622],[-0.819517185736039,51.0606500070524],[-0.814504516905445,51.066680137438],[-0.81156318568501,51.0629802654007],[-0.797762685670439,51.0635558410415],[-0.780786834808331,51.0793752749771],[-0.753480553956879,51.0864557215448],[-0.735579077216076,51.0847014706398],[-0.723466661744655,51.0778229263738],[-0.706682341882737,51.0787609838146],[-0.696739580005098,51.0714937735356],[-0.629370869570661,51.0889927632915],[-0.601139243870067,51.0796996820063],[-0.577592487530972,51.0866537886671],[-0.539198985925027,51.082026415433],[-0.532618631668221,51.0860905820434],[-0.534979241839739,51.0935788928491],[-0.52638809174613,51.091866762213],[-0.526945332351442,51.0896056584034],[-0.523170882306629,51.0916067187054],[-0.503021139173386,51.0885551349367],[-0.488519780398929,51.0973405453014],[-0.444849692110999,51.0995927143343],[-0.441444212165469,51.1032971688456],[-0.438827260567719,51.1002974348581],[-0.442503587064906,51.0981278881804],[-0.437551806093938,51.0980984523183],[-0.419313272971492,51.1051755324018],[-0.400218473301333,51.1084196164578],[-0.391524830580325,51.1165108291473],[-0.38463097039625,51.1147412507516],[-0.358033293568593,51.1210302094846],[-0.352804713191814,51.118301032968],[-0.344329358537599,51.1189259615335],[-0.326426797847014,51.1258150881173],[-0.303836543522397,51.1243844454907],[-0.286389226160905,51.1304925029211],[-0.275290884590369,51.1303084751613],[-0.254613106646882,51.1390503275425],[-0.255167725909686,51.1441406381112],[-0.214234228140875,51.1484642106838],[-0.212142101857968,51.1554548533781],[-0.204109629316448,51.1557113295808],[-0.195921388786694,51.1623023218927],[-0.186852314744283,51.161671559732],[-0.177715336446863,51.1672990739635],[-0.16242740276194,51.1600732962286],[-0.133103649920837,51.1592125170473],[-0.137571386441354,51.1421595781661],[-0.13102464993145,51.1394831298534],[-0.117262336568945,51.1415998004149],[-0.0936903003217341,51.1384264485306],[-0.0851694889826012,51.1427668848501],[-0.0632036774400726,51.1412575956602],[-0.0563257237877026,51.1367655622342],[-0.041850498479448,51.1395773280423],[-0.02460104070425,51.1385794291523],[-0.0183252061352613,51.1411927403071],[-0.00658889558814682,51.1375688424611],[0.0273612478689735,51.1398504787979]]]},"properties":{"FID":103,"SICBL26CD":"E38000265","SICBL26NM":"NHS Surrey and Sussex ICB - 70F","ICB26CD":"E54000069","ICB26NM":"NHS Surrey and Sussex Integrated Care Board","BNG_E":508316,"BNG_N":118010,"LONG":-0.459336,"LAT":50.95135,"GlobalID":"0a88c623-f531-4964-9a7a-8629397b5036"}},{"type":"Feature","id":104,"geometry":{"type":"MultiPolygon","coordinates":[[[[-1.28292173108355,50.7297199501257],[-1.29097776317691,50.7087599850781],[-1.29221801179883,50.7055315436353],[-1.2915935863307,50.7018907965874],[-1.29147837979288,50.7015863631839],[-1.2904035127196,50.6987458874283],[-1.29002785990504,50.6977449392888],[-1.28970932165196,50.6991447161831],[-1.28940267519461,50.7004881003318],[-1.28937372612922,50.7006146714948],[-1.29102720186447,50.7065579499544],[-1.2910865053432,50.7067779260642],[-1.29069620847157,50.707416258355],[-1.28988576272063,50.708569713003],[-1.28927552572651,50.7097396267222],[-1.27606852402623,50.7313555551715],[-1.27563520980144,50.7317242862666],[-1.2758753922053,50.7319370709858],[-1.28638294741161,50.7405506755885],[-1.28658256713662,50.7412257533643],[-1.29042653829969,50.7542205740056],[-1.2904659050356,50.754353615722],[-1.28833993342054,50.7629644117407],[-1.28047523213553,50.7653576290935],[-1.27554417210106,50.7656572805441],[-1.26799231038251,50.7629364696775],[-1.25715005390764,50.7557008235114],[-1.25683091761488,50.755323256597],[-1.25661120327659,50.7550633115084],[-1.25514129269615,50.7545589675334],[-1.24856393522394,50.7512259548533],[-1.24428175337594,50.7485549124104],[-1.23922967723529,50.7438581078603],[-1.23864368806092,50.7437242237821],[-1.23860144693855,50.7437145719982],[-1.21420833775389,50.7381380179897],[-1.21453131507649,50.7375737116396],[-1.22354249407228,50.7313597993964],[-1.22440434308359,50.7283369770688],[-1.22509348453052,50.7259196172347],[-1.22546148760161,50.7246286543127],[-1.22493994489551,50.7253106984914],[-1.21988791310435,50.7319163850224],[-1.2198040458423,50.7320260265049],[-1.21755528485512,50.7349656488234],[-1.21620741305307,50.7349089672717],[-1.21612333137367,50.7349054308554],[-1.21443225973493,50.7348342934793],[-1.21453483766021,50.7341532697859],[-1.21248849000166,50.7347524962948],[-1.18266124964741,50.7334932026085],[-1.1746303388085,50.7333838516769],[-1.161825348704,50.7332095313821],[-1.16017581176672,50.7331869884517],[-1.15592767320727,50.7321153114854],[-1.15570871879172,50.7320600703934],[-1.15120799647691,50.7309244347922],[-1.15049642135387,50.7307448513456],[-1.15037252439377,50.7307135822519],[-1.14489925791069,50.7293320697066],[-1.14375395859592,50.729042941227],[-1.13766277655994,50.7272797348909],[-1.13759844237131,50.727261109677],[-1.13684937604013,50.7270442472956],[-1.10970780844137,50.7215633037039],[-1.10156348915349,50.7076694689468],[-1.10139384646937,50.7073799776082],[-1.09779900643064,50.7061351911383],[-1.09614291250082,50.6942314089043],[-1.1038876421946,50.6962619782948],[-1.10283024136577,50.6997835935563],[-1.10797011947732,50.6938516664006],[-1.10826190426559,50.6935148670565],[-1.09830798399017,50.6905120242449],[-1.09551329097405,50.6936652064831],[-1.09484704182239,50.6944168439423],[-1.09362054763937,50.6958004573975],[-1.08376685884973,50.6946185413397],[-1.0819117634052,50.6941736311268],[-1.07067279078109,50.687928241152],[-1.06983492669321,50.6838808681837],[-1.09470570418184,50.6719836599657],[-1.09763838860091,50.6658298781028],[-1.09805247534114,50.6652268156224],[-1.10894638097618,50.665509215311],[-1.10903167302575,50.665496941482],[-1.10931640283207,50.6654559676493],[-1.13259640027527,50.6621032851691],[-1.15190026551263,50.6543604642162],[-1.15223137860683,50.6541660423947],[-1.15226244720119,50.6541478003473],[-1.15259660267148,50.6539515884185],[-1.16008387995217,50.6495544779734],[-1.16045416271274,50.6493369855962],[-1.16599999285905,50.644007011603],[-1.16738254704497,50.6407223184914],[-1.16802903071543,50.6400612851259],[-1.17377300840854,50.6218454109297],[-1.17280248805707,50.6198315077568],[-1.17336418154552,50.6167652722397],[-1.174853831072,50.6087726757755],[-1.17921395509798,50.6022699148705],[-1.18260622067861,50.5983951851549],[-1.19620226148424,50.5951193434386],[-1.21020977848107,50.592608201237],[-1.24284732205311,50.5827821038664],[-1.24988523038878,50.5808819708979],[-1.26910719759248,50.5795670672276],[-1.29964623292,50.5759040273835],[-1.30349596566832,50.576488266453],[-1.31816381545215,50.5894543077931],[-1.33946516395556,50.6017897881434],[-1.34358650927391,50.6032244580218],[-1.34451266520427,50.6037397580507],[-1.3471583039536,50.6044676328885],[-1.35060890195436,50.6056684561893],[-1.36672636994685,50.6138411937079],[-1.37393834078341,50.6180151235932],[-1.38985166317769,50.6272209548419],[-1.40569922483409,50.6315245970973],[-1.43568422703762,50.6401561865775],[-1.44726963068313,50.6434882930824],[-1.45337069749281,50.6467111004492],[-1.47843189144333,50.6622905269088],[-1.47847154940514,50.6623178892523],[-1.48449901538063,50.6667487024508],[-1.48497825227426,50.6668065752788],[-1.48518299364819,50.6669477965988],[-1.5110357638081,50.6700032650005],[-1.53242699421015,50.6667924273824],[-1.57351375212747,50.6609195462089],[-1.58652931043928,50.6631230269529],[-1.58091869015237,50.663878437602],[-1.56991750883748,50.6653548307488],[-1.56987050145873,50.665365095541],[-1.56987017026566,50.6654233140755],[-1.56982476836565,50.66555623474],[-1.56933009307736,50.6656281259125],[-1.56957111162001,50.6735198234775],[-1.54897819354726,50.6778656665697],[-1.54847954746343,50.6784110815262],[-1.54843746308858,50.6784207731161],[-1.54840972941794,50.6784874469749],[-1.54824382608812,50.6786689063695],[-1.54800492703449,50.6787281744283],[-1.54785842448536,50.6790904411008],[-1.53825131911865,50.6895953952219],[-1.53820388613848,50.6897371040281],[-1.5375993989851,50.6915429892959],[-1.53560351050869,50.6920403274184],[-1.53204659066727,50.7019948116821],[-1.5313209846934,50.7023699232211],[-1.52379131514764,50.7062618242684],[-1.50298577036132,50.7067351420544],[-1.50967039709627,50.7058149548162],[-1.50457226778353,50.7046764153411],[-1.50493588646663,50.7013321945853],[-1.50279396415519,50.7030208214389],[-1.50338109431954,50.6971215635769],[-1.50226385442806,50.6995360184196],[-1.4998352834462,50.6979536864391],[-1.50340420336797,50.6968893360331],[-1.50802907347937,50.6960305693783],[-1.50389028995877,50.6951416723084],[-1.50509146036756,50.6936671917479],[-1.49905982817654,50.6942186606568],[-1.50194540847583,50.6952442032627],[-1.4980086136445,50.6980098451588],[-1.4978537377953,50.6981186373015],[-1.50134966395385,50.7009673574149],[-1.50004609967704,50.7007141170057],[-1.49743812617385,50.7002074202595],[-1.4967568814384,50.702704483186],[-1.50100840509995,50.7017271699998],[-1.50391018583695,50.70567304273],[-1.49395164948314,50.7068433066619],[-1.48718345104419,50.7068168364053],[-1.48706989053732,50.7068152811727],[-1.47620868416264,50.7089261229222],[-1.47011842537386,50.7096403862143],[-1.43468636472833,50.7232910598395],[-1.42796816812406,50.7258771433257],[-1.41581087333747,50.7251659456996],[-1.41205712689479,50.7245604154246],[-1.42116745370044,50.7246726916925],[-1.41275726722439,50.7211358409126],[-1.41196104310128,50.720800934099],[-1.41307297874193,50.7204624993667],[-1.41826181648191,50.718882992623],[-1.41378534352746,50.7189431144606],[-1.41246284709713,50.7189608428904],[-1.41552187194431,50.7152388697613],[-1.41674834731595,50.7137464029653],[-1.41604748190238,50.7141175388192],[-1.41352937171056,50.7154509405222],[-1.41303627021256,50.7035437485043],[-1.41290007072832,50.7115098054481],[-1.4070236541655,50.7085558837714],[-1.41219349002374,50.7143415835933],[-1.40244361442605,50.7092928256688],[-1.39972328970796,50.7107770630934],[-1.40929456323759,50.7159082201788],[-1.4099015090023,50.7164919353497],[-1.40783576374849,50.721257512246],[-1.40347938499462,50.7244571192545],[-1.4087447148476,50.7179246199918],[-1.40918399744268,50.7160891415634],[-1.40394236051302,50.7208491400326],[-1.39989415065201,50.7165918031101],[-1.39742936720994,50.719174385758],[-1.39226301873653,50.715532389326],[-1.37952121530057,50.7163383087813],[-1.37667300499211,50.7106468057879],[-1.37932903706301,50.7174628252164],[-1.36992457213877,50.7198235943614],[-1.38924155968313,50.716634277893],[-1.39521034127393,50.719744702501],[-1.38971857547376,50.7200076073489],[-1.39277235648464,50.7227095154764],[-1.38614325931585,50.722636044908],[-1.40008250348922,50.7241467388068],[-1.3959829009903,50.7263224586354],[-1.40115555458431,50.7272152184419],[-1.4078078343547,50.723813131089],[-1.40947513968831,50.7251221705117],[-1.4087784193846,50.7255858020292],[-1.35332978714586,50.7390865604206],[-1.34611906054288,50.7464639032173],[-1.34596264747159,50.7466238986169],[-1.34253342798235,50.7526405277117],[-1.32807907917599,50.7579520287221],[-1.3203121640024,50.7651934983441],[-1.3197221724152,50.7653941872541],[-1.31152733705542,50.766686813635],[-1.30810271485037,50.7672164234634],[-1.29996575904194,50.7669481259751],[-1.2997225223627,50.7666229968304],[-1.29543530883191,50.7600150509805],[-1.29537672870629,50.7599787400939],[-1.29274446613483,50.7583470754127],[-1.29218869371711,50.7580025487089],[-1.29253971576834,50.7564445771013],[-1.29383038663976,50.7507151452024],[-1.29385961796168,50.7505853640006],[-1.28776132678747,50.7341389720291],[-1.28745856317761,50.733862550393],[-1.28292173108355,50.7297199501257]]],[[[-1.00531638074112,50.8337934113197],[-1.00237994162694,50.8293239689987],[-1.00897035920441,50.8333163600221],[-1.00531638074112,50.8337934113197]]],[[[-0.96910319746011,50.8345330488794],[-0.970280425601462,50.8307259117336],[-0.963643218391542,50.8334334163732],[-0.957278996215084,50.8313092648],[-0.951026190824232,50.8239788880996],[-0.957602769372298,50.815798451951],[-0.957057022449932,50.8073429334254],[-0.961209020723093,50.8113512200491],[-0.971052405120429,50.8106424409905],[-0.961723438876531,50.809272118543],[-0.965169303953304,50.8065211656047],[-0.970987782049813,50.8079683480807],[-0.971313739605224,50.808049409123],[-0.973387965922701,50.80879695544],[-0.971467190102528,50.8063943585184],[-0.970882114188852,50.8056624636445],[-0.968970797226884,50.8027409172838],[-0.958607335379369,50.8047011723958],[-0.958131770921413,50.8044064614595],[-0.957138376719738,50.8037908285985],[-0.952744881946138,50.8010677664928],[-0.95305930858341,50.8009262927766],[-0.95706379383582,50.7991243570385],[-0.956449949588187,50.7970217427618],[-0.956150200039041,50.7959949378619],[-0.955824634932635,50.7948796471106],[-0.955484265733958,50.7937135844154],[-0.96273510069016,50.7894579877714],[-0.96786139643599,50.7901490906391],[-0.967338515464135,50.7871525640212],[-0.957552236915261,50.7897877478385],[-0.95130748967383,50.786906250576],[-0.951194460507159,50.7842172605302],[-0.961422624532384,50.7822249939807],[-0.949271372155985,50.7831207995632],[-0.943205639509742,50.7867127095724],[-0.937011508039178,50.782532335031],[-0.936808134788176,50.7868111146276],[-0.936469449377521,50.7781541096916],[-0.9464554455599,50.7771267851716],[-0.978701192689505,50.782625527711],[-0.98309389607669,50.7829449875035],[-0.991125074537772,50.7835286223966],[-1.00705723302044,50.7849879871001],[-1.00856664028997,50.7847941763614],[-1.02018584338791,50.7856357770951],[-1.02533099192435,50.7953983373186],[-1.02422897372883,50.7954714565273],[-1.01988901418045,50.7957593112073],[-1.02022574538205,50.7954379452022],[-1.0219476832304,50.7937944960562],[-1.01759437014897,50.7924512765454],[-1.01731594851385,50.7951774013367],[-1.00586428314064,50.7932872746079],[-1.00136170080273,50.7952779736957],[-0.994896275669133,50.7981358972598],[-0.983331962594238,50.820759156309],[-0.986794980331782,50.8269018327409],[-0.977800813628966,50.8329991929237],[-0.96910319746011,50.8345330488794]]],[[[-1.0184837675862,50.8381658491997],[-1.010246324836,50.8349576637902],[-1.01695548979847,50.8368867299232],[-1.02397328421119,50.8329913907263],[-1.0240716246018,50.8329353016816],[-1.02413754612386,50.8329374475703],[-1.02158698720663,50.8373833388325],[-1.0184837675862,50.8381658491997]]],[[[-0.759622193007822,51.1048660352678],[-0.768913444876945,51.1032699915116],[-0.759238540024445,51.1032593454652],[-0.754314427768882,51.0958761223204],[-0.758888390305733,51.090841479233],[-0.753480553956879,51.0864557215448],[-0.780786834808331,51.0793752749771],[-0.797762685670439,51.0635558410415],[-0.81156318568501,51.0629802654007],[-0.814504516905445,51.066680137438],[-0.819517185736039,51.0606500070524],[-0.829749231056173,51.0634712921622],[-0.829989325294139,51.0681723418939],[-0.842847974402447,51.0668868289812],[-0.850112624035001,51.059336350197],[-0.852810763965319,51.0448432984147],[-0.882656795573282,51.0268621457045],[-0.897126049163215,51.0218100110982],[-0.897806700087615,51.0103147363909],[-0.893347383676421,51.0027425153506],[-0.900342135178427,51.0012182038492],[-0.907864255789125,50.994241143011],[-0.91775835220601,50.9784617327396],[-0.915539961918597,50.9706051195635],[-0.929224492267584,50.9584278922497],[-0.926521910837194,50.9525258050869],[-0.931847057881476,50.9455805277774],[-0.942109946202666,50.9428941162836],[-0.935210002165627,50.9410058253887],[-0.924013709173276,50.9241988697214],[-0.940003717331743,50.9182956345089],[-0.957581883022309,50.8906298585573],[-0.926450215010537,50.8640917371489],[-0.933497064496396,50.854684881605],[-0.932257271117979,50.8456580921379],[-0.932477907919786,50.8460494372293],[-0.93220222103094,50.843428873817],[-0.937570439115519,50.8444106095429],[-0.940011964415762,50.841907570948],[-0.951230558650446,50.8440161323528],[-0.956186029832178,50.8396935399286],[-0.956820417797168,50.8397842056071],[-0.957890657690773,50.839937153532],[-0.974458244173659,50.8423034842743],[-0.981420804407408,50.8349280849224],[-0.983378082881504,50.8382384435697],[-0.987563130070159,50.8399529326324],[-0.985976018285814,50.8378230536424],[-0.989645058966675,50.8376588799219],[-0.994739534989422,50.8403113332325],[-1.0011889802698,50.8436684839342],[-0.996649738802726,50.8466394932584],[-1.00090882606922,50.8448818979122],[-1.0007982093221,50.8505832749039],[-1.00078254751953,50.8513917364961],[-1.00100733444943,50.8504338519332],[-1.00274831335135,50.8430144997266],[-1.00318819948421,50.8430192268921],[-1.01990951706716,50.8431977122986],[-1.02062532534392,50.8390587400968],[-1.02478215385597,50.8459768798839],[-1.02310625669086,50.8527725494876],[-1.06214042240369,50.8554743636626],[-1.06611230888947,50.8584908799043],[-1.07563184222974,50.8563940797408],[-1.09406221925529,50.8592996459987],[-1.0998824004712,50.8571531253861],[-1.11584820616141,50.8582717263486],[-1.11819131519392,50.8442177698014],[-1.1130634309024,50.836109935125],[-1.11314292875302,50.836106084497],[-1.13685245187815,50.8383053473903],[-1.13695335037079,50.8383235816158],[-1.14922029129127,50.8405397160052],[-1.15212864755363,50.8410649158116],[-1.15233311379879,50.8411273954284],[-1.15378329778755,50.8447728509702],[-1.15382212728443,50.8447643784266],[-1.15383668408532,50.8448072337574],[-1.15425487198112,50.8447146003945],[-1.154329577075,50.8448950692725],[-1.1624453129281,50.8428999533245],[-1.16769541378484,50.8417363775611],[-1.17267102974854,50.8406498675857],[-1.17572208867964,50.8461584149991],[-1.17672068235319,50.8479610202608],[-1.17613930599273,50.8479845881032],[-1.16925900270228,50.8482632735847],[-1.16825966567349,50.850322549936],[-1.16741464254733,50.8520637733135],[-1.16698654697926,50.8529458466725],[-1.16935951262614,50.8495652518224],[-1.17637859969686,50.849031918939],[-1.17896540896825,50.8488352542921],[-1.17899497774783,50.848700798368],[-1.17574846865719,50.8421113891865],[-1.17934678604644,50.8374759789633],[-1.17937389899321,50.8374410474969],[-1.17839213433729,50.8380006298108],[-1.17777884365544,50.83833903671],[-1.17614813205093,50.8392682027068],[-1.17609982788125,50.8392603342945],[-1.16645190474856,50.8376882225432],[-1.16650488200634,50.8347173395904],[-1.15895270004383,50.8384824849203],[-1.15851898559863,50.838698679374],[-1.15167107062104,50.834151608739],[-1.15011332414973,50.832351066003],[-1.15025735291431,50.8267689357923],[-1.15479339943076,50.8245398836475],[-1.15503754523539,50.8244198969221],[-1.15712788560855,50.8233925416846],[-1.14950048779999,50.8251268958744],[-1.14577959503564,50.8259727331584],[-1.14094385341218,50.8163066239704],[-1.14019058573636,50.8158610623938],[-1.14007426252031,50.8157922558244],[-1.13967510648339,50.8155561463918],[-1.1238152813139,50.8061718815321],[-1.13120685541112,50.8051794300094],[-1.13606524840628,50.8045268267465],[-1.13444774522871,50.8021170489744],[-1.13382177040983,50.8022549020407],[-1.12373864023064,50.804126373458],[-1.12231569044576,50.8000049828556],[-1.12182887383154,50.7996419311656],[-1.12139100115174,50.7993153731576],[-1.11723046077293,50.7962122102125],[-1.11657262913995,50.7957215118509],[-1.11868510858975,50.7912132399556],[-1.12828138745148,50.7917700694053],[-1.12694717361466,50.7892852583005],[-1.13068465392429,50.788796998008],[-1.13622325447839,50.7903408379741],[-1.13399718157132,50.7887882774908],[-1.13180409650373,50.7872585997352],[-1.13863061979218,50.7851876818321],[-1.13712029039087,50.7851681443703],[-1.13297310336003,50.7851143998619],[-1.12686948545871,50.788290064915],[-1.12492200373915,50.789303164087],[-1.1243592829644,50.7895958830828],[-1.12405452373828,50.7895349764413],[-1.12328547005588,50.7893812748362],[-1.11641588726261,50.7880080658641],[-1.11309827756289,50.7913443969034],[-1.11227694179695,50.7893444128274],[-1.12477292433823,50.7821512711451],[-1.12485524392985,50.7821027720238],[-1.13929041123315,50.7743260498241],[-1.14986063190469,50.7783217008502],[-1.14996645651038,50.7783773642052],[-1.1503454677461,50.778576720667],[-1.15976952167732,50.7835326047793],[-1.16011147744884,50.7837271282799],[-1.16015233162381,50.7837338782111],[-1.1613737338442,50.7843760447997],[-1.17595245295339,50.7864523551458],[-1.18100073112445,50.7878676661254],[-1.1838992851201,50.7888189502938],[-1.19102807927998,50.7911635073495],[-1.19940627873573,50.7971178168284],[-1.21414762202561,50.8092966359292],[-1.21439471213528,50.8093741575525],[-1.24289509871073,50.8183104926557],[-1.24310370502196,50.8182454788348],[-1.24315217466034,50.8182303732066],[-1.24617954297963,50.817286808195],[-1.26690582375664,50.8272249568438],[-1.26720873178314,50.8273701419371],[-1.30640856372924,50.8406796699191],[-1.30800554206901,50.845250300765],[-1.3033356212654,50.8485751024763],[-1.30772465610308,50.8631092541489],[-1.30782006296877,50.8634251570951],[-1.30575564220435,50.8743935790314],[-1.30541250170778,50.8746211880745],[-1.29634545988452,50.8792565562087],[-1.30204106567659,50.8836423255513],[-1.30009648579789,50.8854381750343],[-1.29798132835706,50.8870123437098],[-1.28774012504024,50.8917374990121],[-1.28711886167591,50.8953631010957],[-1.26551163849173,50.8977478623134],[-1.26524777971993,50.8979082597053],[-1.25600813620225,50.903523900663],[-1.2620457456904,50.903736178994],[-1.26117552232237,50.90296497296],[-1.26102997247959,50.9028329772215],[-1.26282741094703,50.8997822503917],[-1.27907956849998,50.8972650484072],[-1.28081894997402,50.8993710294182],[-1.28023436203594,50.897164243611],[-1.28905479997748,50.896159062769],[-1.28981303548167,50.8937948632309],[-1.28999020178795,50.8919659029359],[-1.29352108337152,50.8927707771998],[-1.29469326596182,50.8929379959765],[-1.30511161554836,50.883073355982],[-1.30021014706779,50.8794641372247],[-1.31290116596401,50.8764449396822],[-1.31436532792582,50.8733554145085],[-1.31341119148967,50.8723719725914],[-1.31259122045942,50.8715267744088],[-1.3094073650389,50.8687781797096],[-1.30970281120682,50.8684618312988],[-1.31313262762703,50.8650759483708],[-1.31243633005116,50.854773640051],[-1.31773824923346,50.8541867924472],[-1.31021533093694,50.8506652528003],[-1.31264952843521,50.8488674989926],[-1.33190855064143,50.8571056591698],[-1.36400845122415,50.8792775943923],[-1.36511119785051,50.880038751102],[-1.38312553935544,50.8893844750922],[-1.38275514180771,50.8972535783382],[-1.38272715993989,50.8978479431135],[-1.38245311047603,50.8979649582517],[-1.38252070466166,50.8981359625814],[-1.38483538441716,50.9039910631456],[-1.37178764435642,50.9119607996544],[-1.37216544078783,50.9122930057241],[-1.37233258322541,50.9124399758038],[-1.3767477171279,50.916321848389],[-1.38553512385367,50.9146851343794],[-1.38765250195773,50.9170200518224],[-1.37690718286638,50.9218468992228],[-1.38013320294887,50.9305303417324],[-1.38076652066406,50.9322294674654],[-1.38083238690649,50.9324061713278],[-1.38081673669763,50.9321911264976],[-1.38002211476626,50.9212709053789],[-1.38919343269586,50.9191656506232],[-1.38927097963852,50.9185332953549],[-1.38927415395492,50.9185074158517],[-1.38968402309308,50.9151647838416],[-1.37751590942638,50.9113063319423],[-1.388281272141,50.9050292952828],[-1.38827677235282,50.904879285875],[-1.38799378075025,50.8954432700669],[-1.39286115422394,50.8948878822274],[-1.38839278651565,50.8941828130695],[-1.39266401002129,50.8884031544274],[-1.39639054987442,50.8925600900212],[-1.39327084197526,50.8830557238962],[-1.39948910086346,50.8883325031717],[-1.39902240076432,50.8945485156857],[-1.4008217835614,50.8902853813678],[-1.40354168653182,50.8956283718855],[-1.41672703874445,50.9005645154562],[-1.41780819432377,50.9009000486203],[-1.41823157215843,50.9010314385022],[-1.43248580173196,50.9054537044529],[-1.44044254559556,50.9079211619149],[-1.44096436395827,50.9080829545675],[-1.44102960918324,50.9080567557108],[-1.45098061575981,50.904060284871],[-1.46459944052408,50.9099974261348],[-1.46475794248893,50.9101586767226],[-1.4734557353797,50.9195480996458],[-1.47357447694535,50.9196762508466],[-1.47412842752142,50.9204219234515],[-1.47527296569346,50.921509247349],[-1.47872454973045,50.9252336289605],[-1.47879054718314,50.9254015367123],[-1.4792628151023,50.9266028341068],[-1.48273081237447,50.9248774423874],[-1.47684595895595,50.9207208187585],[-1.47672932351917,50.9203421715838],[-1.47661240442159,50.9199625965723],[-1.47406984111189,50.9117064803979],[-1.47903921926408,50.9164474291177],[-1.47840958924323,50.9125903196234],[-1.47824152537295,50.9119762482886],[-1.46179951649547,50.9035723564651],[-1.46154165754307,50.9034405192651],[-1.45232700190617,50.9003481575212],[-1.44196390713837,50.9020536063344],[-1.43256703213584,50.8987538594522],[-1.42677738010354,50.896720263813],[-1.42570284415117,50.8947901921648],[-1.42184978337485,50.8950260969921],[-1.42040419499883,50.8916749596154],[-1.42007243382078,50.890905808387],[-1.40061852827747,50.8769979946571],[-1.39750161645737,50.8747685929374],[-1.4007682788813,50.8719465744454],[-1.3956900217931,50.8691012508123],[-1.39524622015575,50.8688157458126],[-1.38831643780869,50.8643570269555],[-1.38797912177433,50.8642422305253],[-1.3879035729799,50.8642165186344],[-1.38414585790668,50.8629205632339],[-1.37916017822496,50.860137831811],[-1.38156765730142,50.8590140242658],[-1.37337131815439,50.8569765428845],[-1.37678378257521,50.8538906726091],[-1.37236873614104,50.8552490495979],[-1.35270689897512,50.8481432502489],[-1.36051272275992,50.8429123519179],[-1.35169828700469,50.8465064081278],[-1.35407557728012,50.8419109530193],[-1.3505506411226,50.846300341187],[-1.34214108608634,50.844337646396],[-1.33456761751743,50.8374574897594],[-1.34033661393387,50.8344032185273],[-1.33924686541595,50.8264962254611],[-1.32605596145988,50.8275500068998],[-1.32838982133581,50.8239124871359],[-1.32391575670012,50.8273178089409],[-1.32219165039129,50.8224012273101],[-1.32751373597159,50.8239209110295],[-1.32187471864713,50.8214973308569],[-1.32155863466644,50.8205958166559],[-1.32485885730058,50.8175401731413],[-1.32609137360718,50.8166025972424],[-1.32574161764435,50.8167927995064],[-1.32603319309803,50.8165546127218],[-1.32586574234531,50.8165811508091],[-1.32597952615599,50.8164859453405],[-1.32558542667853,50.8166255747119],[-1.31736600027667,50.8179278731914],[-1.31818317440812,50.8186661434869],[-1.31718789711139,50.8196003478127],[-1.31697563095151,50.8196755367464],[-1.312615566251,50.818907816809],[-1.31049501224103,50.817257775347],[-1.31063822658254,50.8169223238644],[-1.31398277932326,50.8158466834298],[-1.31193842321916,50.81387665175],[-1.31205977918257,50.8135923594112],[-1.31191188530398,50.813851077637],[-1.31150683479449,50.8134607269043],[-1.30744086373158,50.8192376733522],[-1.3071982719865,50.8191105363122],[-1.30858369298341,50.8148454678388],[-1.32779612288927,50.8029563141704],[-1.33225326620477,50.7976413287083],[-1.33418384508182,50.7953387651418],[-1.34530092771465,50.785376291159],[-1.35254465899792,50.7840052168139],[-1.35431476465195,50.7840996521811],[-1.35469489630763,50.7841199288005],[-1.38834171852129,50.7859099079882],[-1.4035166649674,50.783429379927],[-1.40738695376147,50.7852926571349],[-1.40052052768325,50.7843366301269],[-1.40872171757671,50.7866564238454],[-1.4050585181123,50.7913787243088],[-1.40788228442429,50.798049627938],[-1.4090043976988,50.8006999770733],[-1.41407717775816,50.8026563534093],[-1.41213932597076,50.8048695644862],[-1.42007071676618,50.8002997312803],[-1.41913978064879,50.8070647702691],[-1.42648516842019,50.8075715039221],[-1.42914271203759,50.8111258847745],[-1.43363730180274,50.8103478964208],[-1.43598402182996,50.8099415990117],[-1.43815496729156,50.8154393689608],[-1.44865489667803,50.8201377510072],[-1.45123020157255,50.8191570829918],[-1.44708843203064,50.8186267644427],[-1.44560904951305,50.8136018575282],[-1.43944344720225,50.8140436268187],[-1.43994200870571,50.8103356549442],[-1.43365539178804,50.8088485916559],[-1.42036434639748,50.8057031174892],[-1.42284487221729,50.7999565046242],[-1.41233384624114,50.8001026402433],[-1.41177698687587,50.7980694798636],[-1.40968829984566,50.7904418610205],[-1.41297158725193,50.7839505196354],[-1.39801800104047,50.7762815191866],[-1.39238464583862,50.7769293840684],[-1.39324235817169,50.7765951860702],[-1.39782971170793,50.77553829043],[-1.39787738618059,50.7755263007705],[-1.4015669424895,50.7739176672732],[-1.40149076399889,50.7739287914837],[-1.40165335699422,50.7738573056195],[-1.40116211075196,50.7739767824015],[-1.39924023367277,50.7742574031335],[-1.41875943982962,50.766645854822],[-1.42192283842149,50.7661158342865],[-1.43419033402159,50.7644992110379],[-1.46210060719231,50.7608155966438],[-1.46494423854685,50.764843920427],[-1.46749147281216,50.7597978681937],[-1.51378626707686,50.753230456842],[-1.53007461624294,50.757937714556],[-1.53534576800788,50.75946036263],[-1.53460469771106,50.7606868866763],[-1.53351362030499,50.7624925727845],[-1.53682655032701,50.7630918312697],[-1.53677524898031,50.7629206756907],[-1.5367673714787,50.762637986195],[-1.53674926616428,50.7619881879365],[-1.53666492514991,50.7589611094406],[-1.52756969797322,50.7532079728415],[-1.53166011739315,50.7487317208998],[-1.52586660501304,50.7494726872884],[-1.52592502725889,50.7445214988885],[-1.53065136131695,50.7424408476348],[-1.53732713542051,50.7451257463445],[-1.53523684296084,50.7418045672776],[-1.5411629470375,50.7399621004805],[-1.54135191494283,50.7399033419523],[-1.54111746013378,50.7399474962672],[-1.5343736420822,50.741217313672],[-1.53341830024103,50.7414006621013],[-1.53107393692561,50.7370180953137],[-1.54553614551933,50.7270107290004],[-1.55251560470508,50.7277248173069],[-1.55438335719048,50.7238068799077],[-1.55458712677326,50.7233793923661],[-1.56037866497127,50.7210982695117],[-1.56743309672146,50.7224795809156],[-1.56496841526405,50.7209689422284],[-1.57109798768622,50.7181858817618],[-1.57954323159501,50.7177228800433],[-1.55344344710241,50.7065983306179],[-1.55465092633221,50.7132299956582],[-1.55131103599474,50.710869574365],[-1.54853954899523,50.7081149323577],[-1.55113972576207,50.7061126428152],[-1.55825129710749,50.7075031585749],[-1.5820395989047,50.7182448113695],[-1.58291058104457,50.7186362095285],[-1.58369825434768,50.7189688554757],[-1.58670653780526,50.7196392903166],[-1.64043725099167,50.7320185396037],[-1.6426853037163,50.7322300987449],[-1.64714019568721,50.733265100123],[-1.65647758532321,50.7340271654425],[-1.65818794554133,50.7343330468439],[-1.69174813705308,50.7372826640369],[-1.69195857487848,50.7373011250745],[-1.68180634068559,50.7518203321322],[-1.7178499818704,50.7521353156201],[-1.74416882791262,50.7474554249424],[-1.74468463852198,50.7560431323419],[-1.73909131208523,50.7634968458017],[-1.7489824843132,50.7794901852214],[-1.7701172011759,50.7725488048189],[-1.76895611693602,50.7697671986989],[-1.77615394977428,50.7663439589251],[-1.78366022381617,50.7646312116302],[-1.78801175586255,50.7665239900372],[-1.79074869429312,50.7762129160002],[-1.78786834825065,50.7788546645202],[-1.79747419726987,50.7838601551265],[-1.80096518282228,50.7918846900856],[-1.805937052926,50.7920746546752],[-1.80089131602358,50.7942429131549],[-1.80471067195501,50.7957177047234],[-1.80149171704105,50.7996955734764],[-1.81212942765891,50.8064920749931],[-1.80295620873578,50.8134931192463],[-1.80735652089945,50.8162423224833],[-1.80182356954692,50.8208919040425],[-1.80373306477456,50.8299935546864],[-1.79608982618151,50.8303337943519],[-1.79070550802599,50.8363916337484],[-1.80245094512685,50.8428051413796],[-1.80003553305757,50.8483387003327],[-1.80587623736433,50.8526230161756],[-1.80711030382584,50.8633149985922],[-1.81279018936225,50.8645727936238],[-1.81483244831065,50.858701178513],[-1.82951847108943,50.8553185934132],[-1.85094384298876,50.8587249479746],[-1.85353303178602,50.8665157459556],[-1.84783230294009,50.8696864350203],[-1.84797725113795,50.8823391403741],[-1.84404344449728,50.8868293905579],[-1.84855551506549,50.8898873740695],[-1.83986969084465,50.8978900390494],[-1.82495331453071,50.8957706178776],[-1.81654170377701,50.903947722787],[-1.82040712817833,50.9121058962645],[-1.81075652462514,50.9271609661348],[-1.8262208209309,50.9268687867083],[-1.84183426322409,50.9316605963963],[-1.85418442997012,50.9275113686829],[-1.86272428488929,50.9197877262623],[-1.87370808825135,50.9172529384396],[-1.87880358477861,50.9243256607904],[-1.90918357212935,50.9453265924655],[-1.92084113395546,50.9614073400836],[-1.92988889011408,50.9677958343194],[-1.93922008694929,50.9696570585664],[-1.94482986161157,50.9757484322601],[-1.95546550523442,50.9782663173663],[-1.95682095768327,50.9898299189262],[-1.94993577339151,50.9823106148921],[-1.92787705336498,50.9976964114644],[-1.88674102554119,50.9995282206603],[-1.87448159369698,51.0063305873651],[-1.87398367901535,50.9844410622644],[-1.85338098010662,51.004678990268],[-1.83581318807285,51.0094221620556],[-1.81542167169788,50.9859226720779],[-1.80758337692642,50.9920460682329],[-1.80031411407656,50.9913947863236],[-1.75431983895312,50.9804475610111],[-1.75440161532507,50.9778920897175],[-1.71961752400923,50.9767790175122],[-1.68941378284881,50.9546959720155],[-1.66166003301531,50.9452779160145],[-1.64637699765787,50.9494648976436],[-1.63496506045519,50.9592421729521],[-1.62340097704731,50.954637315601],[-1.60292294631275,50.9785171317712],[-1.61441861779069,50.9794947781955],[-1.61964407398524,50.9829965455647],[-1.61895382888407,50.9873660442971],[-1.62519572025894,50.9903256551112],[-1.62888488363723,50.9990317815415],[-1.61723115200944,51.0041820787706],[-1.60607801570571,51.0018978367841],[-1.61493015613206,51.0066564299271],[-1.60908841515865,51.0098131426995],[-1.60501473250228,51.0070056209939],[-1.59752367874703,51.0080554301351],[-1.60536898579667,51.0172583997594],[-1.59939683295075,51.0237293682532],[-1.61945702081306,51.0330594771847],[-1.63237581135369,51.0327796974209],[-1.63496034844284,51.0408866300955],[-1.62773717620405,51.0781392624424],[-1.63731187057226,51.0921658774696],[-1.62695633969733,51.1028642004975],[-1.63093088275459,51.1111529588259],[-1.62625147307452,51.1173377639108],[-1.6405810971806,51.1253822054583],[-1.66297541753666,51.1271920230132],[-1.65404438646036,51.1562825610955],[-1.67236759276956,51.1785439426774],[-1.66883543863218,51.1907722996655],[-1.69409698966064,51.204043301937],[-1.68969474328125,51.2148276134391],[-1.6534963005587,51.2204676127786],[-1.63354063010464,51.2175159145213],[-1.61933538267959,51.2412178855629],[-1.61039323117231,51.2429796895521],[-1.60742312898351,51.252765389559],[-1.60072095185647,51.2507163999096],[-1.60018641720582,51.253524347516],[-1.57763630798082,51.2556301542192],[-1.5451608713159,51.2450986693369],[-1.53603477893693,51.2485291991742],[-1.52982241058346,51.2605139209971],[-1.53056974476514,51.2626167237084],[-1.54051268456011,51.2608335399899],[-1.53591653962971,51.2773039786103],[-1.54258374863058,51.281250684981],[-1.53451109245167,51.2870914194999],[-1.52280729598151,51.2870579700254],[-1.52414669520065,51.2931609598115],[-1.51951130706001,51.2959385637172],[-1.52802309727671,51.2998083491264],[-1.5252248964877,51.3070669105504],[-1.53356207955795,51.3162235434592],[-1.52750786273894,51.3384660653655],[-1.51628049186538,51.3393547250172],[-1.49829885036546,51.3293760766964],[-1.42969292064009,51.336529860385],[-1.44493586048871,51.348118236646],[-1.44410945359479,51.3549284130514],[-1.42843848071588,51.3566901458845],[-1.4175674109164,51.3706881186004],[-1.41106777198707,51.3728524789157],[-1.37786910095536,51.3677787809675],[-1.34960955516847,51.3671056526553],[-1.31861540541221,51.3729562271412],[-1.27530356555327,51.367230573444],[-1.26956941305583,51.37045906929],[-1.26218698920171,51.3683788724371],[-1.25738108281682,51.3721143143107],[-1.25113996030237,51.3720404708761],[-1.241578691186,51.3662214680455],[-1.22245466083497,51.3697534151022],[-1.2183086590465,51.3658628659261],[-1.20208299227447,51.366189717528],[-1.17689416381139,51.3573240404264],[-1.16962157048554,51.3607256361964],[-1.13858992668065,51.3571910730454],[-1.12476869624952,51.358100323921],[-1.12374440048734,51.3612568038301],[-1.11579095836051,51.3604661184565],[-1.11545718268512,51.3742144552387],[-1.08661925911966,51.3839155738907],[-1.07534696592835,51.3794958003882],[-1.07999088547641,51.3746357149571],[-1.07252019172607,51.3752831955732],[-1.06576705685659,51.3723270461646],[-1.05001598206376,51.358147957711],[-1.01112285500043,51.3591698524873],[-0.990170380531113,51.3632274455329],[-0.985864596875127,51.3627498241763],[-0.986740141479033,51.3598556219145],[-0.972364075945971,51.3599382505383],[-0.939153514613876,51.3631715230242],[-0.935989228448871,51.3663171064978],[-0.918302488112838,51.3649069980559],[-0.91514168263128,51.3607922328565],[-0.87785621517919,51.3525912685322],[-0.868102911525173,51.3547435548528],[-0.837349280304795,51.3528712067173],[-0.828124278642218,51.3528638727629],[-0.819049097445713,51.3488297840227],[-0.814080260448616,51.3415652357391],[-0.794225380623578,51.3410719736486],[-0.775466140498498,51.3319589187139],[-0.765157413335392,51.3249447066178],[-0.762312865333897,51.3174644172228],[-0.744167123384501,51.3092950811427],[-0.739015053336035,51.3004944014468],[-0.739348627528592,51.2940252124104],[-0.731212461936853,51.2813604746582],[-0.733706895495281,51.2601266889457],[-0.729325157956397,51.2561874611968],[-0.736103256831656,51.2487647071981],[-0.735786219273658,51.2376801410835],[-0.742017038675007,51.2311442165735],[-0.747603848152284,51.2305845163404],[-0.769659998951214,51.2364108159693],[-0.776090605614154,51.2419549452704],[-0.790084372755766,51.2424417990879],[-0.801740875518358,51.2390390173544],[-0.806134765318861,51.2447955598667],[-0.820778363558783,51.239270842079],[-0.820864791812368,51.2344774966827],[-0.827984860516832,51.2330936163527],[-0.828975213437301,51.2254553877498],[-0.848912202884834,51.2107156994112],[-0.845531620296078,51.2001342606949],[-0.825443256847548,51.1813564741173],[-0.834203798188026,51.1475805947456],[-0.828374875152493,51.1452655924085],[-0.81738824421686,51.1477507421547],[-0.805304768245888,51.1554003312699],[-0.798387209061887,51.1525185571027],[-0.791282891743652,51.1394130157651],[-0.780637793077471,51.1347605247208],[-0.782887894564562,51.1289471101557],[-0.769280756611089,51.1171423876676],[-0.745533406304071,51.1121883913041],[-0.744687326626678,51.1064107911726],[-0.749287688799077,51.1032475625697],[-0.759622193007822,51.1048660352678]]]]},"properties":{"FID":104,"SICBL26CD":"E38000266","SICBL26NM":"NHS Hampshire and Isle of Wight ICB - D9Y0V","ICB26CD":"E54000067","ICB26NM":"NHS Hampshire and Isle of Wight Integrated Care Board","BNG_E":445931,"BNG_N":135667,"LONG":-1.3,"LAT":51,"GlobalID":"67251477-8731-49f0-af56-f6e9b86d740b"}},{"type":"Feature","id":105,"geometry":{"type":"Polygon","coordinates":[[[-0.759238540024445,51.1032593454652],[-0.768913444876945,51.1032699915116],[-0.759622193007822,51.1048660352678],[-0.749287688799077,51.1032475625697],[-0.744687326626678,51.1064107911726],[-0.745533406304071,51.1121883913041],[-0.769280756611089,51.1171423876676],[-0.782887894564562,51.1289471101557],[-0.780637793077471,51.1347605247208],[-0.791282891743652,51.1394130157651],[-0.798387209061887,51.1525185571027],[-0.805304768245888,51.1554003312699],[-0.81738824421686,51.1477507421547],[-0.828374875152493,51.1452655924085],[-0.834203798188026,51.1475805947456],[-0.825443256847548,51.1813564741173],[-0.845531620296078,51.2001342606949],[-0.848912202884834,51.2107156994112],[-0.828975213437301,51.2254553877498],[-0.827984860516832,51.2330936163527],[-0.820864791812368,51.2344774966827],[-0.820778363558783,51.239270842079],[-0.806134765318861,51.2447955598667],[-0.801740875518358,51.2390390173544],[-0.790084372755766,51.2424417990879],[-0.776090605614154,51.2419549452704],[-0.769659998951214,51.2364108159693],[-0.747603848152284,51.2305845163404],[-0.742017038675007,51.2311442165735],[-0.735786219273658,51.2376801410835],[-0.736103256831656,51.2487647071981],[-0.729325157956397,51.2561874611968],[-0.733706895495281,51.2601266889457],[-0.731212461936853,51.2813604746582],[-0.739348627528592,51.2940252124104],[-0.739015053336035,51.3004944014468],[-0.744167123384501,51.3092950811427],[-0.762312865333897,51.3174644172228],[-0.765157413335392,51.3249447066178],[-0.775466140498498,51.3319589187139],[-0.758192785004771,51.3405680550195],[-0.759435284143037,51.3434698852176],[-0.731852839101598,51.3664314149344],[-0.655634853536553,51.3872100493524],[-0.616345122574571,51.3835395853817],[-0.623494111018474,51.3895432206269],[-0.614529215952698,51.397297028802],[-0.618368821014047,51.3990257801573],[-0.605154850151219,51.4173599892278],[-0.60512433466836,51.431312071229],[-0.594219590104534,51.4414680010164],[-0.579675473671615,51.4447473566579],[-0.571675341206492,51.4510076413147],[-0.555746712938269,51.4415402017094],[-0.550444759901599,51.44347286903],[-0.522764841887084,51.4353004597209],[-0.5245402599065,51.4398801470949],[-0.531436509262645,51.4417126884932],[-0.526732348666681,51.447509975225],[-0.540556494547021,51.4583393143063],[-0.535302260072138,51.4605115348408],[-0.529960181540063,51.4701681289643],[-0.509700539047286,51.4691768116944],[-0.493861341220373,51.4627222077904],[-0.458641641597762,51.4563150755366],[-0.461482482998679,51.4489926316401],[-0.457462999026104,51.4490897577597],[-0.456468389698221,51.4381068866601],[-0.446288388973112,51.4399966432714],[-0.447717027483506,51.4350031616438],[-0.439753933995337,51.4346187623791],[-0.439984840809729,51.4306264315269],[-0.429534671780236,51.4287980635633],[-0.419078798778299,51.4323595969497],[-0.405911631551396,51.4226653757356],[-0.391351446077587,51.4223319263526],[-0.386641754250475,51.4200808188274],[-0.389176693147851,51.4103195586185],[-0.379428634428417,51.4078338508753],[-0.35764607587838,51.411478724177],[-0.3405085015761,51.4030161228531],[-0.327817929434853,51.391837476483],[-0.317698624670097,51.3936667483024],[-0.315958752199988,51.3876317337108],[-0.313166006237262,51.3888317246076],[-0.310846945548792,51.3861859920793],[-0.307970712981062,51.3766641222382],[-0.316926122217939,51.3729166398645],[-0.319932987372726,51.3596303157137],[-0.330510124934462,51.3484195508404],[-0.32829103483121,51.3264621959136],[-0.319283575729621,51.3278099806528],[-0.305864441294182,51.335251311102],[-0.303881100989302,51.343250155398],[-0.284082423297188,51.3651432133107],[-0.261147224104049,51.3795989620622],[-0.246089038151651,51.3801891778075],[-0.245404680050315,51.3668449158055],[-0.237052958866911,51.3668997986274],[-0.226874279855897,51.362593601732],[-0.217777513194224,51.3456313941056],[-0.22920695641404,51.3358884511079],[-0.220940957104539,51.329862732405],[-0.215898432623055,51.3298609796795],[-0.213032035063121,51.3355413177295],[-0.19737286190631,51.3435930848216],[-0.181995915055745,51.3378517196684],[-0.172976733236182,51.3300234905243],[-0.163114800350353,51.330241414913],[-0.164172947751153,51.3260065904952],[-0.15644112104466,51.3213873684869],[-0.161880273316548,51.3196252689276],[-0.158331058072033,51.310985341269],[-0.154345575195858,51.3102512688007],[-0.155317820061808,51.3012745566015],[-0.13731323629181,51.300780659066],[-0.124292566634326,51.2867586579859],[-0.117774868472408,51.2870947443201],[-0.114822739171149,51.292433892806],[-0.0911677184221208,51.3014725170913],[-0.0888250914859412,51.3072185771502],[-0.0819316470621124,51.3106473213419],[-0.0847539357233074,51.3158844049934],[-0.0788694119998035,51.3197737601057],[-0.0710164828151732,51.3212327062701],[-0.0640866067684433,51.3185968298442],[-0.0513071353485482,51.3224479081576],[-0.0478685940206328,51.3252450019284],[-0.050260481778277,51.3326393314449],[-0.0419675905071055,51.3338102880997],[-0.0378924665047372,51.3387044422611],[-0.0220563973565896,51.3380995727393],[-0.014327761651326,51.3298052925357],[-0.00873497296617659,51.3339007792167],[0.00229479293732579,51.3291384597649],[0.00658264618446534,51.3156531150623],[0.0103486078270861,51.3161402939934],[0.00839098837065426,51.3103614724757],[0.0150095930795148,51.2917860897308],[0.0191005838915979,51.2916839740213],[0.0248389133705336,51.3021549523984],[0.0329093339437595,51.3075208931523],[0.0428183732526767,51.3011689481528],[0.0423977754721116,51.2926776335773],[0.048171240169277,51.2856526574961],[0.0454404287792333,51.2764452836307],[0.0582426390754045,51.2477783777259],[0.0530767962796117,51.2367572963052],[0.0438092659470434,51.2308877369685],[0.0411485791577794,51.2166241129867],[0.0335918716422839,51.2143367845603],[0.0384172100823954,51.1987693727164],[0.0477949095076412,51.1917728316949],[0.0451817856177221,51.1886509551248],[0.0526001073780843,51.1806248430931],[0.0461758444522384,51.1718311574168],[0.0512233148979558,51.1516841646599],[0.0547586079878152,51.1503110422557],[0.0500160931043779,51.1426499938124],[0.0273612478689735,51.1398504787979],[-0.00658889558814682,51.1375688424611],[-0.0183252061352613,51.1411927403071],[-0.02460104070425,51.1385794291523],[-0.041850498479448,51.1395773280423],[-0.0563257237877026,51.1367655622342],[-0.0632036774400726,51.1412575956602],[-0.0851694889826012,51.1427668848501],[-0.0936903003217341,51.1384264485306],[-0.117262336568945,51.1415998004149],[-0.13102464993145,51.1394831298534],[-0.137571386441354,51.1421595781661],[-0.133103649920837,51.1592125170473],[-0.16242740276194,51.1600732962286],[-0.177715336446863,51.1672990739635],[-0.186852314744283,51.161671559732],[-0.195921388786694,51.1623023218927],[-0.204109629316448,51.1557113295808],[-0.212142101857968,51.1554548533781],[-0.214234228140875,51.1484642106838],[-0.255167725909686,51.1441406381112],[-0.254613106646882,51.1390503275425],[-0.275290884590369,51.1303084751613],[-0.286389226160905,51.1304925029211],[-0.303836543522397,51.1243844454907],[-0.326426797847014,51.1258150881173],[-0.344329358537599,51.1189259615335],[-0.352804713191814,51.118301032968],[-0.358033293568593,51.1210302094846],[-0.38463097039625,51.1147412507516],[-0.391524830580325,51.1165108291473],[-0.400218473301333,51.1084196164578],[-0.419313272971492,51.1051755324018],[-0.437551806093938,51.0980984523183],[-0.442503587064906,51.0981278881804],[-0.438827260567719,51.1002974348581],[-0.441444212165469,51.1032971688456],[-0.444849692110999,51.0995927143343],[-0.488519780398929,51.0973405453014],[-0.503021139173386,51.0885551349367],[-0.523170882306629,51.0916067187054],[-0.526945332351442,51.0896056584034],[-0.52638809174613,51.091866762213],[-0.534979241839739,51.0935788928491],[-0.532618631668221,51.0860905820434],[-0.539198985925027,51.082026415433],[-0.577592487530972,51.0866537886671],[-0.601139243870067,51.0796996820063],[-0.629370869570661,51.0889927632915],[-0.696739580005098,51.0714937735356],[-0.706682341882737,51.0787609838146],[-0.723466661744655,51.0778229263738],[-0.735579077216076,51.0847014706398],[-0.753480553956879,51.0864557215448],[-0.758888390305733,51.090841479233],[-0.754314427768882,51.0958761223204],[-0.759238540024445,51.1032593454652]]]},"properties":{"FID":105,"SICBL26CD":"E38000267","SICBL26NM":"NHS Surrey and Sussex ICB - 92A","ICB26CD":"E54000069","ICB26NM":"NHS Surrey and Sussex Integrated Care Board","BNG_E":515966,"BNG_N":153408,"LONG":-0.34,"LAT":51,"GlobalID":"860f88c2-e507-4631-937d-eb6515a29b34"}},{"type":"Feature","id":106,"geometry":{"type":"Polygon","coordinates":[[[-0.490030808596132,51.4947351945503],[-0.499173886501693,51.4885695177079],[-0.509700539047286,51.4691768116944],[-0.529960181540063,51.4701681289643],[-0.535302260072138,51.4605115348408],[-0.540556494547021,51.4583393143063],[-0.526732348666681,51.447509975225],[-0.531436509262645,51.4417126884932],[-0.5245402599065,51.4398801470949],[-0.522764841887084,51.4353004597209],[-0.550444759901599,51.44347286903],[-0.555746712938269,51.4415402017094],[-0.571675341206492,51.4510076413147],[-0.579675473671615,51.4447473566579],[-0.594219590104534,51.4414680010164],[-0.60512433466836,51.431312071229],[-0.605154850151219,51.4173599892278],[-0.618368821014047,51.3990257801573],[-0.614529215952698,51.397297028802],[-0.623494111018474,51.3895432206269],[-0.616345122574571,51.3835395853817],[-0.655634853536553,51.3872100493524],[-0.731852839101598,51.3664314149344],[-0.759435284143037,51.3434698852176],[-0.758192785004771,51.3405680550195],[-0.775466140498498,51.3319589187139],[-0.794225380623578,51.3410719736486],[-0.814080260448616,51.3415652357391],[-0.819049097445713,51.3488297840227],[-0.828124278642218,51.3528638727629],[-0.837349280304795,51.3528712067173],[-0.826982115531689,51.3640160196795],[-0.813571194807834,51.370318480432],[-0.788840087934641,51.3717506816925],[-0.801521170301839,51.4053010787653],[-0.801972321418824,51.4090634656968],[-0.792505558358558,51.4088495937169],[-0.798516221275468,51.4186490810438],[-0.800019876669258,51.4411820932837],[-0.818085656205978,51.4431910095798],[-0.828291375292994,51.4620434647525],[-0.833754226198817,51.4640987212933],[-0.825199084656246,51.4655626817438],[-0.82178437115927,51.4726028754749],[-0.829375685566709,51.4870692256144],[-0.820939430565509,51.4971771209433],[-0.820441764332954,51.4949897834947],[-0.817066464853353,51.4964323167614],[-0.817404458770636,51.507297880068],[-0.824056391393711,51.5124794840273],[-0.836186137956162,51.5127504893391],[-0.853906991596747,51.526072877008],[-0.84628614578121,51.533664145646],[-0.842743746774494,51.5447585854224],[-0.837597351904272,51.5469873140409],[-0.828885914402031,51.545630020903],[-0.824150536804313,51.5504851263288],[-0.810515126306467,51.5526972988118],[-0.792963673267822,51.5513591197002],[-0.782516937345555,51.5561688661772],[-0.773709315461302,51.567173379889],[-0.757216496098661,51.5648446554172],[-0.728239380236583,51.5771271186237],[-0.718545580802644,51.577637023023],[-0.712497207313252,51.5726998703633],[-0.711675061685633,51.564667412289],[-0.705614278357882,51.5622366615773],[-0.701456376911447,51.5656795712373],[-0.696473990060736,51.5652039203051],[-0.691203522021327,51.5568178142025],[-0.703420771587397,51.5114711391919],[-0.686598539885152,51.5073902079231],[-0.678498561694713,51.4945644099754],[-0.666491879731901,51.4885453275429],[-0.651729245675838,51.4854835509792],[-0.646473004906573,51.4899920007105],[-0.63394475977573,51.4923910735865],[-0.644470877388992,51.4965175570791],[-0.643005546093809,51.5026731635267],[-0.653529686146486,51.5004490740151],[-0.653925066468721,51.5042351103024],[-0.659320055018714,51.504908493991],[-0.653017793318452,51.5107718804929],[-0.655006075578334,51.518808525896],[-0.66014728938779,51.5203240569847],[-0.659994625902302,51.5275431175472],[-0.644233704394699,51.5364780208903],[-0.630555532569449,51.5389071586513],[-0.619715597855242,51.5379272019681],[-0.619594493649183,51.5354578244293],[-0.596221660851308,51.5279298613936],[-0.58982604533391,51.5226743900752],[-0.580993011898848,51.5230749733782],[-0.576151816134668,51.533901291853],[-0.567201035848463,51.5329893742958],[-0.567900661292711,51.5302643244709],[-0.575094685712701,51.5292997988066],[-0.565018787852015,51.520677568154],[-0.568787171507128,51.5112514620743],[-0.526825513778834,51.5094034194205],[-0.532277212175123,51.4933561988993],[-0.490030808596132,51.4947351945503]]]},"properties":{"FID":106,"SICBL26CD":"E38000268","SICBL26NM":"NHS Thames Valley ICB - U2G6B","ICB26CD":"E54000070","ICB26NM":"NHS Thames Valley Integrated Care Board","BNG_E":491795,"BNG_N":173620,"LONG":-0.68026,"LAT":51.45413,"GlobalID":"1143573c-56d2-4de5-861d-005a09feba73"}}]}